            0.000000  -219180.970548 -1933789.501586  -305221.367984
            0.125000  -219181.183416 -1933790.321025  -305220.009416
            0.218750  -219181.179582 -1933790.490508  -305219.420976
            0.312500  -219181.400117 -1933790.588873  -305218.916805
            0.406250  -219181.396284 -1933790.949410  -305218.489607
            0.500000  -219181.616818 -1933791.047775  -305217.985435
            0.625000  -219181.396284 -1933790.949410  -305218.489607
            0.718750  -219181.396284 -1933790.758356  -305218.328366
            0.812500  -219181.400117 -1933790.397819  -305218.755564
            0.906250  -219181.396284 -1933790.758356  -305218.328366
            1.000000  -219181.400117 -1933790.397819  -305218.755564
            1.125000  -219181.400117 -1933790.397819  -305218.755564
            1.218750  -219181.624485 -1933790.135648  -305218.678591
            1.312500  -219181.400117 -1933790.397819  -305218.755564
            1.406250  -219181.179582 -1933790.299454  -305219.259736
            1.500000  -219181.179582 -1933790.299454  -305219.259736
            1.625000  -219181.400117 -1933790.588873  -305218.916805
            1.718750  -219181.179582 -1933790.299454  -305219.259736
            1.812500  -219181.179582 -1933790.108401  -305219.098495
            1.906250  -219181.179582 -1933790.299454  -305219.259736
            2.000000  -219181.403951 -1933790.228336  -305219.344004
            2.125000  -219181.403951 -1933790.037283  -305219.182763
            2.218750  -219181.403951 -1933790.037283  -305219.182763
            2.312500  -219181.403951 -1933790.037283  -305219.182763
            2.406250  -219181.400117 -1933790.588873  -305218.916805
            2.500000  -219181.179582 -1933790.299454  -305219.259736
            2.625000  -219181.179582 -1933790.299454  -305219.259736
            2.718750  -219181.400117 -1933790.588873  -305218.916805
            2.812500  -219181.400117 -1933790.588873  -305218.916805
            2.906250  -219181.400117 -1933790.588873  -305218.916805
            3.000000  -219181.175749 -1933790.659991  -305218.832537
            3.125000  -219181.175749 -1933790.659991  -305218.832537
            3.218750  -219181.396284 -1933790.949410  -305218.489607
            3.312500  -219181.396284 -1933790.949410  -305218.489607
            3.406250  -219180.951381 -1933790.731110  -305218.748269
            3.500000  -219181.175749 -1933790.659991  -305218.832537
            3.625000  -219181.175749 -1933790.659991  -305218.832537
            3.718750  -219180.951381 -1933790.922163  -305218.909510
            3.812500  -219180.951381 -1933790.731110  -305218.748269
            3.906250  -219180.951381 -1933790.731110  -305218.748269
            4.000000  -219180.951381 -1933790.731110  -305218.748269
            4.125000  -219180.951381 -1933790.922163  -305218.909510
            4.218750  -219180.955214 -1933790.370573  -305219.175468
            4.312500  -219180.955214 -1933790.370573  -305219.175468
            4.406250  -219179.445973 -1933785.672974  -305225.904491
            4.500000  -219179.445973 -1933785.672974  -305225.904491
            4.625000  -219179.670341 -1933785.410802  -305225.827518
            4.718750  -219179.670341 -1933785.410802  -305225.827518
            4.812500  -219179.670341 -1933785.410802  -305225.827518
            4.906250  -219179.670341 -1933785.410802  -305225.827518
            5.000000  -219179.670341 -1933785.410802  -305225.827518
            5.125000  -219179.445973 -1933785.481920  -305225.743250
            5.218750  -219179.449807 -1933785.312437  -305226.331690
            5.312500  -219179.449807 -1933785.312437  -305226.331690
            5.406250  -219179.449807 -1933785.312437  -305226.331690
            5.500000  -219179.670341 -1933785.410802  -305225.827518
            5.625000  -219179.670341 -1933785.410802  -305225.827518
            5.718750  -219179.670341 -1933785.410802  -305225.827518
            5.812500  -219179.670341 -1933785.410802  -305225.827518
            5.906250  -219179.670341 -1933785.410802  -305225.827518
            6.000000  -219179.674175 -1933785.050265  -305226.254717
            6.125000  -219179.894710 -1933785.148630  -305225.750545
            6.218750  -219179.894710 -1933785.148630  -305225.750545
            6.312500  -219179.894710 -1933785.148630  -305225.750545
            6.406250  -219179.674175 -1933784.859212  -305226.093476
            6.500000  -219179.894710 -1933785.148630  -305225.750545
            6.625000  -219179.894710 -1933785.148630  -305225.750545
            6.718750  -219179.894710 -1933785.148630  -305225.750545
            6.812500  -219179.894710 -1933785.148630  -305225.750545
            6.906250  -219179.894710 -1933785.148630  -305225.750545
            7.000000  -219179.894710 -1933785.148630  -305225.750545
            7.125000  -219180.115244 -1933785.246995  -305225.246374
            7.218750  -219180.115244 -1933785.246995  -305225.246374
            7.312500  -219180.115244 -1933785.246995  -305225.246374
            7.406250  -219180.115244 -1933785.246995  -305225.246374
            7.500000  -219180.115244 -1933785.246995  -305225.246374
            7.625000  -219180.115244 -1933785.246995  -305225.246374
            7.718750  -219180.115244 -1933785.246995  -305225.246374
            7.812500  -219180.115244 -1933785.246995  -305225.246374
            7.906250  -219179.670341 -1933785.219748  -305225.666277
            8.000000  -219179.670341 -1933785.410802  -305225.827518
            8.125000  -219179.670341 -1933785.410802  -305225.827518
            8.218750  -219179.670341 -1933785.410802  -305225.827518
            8.312500  -219179.449807 -1933785.312437  -305226.331690
            8.406250  -219179.449807 -1933785.312437  -305226.331690
            8.500000  -219179.449807 -1933785.312437  -305226.331690
            8.625000  -219179.670341 -1933785.410802  -305225.827518
            8.718750  -219179.445973 -1933785.672974  -305225.904491
            8.812500  -219179.445973 -1933785.672974  -305225.904491
            8.906250  -219179.445973 -1933785.672974  -305225.904491
            9.000000  -219179.221605 -1933785.744092  -305225.820223
            9.125000  -219179.445973 -1933785.672974  -305225.904491
            9.218750  -219179.445973 -1933785.672974  -305225.904491
            9.312500  -219179.445973 -1933785.672974  -305225.904491
            9.406250  -219179.442140 -1933786.033510  -305225.477293
            9.500000  -219179.666508 -1933785.962392  -305225.561560
            9.625000  -219179.442140 -1933786.033510  -305225.477293
            9.718750  -219179.442140 -1933786.033510  -305225.477293
            9.812500  -219179.445973 -1933785.672974  -305225.904491
            9.906250  -219179.445973 -1933785.672974  -305225.904491
           10.000000  -219179.221605 -1933785.744092  -305225.820223
           10.125000  -219179.666508 -1933785.962392  -305225.561560
           10.218750  -219179.662674 -1933786.131875  -305224.973121
           10.312500  -219179.442140 -1933785.842457  -305225.316052
           10.406250  -219179.666508 -1933785.771339  -305225.400320
           10.500000  -219179.666508 -1933785.771339  -305225.400320
           10.625000  -219179.666508 -1933785.771339  -305225.400320
           10.718750  -219179.666508 -1933785.580285  -305225.239079
           10.812500  -219179.890876 -1933785.509167  -305225.323347
           10.906250  -219179.445973 -1933785.481920  -305225.743250
           11.000000  -219179.445973 -1933785.481920  -305225.743250
           11.125000  -219179.445973 -1933785.481920  -305225.743250
           11.218750  -219179.445973 -1933785.481920  -305225.743250
           11.312500  -219179.221605 -1933785.744092  -305225.820223
           11.406250  -219179.445973 -1933785.672974  -305225.904491
           11.500000  -219179.666508 -1933785.771339  -305225.400320
           11.625000  -219179.442140 -1933785.842457  -305225.316052
           11.718750  -219179.666508 -1933785.580285  -305225.239079
           11.812500  -219179.887043 -1933785.869703  -305224.896148
           11.906250  -219179.887043 -1933785.869703  -305224.896148
           12.000000  -219179.887043 -1933785.869703  -305224.896148
           12.125000  -219179.887043 -1933785.869703  -305224.896148
           12.218750  -219179.887043 -1933785.678650  -305224.734908
           12.312500  -219180.107577 -1933785.968068  -305224.391977
           12.406250  -219179.883209 -1933786.230240  -305224.468950
           12.500000  -219179.883209 -1933786.039187  -305224.307709
           12.625000  -219180.107577 -1933785.968068  -305224.391977
           12.718750  -219182.932359 -1933792.167984  -305213.944769
           12.812500  -219180.667698 -1933821.614006  -305190.682877
           12.906250  -219180.663865 -1933822.165596  -305190.416919
           13.000000  -219180.435663 -1933822.597251  -305189.905453
           13.125000  -219180.652364 -1933823.056153  -305188.974083
           13.218750  -219180.872899 -1933823.345571  -305188.631152
           13.312500  -219180.869065 -1933823.706108  -305188.203954
           13.406250  -219180.865232 -1933824.066645  -305187.776755
           13.500000  -219180.424162 -1933823.678861  -305188.623858
           13.625000  -219179.986926 -1933823.121595  -305190.059399
           13.718750  -219179.549691 -1933822.182221  -305191.172459
           13.812500  -219179.557358 -1933821.652201  -305192.188096
           13.906250  -219179.561191 -1933821.291664  -305192.615295
           14.000000  -219180.006094 -1933821.127857  -305192.034151
           14.125000  -219180.006094 -1933820.936804  -305191.872910
           14.218750  -219179.344490 -1933820.450656  -305193.224183
           14.312500  -219179.568858 -1933820.379537  -305193.308451
           14.406250  -219179.127789 -1933819.800701  -305193.994312
           14.500000  -219179.131622 -1933819.631217  -305194.582752
           14.625000  -219178.911088 -1933819.341799  -305194.925682
           14.718750  -219178.914921 -1933818.790209  -305195.191640
           14.812500  -219178.477685 -1933818.041889  -305196.465941
           14.906250  -219178.481519 -1933817.681352  -305196.893139
           15.000000  -219178.485352 -1933817.320815  -305197.320338
           15.125000  -219178.489186 -1933816.960278  -305197.747536
           15.218750  -219178.051950 -1933816.211958  -305199.021837
           15.312500  -219178.055784 -1933815.851421  -305199.449035
           15.406250  -219178.059617 -1933815.490885  -305199.876234
           15.500000  -219166.553477 -1933811.879687  -305220.047513
           15.625000  -219167.002214 -1933811.546397  -305220.054807
           15.718750  -219167.006047 -1933810.994807  -305220.320765
           15.812500  -219167.675319 -1933810.759882  -305219.823889
           15.906250  -219167.679152 -1933810.208292  -305220.089847
           16.000000  -219167.903520 -1933809.946120  -305220.012874
           16.125000  -219168.127889 -1933809.492894  -305219.774660
           16.218750  -219169.017694 -1933809.547388  -305218.934853
           16.312500  -219168.797160 -1933809.257969  -305219.277784
           16.406250  -219169.021528 -1933808.995797  -305219.200811
           16.500000  -219169.025362 -1933808.635261  -305219.628009
           16.625000  -219169.249730 -1933808.373089  -305219.551036
           16.718750  -219169.915167 -1933808.307647  -305218.465721
           16.812500  -219170.804973 -1933807.980033  -305217.303432
           16.906250  -219171.249876 -1933808.007280  -305216.883529
           17.000000  -219171.694779 -1933807.843473  -305216.302384
           17.125000  -219171.253710 -1933807.646743  -305217.310727
           17.218750  -219170.812640 -1933807.258960  -305218.157829
           17.312500  -219174.135995 -1933807.674394  -305212.626534
           17.406250  -219173.694926 -1933807.286610  -305213.473636
           17.500000  -219173.478225 -1933806.827709  -305214.405006
           17.625000  -219173.702593 -1933806.756590  -305214.489273
           17.718750  -219173.482058 -1933806.276118  -305214.670963
           17.812500  -219173.706426 -1933806.205000  -305214.755231
           17.906250  -219173.710260 -1933805.653410  -305215.021189
           18.000000  -219172.162683 -1933805.134338  -305217.961949
           18.125000  -219172.828121 -1933805.259950  -305217.037875
           18.218750  -219173.938462 -1933805.221755  -305215.532655
           18.312500  -219173.717927 -1933804.932336  -305215.875586
           18.406250  -219175.593378 -1933793.735262  -305222.941045
           18.500000  -219175.593378 -1933793.926316  -305223.102286
           18.625000  -219176.479350 -1933794.150292  -305221.674040
           18.718750  -219177.144788 -1933794.084850  -305220.588724
           18.812500  -219175.817746 -1933793.473090  -305222.864072
           18.906250  -219176.262649 -1933793.500337  -305222.444169
           19.000000  -219176.928086 -1933793.434895  -305221.358853
           19.125000  -219178.479496 -1933793.784483  -305219.006532
           19.218750  -219179.365469 -1933793.817406  -305217.417045
           19.312500  -219179.806538 -1933794.014136  -305216.408702
           19.406250  -219178.258962 -1933793.686118  -305219.510703
           19.500000  -219178.258962 -1933793.495064  -305219.349463
           19.625000  -219179.365469 -1933794.008459  -305217.578286
           19.718750  -219179.586003 -1933793.915771  -305216.912874
           19.812500  -219180.916879 -1933794.166994  -305215.064724
           19.906250  -219179.810372 -1933793.653599  -305216.835901
           20.000000  -219180.696344 -1933793.877575  -305215.407654
           20.125000  -219180.475809 -1933793.779210  -305215.911826
           20.218750  -219180.696344 -1933793.877575  -305215.407654
           20.312500  -219181.582316 -1933794.101552  -305213.979408
           20.406250  -219181.357948 -1933794.172670  -305213.895140
           20.500000  -219180.475809 -1933793.779210  -305215.911826
           20.625000  -219181.361782 -1933793.812133  -305214.322339
           20.718750  -219182.023386 -1933794.107228  -305212.809825
           20.812500  -219181.361782 -1933794.003187  -305214.483579
           20.906250  -219179.589837 -1933793.364181  -305217.178831
           21.000000  -219180.034740 -1933793.582481  -305216.920169
           21.125000  -219179.814205 -1933793.293062  -305217.263099
           21.218750  -219179.814205 -1933793.293062  -305217.263099
           21.312500  -219180.034740 -1933793.391427  -305216.758928
           21.406250  -219179.814205 -1933793.293062  -305217.263099
           21.500000  -219179.814205 -1933793.293062  -305217.263099
           21.625000  -219179.814205 -1933793.293062  -305217.263099
           21.718750  -219179.814205 -1933793.293062  -305217.263099
           21.812500  -219179.814205 -1933793.293062  -305217.263099
           21.906250  -219180.034740 -1933793.391427  -305216.758928
           22.000000  -219179.369302 -1933793.265816  -305217.683003
           22.125000  -219179.148768 -1933793.167451  -305218.187174
           22.218750  -219178.928233 -1933793.069086  -305218.691346
           22.312500  -219178.707698 -1933792.970721  -305219.195517
           22.406250  -219178.707698 -1933792.779667  -305219.034276
           22.500000  -219178.487163 -1933792.872356  -305219.699688
           22.625000  -219178.266629 -1933792.582937  -305220.042619
           22.718750  -219178.266629 -1933792.582937  -305220.042619
           22.812500  -219178.266629 -1933792.582937  -305220.042619
           22.906250  -219178.711532 -1933792.419131  -305219.461475
           23.000000  -219178.711532 -1933792.610184  -305219.622715
           23.125000  -219197.970888 -1933796.992484  -305186.133947
           23.218750  -219197.529819 -1933796.795754  -305187.142289
           23.312500  -219197.529819 -1933796.986807  -305187.303530
           23.406250  -219197.529819 -1933796.795754  -305187.142289
           23.500000  -219197.974722 -1933796.823000  -305186.722386
           23.625000  -219197.974722 -1933796.631947  -305186.561145
           23.718750  -219197.974722 -1933796.631947  -305186.561145
           23.812500  -219197.974722 -1933796.631947  -305186.561145
           23.906250  -219197.754187 -1933796.533582  -305187.065316
           24.000000  -219197.533652 -1933796.435217  -305187.569488
           24.125000  -219197.313118 -1933796.145799  -305187.912418
           24.218750  -219197.092583 -1933796.238487  -305188.577831
           24.312500  -219196.872048 -1933795.949069  -305188.920761
           24.406250  -219196.651514 -1933796.041757  -305189.586173
           24.500000  -219195.986076 -1933795.725092  -305190.349008
           24.625000  -219195.986076 -1933795.916146  -305190.510248
           24.718750  -219195.545007 -1933795.528362  -305191.357350
           24.812500  -219195.545007 -1933795.528362  -305191.357350
           24.906250  -219195.324472 -1933795.429998  -305191.861522
           25.000000  -219195.103937 -1933795.331633  -305192.365693
           25.125000  -219194.883402 -1933795.233268  -305192.869864
           25.218750  -219194.659034 -1933795.304386  -305192.785597
           25.312500  -219194.438499 -1933795.206021  -305193.289768
           25.406250  -219194.217965 -1933795.107656  -305193.793939
           25.500000  -219193.997430 -1933795.009291  -305194.298111
           25.625000  -219193.997430 -1933795.009291  -305194.298111
           25.718750  -219193.776895 -1933794.910926  -305194.802282
           25.812500  -219193.776895 -1933794.910926  -305194.802282
           25.906250  -219193.556361 -1933794.812561  -305195.306454
           26.000000  -219193.335826 -1933794.523143  -305195.649384
           26.125000  -219193.335826 -1933794.714196  -305195.810625
           26.218750  -219193.111458 -1933794.785315  -305195.726357
           26.312500  -219193.335826 -1933794.714196  -305195.810625
           26.406250  -219193.335826 -1933794.714196  -305195.810625
           26.500000  -219193.115291 -1933794.424778  -305196.153556
           26.625000  -219193.115291 -1933794.424778  -305196.153556
           26.718750  -219193.115291 -1933794.424778  -305196.153556
           26.812500  -219193.115291 -1933794.424778  -305196.153556
           26.906250  -219193.115291 -1933794.424778  -305196.153556
           27.000000  -219193.115291 -1933794.424778  -305196.153556
           27.125000  -219193.115291 -1933794.615831  -305196.314796
           27.218750  -219192.894757 -1933794.326413  -305196.657727
           27.312500  -219193.115291 -1933794.424778  -305196.153556
           27.406250  -219193.115291 -1933794.424778  -305196.153556
           27.500000  -219193.115291 -1933794.424778  -305196.153556
           27.625000  -219193.115291 -1933794.424778  -305196.153556
           27.718750  -219193.339659 -1933794.353660  -305196.237823
           27.812500  -219193.339659 -1933794.353660  -305196.237823
           27.906250  -219194.001264 -1933794.648754  -305194.725309
           28.000000  -219194.442333 -1933794.845484  -305193.716967
           28.125000  -219195.107771 -1933795.162149  -305192.954132
           28.218750  -219195.107771 -1933795.162149  -305192.954132
           28.312500  -219195.107771 -1933795.162149  -305192.954132
           28.406250  -219195.107771 -1933795.162149  -305192.954132
           28.500000  -219195.107771 -1933795.162149  -305192.954132
           28.625000  -219194.887236 -1933795.063784  -305193.458304
           28.718750  -219194.887236 -1933795.063784  -305193.458304
           28.812500  -219194.666701 -1933794.774366  -305193.801234
           28.906250  -219194.446167 -1933794.676001  -305194.305406
           29.000000  -219194.446167 -1933794.867055  -305194.466646
           29.125000  -219194.225632 -1933794.577636  -305194.809577
           29.218750  -219193.780729 -1933794.550390  -305195.229481
           29.312500  -219193.560194 -1933794.260971  -305195.572411
           29.406250  -219193.339659 -1933794.162606  -305196.076583
           29.500000  -219193.119125 -1933794.064241  -305196.580754
           29.625000  -219192.898590 -1933793.965876  -305197.084925
           29.718750  -219192.678055 -1933793.867511  -305197.589097
           29.812500  -219192.457521 -1933793.578093  -305197.932028
           29.906250  -219192.236986 -1933793.479728  -305198.436199
           30.000000  -219192.236986 -1933793.479728  -305198.436199
           30.125000  -219192.016451 -1933793.381363  -305198.940370
           30.218750  -219191.795917 -1933793.091945  -305199.283301
           30.312500  -219191.571548 -1933793.354117  -305199.360274
           30.406250  -219191.575382 -1933792.993580  -305199.787472
           30.500000  -219191.351014 -1933793.255752  -305199.864445
           30.625000  -219191.130479 -1933792.966333  -305200.207376
           30.718750  -219190.909944 -1933792.676915  -305200.550307
           30.812500  -219190.909944 -1933792.867968  -305200.711547
           30.906250  -219190.689410 -1933792.578550  -305201.054478
           31.000000  -219190.689410 -1933792.769603  -305201.215719
           31.125000  -219190.468875 -1933792.480185  -305201.558649
           31.218750  -219190.468875 -1933792.480185  -305201.558649
           31.312500  -219190.248340 -1933792.381820  -305202.062821
           31.406250  -219190.248340 -1933792.381820  -305202.062821
           31.500000  -219190.248340 -1933792.381820  -305202.062821
           31.625000  -219190.027805 -1933792.283455  -305202.566992
           31.718750  -219189.803437 -1933792.354573  -305202.482724
           31.812500  -219189.582902 -1933792.256208  -305202.986896
           31.906250  -219189.582902 -1933792.256208  -305202.986896
           32.000000  -219189.582902 -1933792.256208  -305202.986896
           32.125000  -219189.362368 -1933791.966790  -305203.329826
           32.218750  -219189.362368 -1933792.157844  -305203.491067
           32.312500  -219189.362368 -1933792.157844  -305203.491067
           32.406250  -219189.362368 -1933792.157844  -305203.491067
           32.500000  -219189.141833 -1933791.868425  -305203.833998
           32.625000  -219189.141833 -1933791.868425  -305203.833998
           32.718750  -219189.141833 -1933792.059479  -305203.995238
           32.812500  -219189.141833 -1933792.059479  -305203.995238
           32.906250  -219188.921298 -1933791.770060  -305204.338169
           33.000000  -219188.921298 -1933791.770060  -305204.338169
           33.125000  -219188.921298 -1933791.770060  -305204.338169
           33.218750  -219188.921298 -1933791.961114  -305204.499410
           33.312500  -219188.700764 -1933791.480642  -305204.681100
           33.406250  -219188.700764 -1933791.671695  -305204.842340
           33.500000  -219188.700764 -1933791.671695  -305204.842340
           33.625000  -219188.700764 -1933791.671695  -305204.842340
           33.718750  -219188.700764 -1933791.671695  -305204.842340
           33.812500  -219188.480229 -1933791.382277  -305205.185271
           33.906250  -219188.700764 -1933791.671695  -305204.842340
           34.000000  -219188.480229 -1933791.382277  -305205.185271
           34.125000  -219188.480229 -1933791.382277  -305205.185271
           34.218750  -219188.480229 -1933791.382277  -305205.185271
           34.312500  -219188.255861 -1933791.644449  -305205.262244
           34.406250  -219188.480229 -1933791.573330  -305205.346512
           34.500000  -219188.255861 -1933791.644449  -305205.262244
           34.625000  -219188.255861 -1933791.644449  -305205.262244
           34.718750  -219188.035326 -1933791.355030  -305205.605175
           34.812500  -219188.259694 -1933791.283912  -305205.689442
           34.906250  -219188.035326 -1933791.355030  -305205.605175
           35.000000  -219188.035326 -1933791.355030  -305205.605175
           35.125000  -219188.035326 -1933791.355030  -305205.605175
           35.218750  -219188.035326 -1933791.355030  -305205.605175
           35.312500  -219188.035326 -1933791.355030  -305205.605175
           35.406250  -219188.035326 -1933791.355030  -305205.605175
           35.500000  -219187.814791 -1933791.256665  -305206.109346
           35.625000  -219187.814791 -1933791.256665  -305206.109346
           35.718750  -219187.814791 -1933791.256665  -305206.109346
           35.812500  -219187.814791 -1933791.256665  -305206.109346
           35.906250  -219187.814791 -1933791.256665  -305206.109346
           36.000000  -219187.814791 -1933791.256665  -305206.109346
           36.125000  -219187.814791 -1933791.256665  -305206.109346
           36.218750  -219187.814791 -1933791.256665  -305206.109346
           36.312500  -219187.594257 -1933790.967247  -305206.452277
           36.406250  -219187.594257 -1933790.967247  -305206.452277
           36.500000  -219187.594257 -1933791.158300  -305206.613517
           36.625000  -219187.594257 -1933791.158300  -305206.613517
           36.718750  -219187.594257 -1933791.158300  -305206.613517
           36.812500  -219187.594257 -1933791.158300  -305206.613517
           36.906250  -219187.594257 -1933791.158300  -305206.613517
           37.000000  -219187.594257 -1933791.158300  -305206.613517
           37.125000  -219187.373722 -1933790.868882  -305206.956448
           37.218750  -219187.149354 -1933790.940000  -305206.872180
           37.312500  -219187.149354 -1933790.940000  -305206.872180
           37.406250  -219187.149354 -1933790.940000  -305206.872180
           37.500000  -219187.149354 -1933790.940000  -305206.872180
           37.625000  -219187.149354 -1933790.940000  -305206.872180
           37.718750  -219187.149354 -1933791.131054  -305207.033421
           37.812500  -219187.149354 -1933791.131054  -305207.033421
           37.906250  -219187.149354 -1933791.131054  -305207.033421
           38.000000  -219187.149354 -1933791.131054  -305207.033421
           38.125000  -219187.149354 -1933791.131054  -305207.033421
           38.218750  -219187.149354 -1933791.131054  -305207.033421
           38.312500  -219186.928819 -1933790.841635  -305207.376352
           38.406250  -219186.928819 -1933790.841635  -305207.376352
           38.500000  -219186.928819 -1933790.841635  -305207.376352
           38.625000  -219186.928819 -1933790.841635  -305207.376352
           38.718750  -219186.928819 -1933790.841635  -305207.376352
           38.812500  -219186.928819 -1933790.841635  -305207.376352
           38.906250  -219186.928819 -1933790.841635  -305207.376352
           39.000000  -219186.928819 -1933790.841635  -305207.376352
           39.125000  -219186.928819 -1933790.841635  -305207.376352
           39.218750  -219186.928819 -1933790.841635  -305207.376352
           39.312500  -219186.928819 -1933790.841635  -305207.376352
           39.406250  -219186.928819 -1933791.032689  -305207.537592
           39.500000  -219186.928819 -1933791.032689  -305207.537592
           39.625000  -219186.928819 -1933791.032689  -305207.537592
           39.718750  -219186.928819 -1933791.032689  -305207.537592
           39.812500  -219186.928819 -1933791.032689  -305207.537592
           39.906250  -219186.483916 -1933790.814389  -305207.796255
           40.000000  -219186.708284 -1933790.743270  -305207.880523
           40.125000  -219186.483916 -1933790.814389  -305207.796255
           40.218750  -219186.483916 -1933790.814389  -305207.796255
           40.312500  -219186.483916 -1933790.814389  -305207.796255
           40.406250  -219186.483916 -1933790.814389  -305207.796255
           40.500000  -219186.483916 -1933790.814389  -305207.796255
           40.625000  -219186.483916 -1933790.814389  -305207.796255
           40.718750  -219186.483916 -1933790.814389  -305207.796255
           40.812500  -219186.483916 -1933790.814389  -305207.796255
           40.906250  -219186.483916 -1933790.814389  -305207.796255
           41.000000  -219186.483916 -1933790.814389  -305207.796255
           41.125000  -219186.483916 -1933790.814389  -305207.796255
           41.218750  -219186.483916 -1933790.814389  -305207.796255
           41.312500  -219186.483916 -1933791.005442  -305207.957496
           41.406250  -219186.483916 -1933790.814389  -305207.796255
           41.500000  -219186.483916 -1933791.005442  -305207.957496
           41.625000  -219186.483916 -1933791.005442  -305207.957496
           41.718750  -219186.263381 -1933790.716024  -305208.300426
           41.812500  -219186.263381 -1933790.716024  -305208.300426
           41.906250  -219186.263381 -1933790.716024  -305208.300426
           42.000000  -219186.263381 -1933790.716024  -305208.300426
           42.125000  -219186.263381 -1933790.716024  -305208.300426
           42.218750  -219186.263381 -1933790.716024  -305208.300426
           42.312500  -219186.263381 -1933790.716024  -305208.300426
           42.406250  -219186.263381 -1933790.716024  -305208.300426
           42.500000  -219186.263381 -1933790.716024  -305208.300426
           42.625000  -219186.263381 -1933790.716024  -305208.300426
           42.718750  -219186.263381 -1933790.716024  -305208.300426
           42.812500  -219186.263381 -1933790.716024  -305208.300426
           42.906250  -219186.263381 -1933790.716024  -305208.300426
           43.000000  -219186.263381 -1933790.716024  -305208.300426
           43.125000  -219186.263381 -1933790.716024  -305208.300426
           43.218750  -219186.263381 -1933790.716024  -305208.300426
           43.312500  -219186.039013 -1933790.787142  -305208.216159
           43.406250  -219186.039013 -1933790.787142  -305208.216159
           43.500000  -219186.039013 -1933790.787142  -305208.216159
           43.625000  -219186.039013 -1933790.787142  -305208.216159
           43.718750  -219186.039013 -1933790.787142  -305208.216159
           43.812500  -219186.039013 -1933790.787142  -305208.216159
           43.906250  -219186.039013 -1933790.978196  -305208.377399
           44.000000  -219185.818478 -1933790.688777  -305208.720330
           44.125000  -219185.818478 -1933790.688777  -305208.720330
           44.218750  -219186.039013 -1933790.787142  -305208.216159
           44.312500  -219185.818478 -1933790.688777  -305208.720330
           44.406250  -219185.818478 -1933790.688777  -305208.720330
           44.500000  -219185.818478 -1933790.688777  -305208.720330
           44.625000  -219185.818478 -1933790.688777  -305208.720330
           44.718750  -219185.818478 -1933790.688777  -305208.720330
           44.812500  -219185.818478 -1933790.688777  -305208.720330
           44.906250  -219185.818478 -1933790.688777  -305208.720330
           45.000000  -219185.818478 -1933790.688777  -305208.720330
           45.125000  -219185.818478 -1933790.688777  -305208.720330
           45.218750  -219185.818478 -1933790.688777  -305208.720330
           45.312500  -219185.818478 -1933790.688777  -305208.720330
           45.406250  -219185.818478 -1933790.688777  -305208.720330
           45.500000  -219185.818478 -1933790.688777  -305208.720330
           45.625000  -219185.818478 -1933790.688777  -305208.720330
           45.718750  -219185.818478 -1933790.688777  -305208.720330
           45.812500  -219185.818478 -1933790.688777  -305208.720330
           45.906250  -219185.818478 -1933790.688777  -305208.720330
           46.000000  -219185.818478 -1933790.688777  -305208.720330
           46.125000  -219185.818478 -1933790.688777  -305208.720330
           46.218750  -219185.818478 -1933790.688777  -305208.720330
           46.312500  -219185.818478 -1933790.688777  -305208.720330
           46.406250  -219185.818478 -1933790.688777  -305208.720330
           46.500000  -219185.818478 -1933790.688777  -305208.720330
           46.625000  -219185.818478 -1933790.688777  -305208.720330
           46.718750  -219185.818478 -1933790.688777  -305208.720330
           46.812500  -219185.818478 -1933790.688777  -305208.720330
           46.906250  -219185.818478 -1933790.688777  -305208.720330
           47.000000  -219185.818478 -1933790.688777  -305208.720330
           47.125000  -219185.818478 -1933790.688777  -305208.720330
           47.218750  -219185.818478 -1933790.688777  -305208.720330
           47.312500  -219185.818478 -1933790.688777  -305208.720330
           47.406250  -219185.818478 -1933790.688777  -305208.720330
           47.500000  -219185.597944 -1933790.399359  -305209.063261
           47.625000  -219185.594110 -1933790.759896  -305208.636062
           47.718750  -219185.594110 -1933790.759896  -305208.636062
           47.812500  -219185.818478 -1933790.688777  -305208.720330
           47.906250  -219185.594110 -1933790.759896  -305208.636062
           48.000000  -219185.594110 -1933790.759896  -305208.636062
           48.125000  -219185.373575 -1933790.470477  -305208.978993
           48.218750  -219185.594110 -1933790.759896  -305208.636062
           48.312500  -219185.597944 -1933790.399359  -305209.063261
           48.406250  -219185.594110 -1933790.759896  -305208.636062
           48.500000  -219185.594110 -1933790.759896  -305208.636062
           48.625000  -219185.373575 -1933790.470477  -305208.978993
           48.718750  -219185.594110 -1933790.759896  -305208.636062
           48.812500  -219185.373575 -1933790.470477  -305208.978993
           48.906250  -219185.594110 -1933790.759896  -305208.636062
           49.000000  -219185.373575 -1933790.470477  -305208.978993
           49.125000  -219185.373575 -1933790.470477  -305208.978993
           49.218750  -219185.594110 -1933790.759896  -305208.636062
           49.312500  -219185.373575 -1933790.470477  -305208.978993
           49.406250  -219185.373575 -1933790.470477  -305208.978993
           49.500000  -219185.373575 -1933790.470477  -305208.978993
           49.625000  -219185.373575 -1933790.470477  -305208.978993
           49.718750  -219185.594110 -1933790.759896  -305208.636062
           49.812500  -219185.594110 -1933790.759896  -305208.636062
           49.906250  -219185.373575 -1933790.470477  -305208.978993
           50.000000  -219185.373575 -1933790.470477  -305208.978993
           50.125000  -219185.373575 -1933790.470477  -305208.978993
           50.218750  -219185.373575 -1933790.470477  -305208.978993
           50.312500  -219185.373575 -1933790.470477  -305208.978993
           50.406250  -219185.373575 -1933790.470477  -305208.978993
           50.500000  -219185.373575 -1933790.470477  -305208.978993
           50.625000  -219185.594110 -1933790.759896  -305208.636062
           50.718750  -219185.373575 -1933790.470477  -305208.978993
           50.812500  -219185.373575 -1933790.470477  -305208.978993
           50.906250  -219185.373575 -1933790.470477  -305208.978993
           51.000000  -219185.373575 -1933790.470477  -305208.978993
           51.125000  -219185.373575 -1933790.470477  -305208.978993
           51.218750  -219185.373575 -1933790.470477  -305208.978993
           51.312500  -219185.373575 -1933790.470477  -305208.978993
           51.406250  -219185.373575 -1933790.470477  -305208.978993
           51.500000  -219185.373575 -1933790.470477  -305208.978993
           51.625000  -219185.373575 -1933790.470477  -305208.978993
           51.718750  -219185.373575 -1933790.470477  -305208.978993
           51.812500  -219185.373575 -1933790.470477  -305208.978993
           51.906250  -219185.373575 -1933790.470477  -305208.978993
           52.000000  -219185.373575 -1933790.470477  -305208.978993
           52.125000  -219185.373575 -1933790.470477  -305208.978993
           52.218750  -219185.373575 -1933790.470477  -305208.978993
           52.312500  -219185.373575 -1933790.470477  -305208.978993
           52.406250  -219185.373575 -1933790.470477  -305208.978993
           52.500000  -219185.373575 -1933790.470477  -305208.978993
           52.625000  -219185.373575 -1933790.470477  -305208.978993
           52.718750  -219185.373575 -1933790.470477  -305208.978993
           52.812500  -219185.373575 -1933790.470477  -305208.978993
           52.906250  -219185.373575 -1933790.470477  -305208.978993
           53.000000  -219185.373575 -1933790.470477  -305208.978993
           53.125000  -219185.373575 -1933790.470477  -305208.978993
           53.218750  -219185.373575 -1933790.470477  -305208.978993
           53.312500  -219185.373575 -1933790.470477  -305208.978993
           53.406250  -219185.373575 -1933790.470477  -305208.978993
           53.500000  -219185.373575 -1933790.470477  -305208.978993
           53.625000  -219185.373575 -1933790.470477  -305208.978993
           53.718750  -219185.373575 -1933790.470477  -305208.978993
           53.812500  -219185.373575 -1933790.470477  -305208.978993
           53.906250  -219185.373575 -1933790.470477  -305208.978993
           54.000000  -219185.594110 -1933790.759896  -305208.636062
           54.125000  -219185.594110 -1933790.759896  -305208.636062
           54.218750  -219185.369742 -1933790.831014  -305208.551794
           54.312500  -219185.369742 -1933790.831014  -305208.551794
           54.406250  -219185.369742 -1933790.639961  -305208.390554
           54.500000  -219185.369742 -1933790.639961  -305208.390554
           54.625000  -219185.590277 -1933790.929379  -305208.047623
           54.718750  -219185.365908 -1933791.000497  -305207.963355
           54.812500  -219186.236546 -1933792.666621  -305204.826315
           54.906250  -219186.236546 -1933792.666621  -305204.826315
           55.000000  -219186.232713 -1933792.836104  -305204.237876
           55.125000  -219186.019845 -1933792.016666  -305205.596444
           55.218750  -219185.795477 -1933792.087784  -305205.512176
           55.312500  -219185.574942 -1933791.798366  -305205.855107
           55.406250  -219185.358241 -1933791.148410  -305206.625236
           55.500000  -219185.137706 -1933791.050045  -305207.129407
           55.625000  -219184.917172 -1933790.760627  -305207.472338
           55.718750  -219184.700471 -1933790.110672  -305208.242467
           55.812500  -219184.700471 -1933790.110672  -305208.242467
           55.906250  -219184.479936 -1933789.821253  -305208.585398
           56.000000  -219184.259401 -1933789.531835  -305208.928328
           56.125000  -219184.259401 -1933789.531835  -305208.928328
           56.218750  -219184.038867 -1933789.242417  -305209.271259
           56.312500  -219183.818332 -1933788.952998  -305209.614190
           56.406250  -219183.597797 -1933788.663580  -305209.957120
           56.500000  -219183.597797 -1933788.663580  -305209.957120
           56.625000  -219183.597797 -1933788.663580  -305209.957120
           56.718750  -219183.597797 -1933788.663580  -305209.957120
           56.812500  -219183.377262 -1933788.374161  -305210.300051
           56.906250  -219183.377262 -1933788.374161  -305210.300051
           57.000000  -219181.411618 -1933784.921979  -305216.328623
           57.125000  -219181.411618 -1933784.921979  -305216.328623
           57.218750  -219185.339073 -1933792.186880  -305203.844281
           57.312500  -219184.468435 -1933790.329703  -305206.820080
           57.406250  -219184.685136 -1933790.979659  -305206.049951
           57.500000  -219184.685136 -1933790.788605  -305205.888710
           57.625000  -219184.685136 -1933790.788605  -305205.888710
           57.718750  -219184.685136 -1933790.788605  -305205.888710
           57.812500  -219184.905671 -1933791.078023  -305205.545780
           57.906250  -219184.905671 -1933791.078023  -305205.545780
           58.000000  -219184.901838 -1933791.438560  -305205.118581
           58.125000  -219184.901838 -1933791.438560  -305205.118581
           58.218750  -219184.901838 -1933791.438560  -305205.118581
           58.312500  -219185.122372 -1933791.727979  -305204.775650
           58.406250  -219185.122372 -1933791.536925  -305204.614410
           58.500000  -219185.118539 -1933791.897462  -305204.187211
           58.625000  -219185.118539 -1933791.897462  -305204.187211
           58.718750  -219185.339073 -1933792.186880  -305203.844281
           58.812500  -219185.339073 -1933791.995827  -305203.683040
           58.906250  -219185.559608 -1933792.285245  -305203.340109
           59.000000  -219185.339073 -1933792.186880  -305203.844281
           59.125000  -219185.339073 -1933791.995827  -305203.683040
           59.218750  -219185.339073 -1933792.186880  -305203.844281
           59.312500  -219185.339073 -1933791.995827  -305203.683040
           59.406250  -219185.339073 -1933792.186880  -305203.844281
           59.500000  -219185.339073 -1933792.186880  -305203.844281
           59.625000  -219185.339073 -1933792.186880  -305203.844281
           59.718750  -219185.339073 -1933792.186880  -305203.844281
           59.812500  -219185.339073 -1933792.186880  -305203.844281
           59.906250  -219185.339073 -1933792.186880  -305203.844281
           60.000000  -219185.339073 -1933792.186880  -305203.844281
           60.125000  -219185.339073 -1933791.995827  -305203.683040
           60.218750  -219185.339073 -1933792.186880  -305203.844281
           60.312500  -219185.339073 -1933791.995827  -305203.683040
           60.406250  -219185.559608 -1933792.285245  -305203.340109
           60.500000  -219185.335240 -1933792.356364  -305203.255841
           60.625000  -219185.559608 -1933792.476299  -305203.501350
           60.718750  -219185.335240 -1933792.356364  -305203.255841
           60.812500  -219185.335240 -1933792.356364  -305203.255841
           60.906250  -219185.555775 -1933792.645782  -305202.912911
           61.000000  -219185.555775 -1933792.645782  -305202.912911
           61.125000  -219185.555775 -1933792.645782  -305202.912911
           61.218750  -219185.555775 -1933792.645782  -305202.912911
           61.312500  -219185.555775 -1933792.645782  -305202.912911
           61.406250  -219185.555775 -1933792.645782  -305202.912911
           61.500000  -219185.555775 -1933792.645782  -305202.912911
           61.625000  -219185.555775 -1933792.645782  -305202.912911
           61.718750  -219185.776309 -1933792.935200  -305202.569980
           61.812500  -219185.776309 -1933792.935200  -305202.569980
           61.906250  -219185.776309 -1933792.744147  -305202.408739
           62.000000  -219185.776309 -1933792.744147  -305202.408739
           62.125000  -219185.776309 -1933792.744147  -305202.408739
           62.218750  -219185.776309 -1933792.935200  -305202.569980
           62.312500  -219185.776309 -1933792.744147  -305202.408739
           62.406250  -219185.776309 -1933792.744147  -305202.408739
           62.500000  -219185.776309 -1933792.744147  -305202.408739
           62.625000  -219185.776309 -1933792.744147  -305202.408739
           62.718750  -219185.776309 -1933792.744147  -305202.408739
           62.812500  -219185.776309 -1933792.744147  -305202.408739
           62.906250  -219185.776309 -1933792.744147  -305202.408739
           63.000000  -219185.780143 -1933792.383610  -305202.835938
           63.125000  -219185.780143 -1933792.383610  -305202.835938
           63.218750  -219185.780143 -1933792.383610  -305202.835938
           63.312500  -219185.780143 -1933792.383610  -305202.835938
           63.406250  -219185.780143 -1933792.574664  -305202.997179
           63.500000  -219185.780143 -1933792.383610  -305202.835938
           63.625000  -219185.780143 -1933792.574664  -305202.997179
           63.718750  -219185.780143 -1933792.383610  -305202.835938
           63.812500  -219185.780143 -1933792.574664  -305202.997179
           63.906250  -219185.780143 -1933792.574664  -305202.997179
           64.000000  -219185.780143 -1933792.383610  -305202.835938
           64.125000  -219185.559608 -1933792.285245  -305203.340109
           64.218750  -219185.559608 -1933792.094192  -305203.178868
           64.312500  -219185.559608 -1933792.285245  -305203.340109
           64.406250  -219185.559608 -1933792.285245  -305203.340109
           64.500000  -219185.559608 -1933792.094192  -305203.178868
           64.625000  -219185.559608 -1933792.285245  -305203.340109
           64.718750  -219185.559608 -1933792.094192  -305203.178868
           64.812500  -219185.559608 -1933792.285245  -305203.340109
           64.906250  -219185.559608 -1933792.285245  -305203.340109
           65.000000  -219185.559608 -1933792.285245  -305203.340109
           65.125000  -219185.783976 -1933792.023073  -305203.263136
           65.218750  -219185.559608 -1933792.285245  -305203.340109
           65.312500  -219185.563442 -1933791.924708  -305203.767308
           65.406250  -219185.563442 -1933791.924708  -305203.767308
           65.500000  -219185.563442 -1933791.924708  -305203.767308
           65.625000  -219185.563442 -1933791.924708  -305203.767308
           65.718750  -219185.563442 -1933791.924708  -305203.767308
           65.812500  -219185.563442 -1933791.924708  -305203.767308
           65.906250  -219185.563442 -1933791.924708  -305203.767308
           66.000000  -219185.563442 -1933791.924708  -305203.767308
           66.125000  -219185.563442 -1933791.924708  -305203.767308
           66.218750  -219185.563442 -1933791.924708  -305203.767308
           66.312500  -219185.342907 -1933791.635290  -305204.110238
           66.406250  -219185.559608 -1933792.094192  -305203.178868
           66.500000  -219184.909505 -1933790.717487  -305205.972978
           66.625000  -219184.688970 -1933790.428068  -305206.315909
           66.718750  -219184.692804 -1933790.067532  -305206.743107
           66.812500  -219184.692804 -1933790.067532  -305206.743107
           66.906250  -219184.692804 -1933790.067532  -305206.743107
           67.000000  -219184.472269 -1933789.969167  -305207.247279
           67.125000  -219184.472269 -1933789.969167  -305207.247279
           67.218750  -219184.472269 -1933789.969167  -305207.247279
           67.312500  -219184.472269 -1933789.969167  -305207.247279
           67.406250  -219184.472269 -1933789.969167  -305207.247279
           67.500000  -219184.472269 -1933789.969167  -305207.247279
           67.625000  -219184.251734 -1933789.679748  -305207.590209
           67.718750  -219184.251734 -1933789.679748  -305207.590209
           67.812500  -219184.251734 -1933789.679748  -305207.590209
           67.906250  -219184.251734 -1933789.679748  -305207.590209
           68.000000  -219184.251734 -1933789.679748  -305207.590209
           68.125000  -219184.251734 -1933789.679748  -305207.590209
           68.218750  -219184.251734 -1933789.679748  -305207.590209
           68.312500  -219184.472269 -1933789.969167  -305207.247279
           68.406250  -219184.472269 -1933789.969167  -305207.247279
           68.500000  -219184.472269 -1933789.969167  -305207.247279
           68.625000  -219184.472269 -1933789.969167  -305207.247279
           68.718750  -219184.472269 -1933789.969167  -305207.247279
           68.812500  -219184.472269 -1933789.969167  -305207.247279
           68.906250  -219184.472269 -1933789.969167  -305207.247279
           69.000000  -219184.472269 -1933789.778113  -305207.086038
           69.125000  -219184.472269 -1933789.778113  -305207.086038
           69.218750  -219184.472269 -1933789.778113  -305207.086038
           69.312500  -219184.472269 -1933789.778113  -305207.086038
           69.406250  -219184.472269 -1933789.778113  -305207.086038
           69.500000  -219184.472269 -1933789.778113  -305207.086038
           69.625000  -219184.472269 -1933789.778113  -305207.086038
           69.718750  -219184.472269 -1933789.778113  -305207.086038
           69.812500  -219184.472269 -1933789.778113  -305207.086038
           69.906250  -219184.472269 -1933789.778113  -305207.086038
           70.000000  -219184.472269 -1933789.778113  -305207.086038
           70.125000  -219184.472269 -1933789.778113  -305207.086038
           70.218750  -219184.472269 -1933789.778113  -305207.086038
           70.312500  -219184.472269 -1933789.778113  -305207.086038
           70.406250  -219184.472269 -1933789.778113  -305207.086038
           70.500000  -219184.472269 -1933789.778113  -305207.086038
           70.625000  -219184.472269 -1933789.778113  -305207.086038
           70.718750  -219184.472269 -1933789.778113  -305207.086038
           70.812500  -219184.472269 -1933789.778113  -305207.086038
           70.906250  -219184.472269 -1933789.778113  -305207.086038
           71.000000  -219184.692804 -1933790.067532  -305206.743107
           71.125000  -219184.692804 -1933790.067532  -305206.743107
           71.218750  -219184.692804 -1933790.067532  -305206.743107
           71.312500  -219184.692804 -1933790.067532  -305206.743107
           71.406250  -219184.692804 -1933790.067532  -305206.743107
           71.500000  -219184.692804 -1933790.067532  -305206.743107
           71.625000  -219184.692804 -1933790.067532  -305206.743107
           71.718750  -219184.692804 -1933790.067532  -305206.743107
           71.812500  -219184.692804 -1933790.067532  -305206.743107
           71.906250  -219184.692804 -1933790.067532  -305206.743107
           72.000000  -219184.692804 -1933790.067532  -305206.743107
           72.125000  -219184.692804 -1933790.067532  -305206.743107
           72.218750  -219184.692804 -1933790.067532  -305206.743107
           72.312500  -219184.692804 -1933790.067532  -305206.743107
           72.406250  -219184.692804 -1933790.067532  -305206.743107
           72.500000  -219184.692804 -1933790.067532  -305206.743107
           72.625000  -219184.692804 -1933790.067532  -305206.743107
           72.718750  -219184.692804 -1933790.067532  -305206.743107
           72.812500  -219184.692804 -1933790.067532  -305206.743107
           72.906250  -219184.692804 -1933790.067532  -305206.743107
           73.000000  -219184.692804 -1933790.067532  -305206.743107
           73.125000  -219184.692804 -1933790.067532  -305206.743107
           73.218750  -219184.692804 -1933790.067532  -305206.743107
           73.312500  -219184.692804 -1933790.067532  -305206.743107
           73.406250  -219184.692804 -1933790.067532  -305206.743107
           73.500000  -219184.692804 -1933790.067532  -305206.743107
           73.625000  -219184.692804 -1933790.067532  -305206.743107
           73.718750  -219184.692804 -1933790.067532  -305206.743107
           73.812500  -219184.692804 -1933790.067532  -305206.743107
           73.906250  -219184.692804 -1933790.067532  -305206.743107
           74.000000  -219184.913338 -1933790.356950  -305206.400177
           74.125000  -219184.913338 -1933790.356950  -305206.400177
           74.218750  -219184.913338 -1933790.356950  -305206.400177
           74.312500  -219184.688970 -1933790.428068  -305206.315909
           74.406250  -219184.688970 -1933790.428068  -305206.315909
           74.500000  -219184.688970 -1933790.619122  -305206.477149
           74.625000  -219184.688970 -1933790.619122  -305206.477149
           74.718750  -219184.688970 -1933790.619122  -305206.477149
           74.812500  -219184.464602 -1933790.881294  -305206.554122
           74.906250  -219184.464602 -1933790.881294  -305206.554122
           75.000000  -219184.464602 -1933791.072347  -305206.715363
           75.125000  -219184.240233 -1933791.143465  -305206.631095
           75.218750  -219184.240233 -1933791.334519  -305206.792336
           75.312500  -219184.015865 -1933791.405637  -305206.708068
           75.406250  -219184.015865 -1933791.596691  -305206.869309
           75.500000  -219183.791497 -1933791.667809  -305206.785041
           75.625000  -219183.791497 -1933791.858862  -305206.946282
           75.718750  -219183.567129 -1933792.121034  -305207.023255
           75.812500  -219183.567129 -1933792.312088  -305207.184495
           75.906250  -219183.342760 -1933792.383206  -305207.100228
           76.000000  -219183.342760 -1933792.574260  -305207.261468
           76.125000  -219183.118392 -1933792.836431  -305207.338441
           76.218750  -219182.894024 -1933793.098603  -305207.415414
           76.312500  -219182.894024 -1933793.289657  -305207.576655
           76.406250  -219182.669656 -1933793.551829  -305207.653628
           76.500000  -219182.445287 -1933793.814000  -305207.730601
           76.625000  -219182.220919 -1933794.076172  -305207.807573
           76.718750  -219181.996551 -1933794.338344  -305207.884546
           76.812500  -219181.996551 -1933794.529397  -305208.045787
           76.906250  -219181.992717 -1933795.080988  -305207.779829
           77.000000  -219181.547814 -1933795.053741  -305208.199733
           77.125000  -219181.543981 -1933795.605331  -305207.933775
           77.218750  -219181.319613 -1933795.867503  -305208.010748
           77.312500  -219181.319613 -1933796.058557  -305208.171989
           77.406250  -219181.095244 -1933796.320728  -305208.248962
           77.500000  -219180.870876 -1933796.582900  -305208.325935
           77.625000  -219180.646508 -1933797.036126  -305208.564148
           77.718750  -219180.422140 -1933797.107244  -305208.479880
           77.812500  -219180.197771 -1933797.560469  -305208.718094
           77.906250  -219179.973403 -1933797.822641  -305208.795067
           78.000000  -219179.749035 -1933798.084813  -305208.872040
           78.125000  -219179.749035 -1933798.275866  -305209.033280
           78.218750  -219179.745201 -1933798.827456  -305208.767323
           78.312500  -219179.520833 -1933799.089628  -305208.844296
           78.406250  -219179.296465 -1933799.351800  -305208.921268
           78.500000  -219179.296465 -1933799.542854  -305209.082509
           78.625000  -219179.072097 -1933799.805025  -305209.159482
           78.718750  -219186.940320 -1933788.613704  -305207.690503
           78.812500  -219182.502791 -1933788.597002  -305214.299819
           78.906250  -219182.506624 -1933788.236466  -305214.727017
           79.000000  -219173.992131 -1933797.308438  -305219.094823
           79.125000  -219178.786392 -1933806.599999  -305203.046242
           79.218750  -219178.782558 -1933807.151589  -305202.780284
           79.312500  -219178.565857 -1933806.501634  -305203.550413
           79.406250  -219178.128621 -1933805.753314  -305204.824714
           79.500000  -219178.132455 -1933805.583831  -305205.413153
           79.625000  -219177.691385 -1933805.004994  -305206.099014
           79.718750  -219177.691385 -1933805.196048  -305206.260255
           79.812500  -219177.470851 -1933805.097683  -305206.764427
           79.906250  -219177.927254 -1933803.852265  -305207.464878
           80.000000  -219178.155456 -1933803.038503  -305207.653863
           80.125000  -219178.159289 -1933802.677967  -305208.081061
           80.218750  -219178.383658 -1933802.415795  -305208.004088
           80.312500  -219178.608026 -1933802.153623  -305207.927115
           80.406250  -219178.608026 -1933801.962570  -305207.765875
           80.500000  -219178.608026 -1933801.962570  -305207.765875
           80.625000  -219179.052929 -1933801.989816  -305207.345971
           80.718750  -219178.832394 -1933801.700398  -305207.688902
           80.812500  -219179.056762 -1933801.629279  -305207.773170
           80.906250  -219179.056762 -1933801.629279  -305207.773170
           81.000000  -219179.056762 -1933801.629279  -305207.773170
           81.125000  -219179.056762 -1933801.629279  -305207.773170
           81.218750  -219179.056762 -1933801.629279  -305207.773170
           81.312500  -219179.056762 -1933801.629279  -305207.773170
           81.406250  -219179.056762 -1933801.629279  -305207.773170
           81.500000  -219179.056762 -1933801.629279  -305207.773170
           81.625000  -219179.056762 -1933801.629279  -305207.773170
           81.718750  -219179.056762 -1933801.629279  -305207.773170
           81.812500  -219178.836228 -1933801.339861  -305208.116100
           81.906250  -219178.836228 -1933801.148807  -305207.954860
           82.000000  -219179.060596 -1933801.077689  -305208.039127
           82.125000  -219179.060596 -1933801.077689  -305208.039127
           82.218750  -219179.060596 -1933800.886636  -305207.877887
           82.312500  -219179.060596 -1933800.886636  -305207.877887
           82.406250  -219179.284964 -1933800.815517  -305207.962154
           82.500000  -219179.284964 -1933800.624464  -305207.800914
           82.625000  -219179.509333 -1933800.362292  -305207.723941
           82.718750  -219179.513166 -1933800.001755  -305208.151139
           82.812500  -219179.737534 -1933799.739583  -305208.074166
           82.906250  -219179.741368 -1933799.187993  -305208.340124
           83.000000  -219179.965736 -1933799.116875  -305208.424392
           83.125000  -219179.965736 -1933798.925821  -305208.263151
           83.218750  -219179.969570 -1933798.374231  -305208.529109
           83.312500  -219180.193938 -1933798.112059  -305208.452136
           83.406250  -219180.418306 -1933797.849888  -305208.375163
           83.500000  -219180.422140 -1933797.298297  -305208.641121
           83.625000  -219180.422140 -1933797.107244  -305208.479880
           83.718750  -219180.646508 -1933796.845072  -305208.402907
           83.812500  -219180.870876 -1933796.582900  -305208.325935
           83.906250  -219181.095244 -1933796.320728  -305208.248962
           84.000000  -219181.319613 -1933796.058557  -305208.171989
           84.125000  -219181.543981 -1933795.796385  -305208.095016
           84.218750  -219181.768349 -1933795.534213  -305208.018043
           84.312500  -219181.992717 -1933795.080988  -305207.779829
           84.406250  -219182.217086 -1933794.818816  -305207.702856
           84.500000  -219182.661989 -1933794.655009  -305207.121712
           84.625000  -219182.661989 -1933794.463956  -305206.960471
           84.718750  -219182.886357 -1933794.010730  -305206.722258
           84.812500  -219183.331260 -1933794.037977  -305206.302354
           84.906250  -219183.555628 -1933793.584752  -305206.064141
           85.000000  -219184.004365 -1933793.251461  -305206.071436
           85.125000  -219184.004365 -1933792.869354  -305205.748954
           85.218750  -219184.673636 -1933792.825483  -305205.413318
           85.312500  -219184.673636 -1933792.443376  -305205.090837
           85.406250  -219185.122372 -1933792.110086  -305205.098132
           85.500000  -219185.346741 -1933791.847914  -305205.021159
           85.625000  -219185.350574 -1933791.296323  -305205.287117
           85.718750  -219185.574942 -1933790.843098  -305205.048903
           85.812500  -219185.799311 -1933790.580926  -305204.971930
           85.906250  -219186.023679 -1933790.318755  -305204.894957
           86.000000  -219186.248047 -1933789.865529  -305204.656744
           86.125000  -219186.472415 -1933789.603357  -305204.579771
           86.218750  -219186.476249 -1933789.051767  -305204.845729
           86.312500  -219186.700617 -1933788.598542  -305204.607515
           86.406250  -219186.924985 -1933788.145317  -305204.369301
           86.500000  -219187.373722 -1933787.812027  -305204.376596
           86.625000  -219187.598090 -1933787.358801  -305204.138383
           86.718750  -219187.822458 -1933787.096629  -305204.061410
           86.812500  -219188.046827 -1933786.643404  -305203.823196
           86.906250  -219188.271195 -1933786.381232  -305203.746223
           87.000000  -219188.495563 -1933785.928007  -305203.508010
           87.125000  -219188.719931 -1933785.665835  -305203.431037
           87.218750  -219189.168668 -1933785.141492  -305203.277091
           87.312500  -219189.393036 -1933784.879320  -305203.200118
           87.406250  -219189.396870 -1933784.136676  -305203.304835
           87.500000  -219189.621238 -1933783.874504  -305203.227862
           87.625000  -219189.845606 -1933783.421279  -305202.989649
           87.718750  -219190.294343 -1933783.087989  -305202.996944
           87.812500  -219190.518711 -1933782.634763  -305202.758730
           87.906250  -219190.522544 -1933782.083173  -305203.024688
           88.000000  -219190.746913 -1933781.629948  -305202.786474
           88.125000  -219191.195649 -1933781.296658  -305202.793769
           88.218750  -219191.420017 -1933780.843433  -305202.555555
           88.312500  -219191.644386 -1933780.390207  -305202.317342
           88.406250  -219191.868754 -1933780.128035  -305202.240369
           88.500000  -219192.093122 -1933779.674810  -305202.002155
           88.625000  -219192.096956 -1933779.123220  -305202.268113
           88.718750  -219192.321324 -1933778.861048  -305202.191140
           88.812500  -219192.545692 -1933778.598876  -305202.114167
           88.906250  -219192.770061 -1933778.336704  -305202.037194
           89.000000  -219192.770061 -1933778.145651  -305201.875954
           89.125000  -219192.773894 -1933777.785114  -305202.303152
           89.218750  -219192.998262 -1933777.713996  -305202.387420
           89.312500  -219192.998262 -1933777.522942  -305202.226179
           89.406250  -219192.998262 -1933777.522942  -305202.226179
           89.500000  -219193.002096 -1933777.162406  -305202.653378
           89.625000  -219193.002096 -1933777.162406  -305202.653378
           89.718750  -219192.781561 -1933776.872987  -305202.996308
           89.812500  -219192.781561 -1933777.064041  -305203.157549
           89.906250  -219192.781561 -1933776.872987  -305202.996308
           90.000000  -219192.781561 -1933777.064041  -305203.157549
           90.125000  -219192.561026 -1933776.774622  -305203.500480
           90.218750  -219192.561026 -1933776.774622  -305203.500480
           90.312500  -219192.561026 -1933776.774622  -305203.500480
           90.406250  -219192.340492 -1933776.485204  -305203.843410
           90.500000  -219192.340492 -1933776.676257  -305204.004651
           90.625000  -219192.340492 -1933776.676257  -305204.004651
           90.718750  -219192.340492 -1933776.676257  -305204.004651
           90.812500  -219192.119957 -1933776.386839  -305204.347582
           90.906250  -219191.895589 -1933776.649011  -305204.424555
           91.000000  -219191.895589 -1933776.649011  -305204.424555
           91.125000  -219191.895589 -1933776.649011  -305204.424555
           91.218750  -219191.895589 -1933776.840064  -305204.585795
           91.312500  -219191.895589 -1933776.840064  -305204.585795
           91.406250  -219191.450686 -1933776.812818  -305205.005699
           91.500000  -219191.450686 -1933776.812818  -305205.005699
           91.625000  -219191.450686 -1933777.003871  -305205.166940
           91.718750  -219191.450686 -1933777.003871  -305205.166940
           91.812500  -219191.226318 -1933777.266043  -305205.243913
           91.906250  -219191.226318 -1933777.266043  -305205.243913
           92.000000  -219191.226318 -1933777.457096  -305205.405153
           92.125000  -219191.001949 -1933777.528215  -305205.320885
           92.218750  -219191.001949 -1933777.719268  -305205.482126
           92.312500  -219190.777581 -1933777.790387  -305205.397858
           92.406250  -219190.777581 -1933777.981440  -305205.559099
           92.500000  -219190.777581 -1933777.981440  -305205.559099
           92.625000  -219190.553213 -1933778.243612  -305205.636072
           92.718750  -219190.553213 -1933778.434665  -305205.797313
           92.812500  -219190.328845 -1933778.505784  -305205.713045
           92.906250  -219190.328845 -1933778.696837  -305205.874286
           93.000000  -219190.104476 -1933778.959009  -305205.951259
           93.125000  -219189.883942 -1933778.669591  -305206.294189
           93.218750  -219190.104476 -1933779.150062  -305206.112499
           93.312500  -219189.880108 -1933779.412234  -305206.189472
           93.406250  -219189.659573 -1933779.122816  -305206.532403
           93.500000  -219189.435205 -1933779.384988  -305206.609376
           93.625000  -219189.435205 -1933779.576041  -305206.770616
           93.718750  -219189.210837 -1933779.647160  -305206.686349
           93.812500  -219189.210837 -1933779.838213  -305206.847589
           93.906250  -219188.986469 -1933780.100385  -305206.924562
           94.000000  -219188.986469 -1933780.291438  -305207.085803
           94.125000  -219188.762100 -1933780.362557  -305207.001535
           94.218750  -219188.762100 -1933780.553610  -305207.162776
           94.312500  -219188.537732 -1933780.815782  -305207.239749
           94.406250  -219188.537732 -1933781.006835  -305207.400989
           94.500000  -219188.313364 -1933781.269007  -305207.477962
           94.625000  -219188.088996 -1933781.340126  -305207.393694
           94.718750  -219188.088996 -1933781.531179  -305207.554935
           94.812500  -219187.864627 -1933781.793351  -305207.631908
           94.906250  -219187.864627 -1933781.984404  -305207.793149
           95.000000  -219187.640259 -1933782.055523  -305207.708881
           95.125000  -219187.419724 -1933781.957158  -305208.213052
           95.218750  -219187.195356 -1933782.219330  -305208.290025
           95.312500  -219187.195356 -1933782.410383  -305208.451266
           95.406250  -219186.970988 -1933782.672555  -305208.528239
           95.500000  -219186.970988 -1933782.863608  -305208.689480
           95.625000  -219186.746620 -1933782.934727  -305208.605212
           95.718750  -219186.522251 -1933783.196898  -305208.682185
           95.812500  -219186.522251 -1933783.387952  -305208.843425
           95.906250  -219186.297883 -1933783.650124  -305208.920398
           96.000000  -219186.073515 -1933783.912296  -305208.997371
           96.125000  -219186.073515 -1933784.103349  -305209.158612
           96.218750  -219185.849147 -1933784.365521  -305209.235585
           96.312500  -219185.628612 -1933784.267156  -305209.739756
           96.406250  -219185.404244 -1933784.529328  -305209.816729
           96.500000  -219185.179875 -1933784.791500  -305209.893702
           96.625000  -219185.179875 -1933784.982553  -305210.054943
           96.718750  -219184.955507 -1933785.244725  -305210.131916
           96.812500  -219184.731139 -1933785.506897  -305210.208889
           96.906250  -219184.731139 -1933785.697950  -305210.370129
           97.000000  -219184.506771 -1933785.960122  -305210.447102
           97.125000  -219184.282403 -1933786.222294  -305210.524075
           97.218750  -219184.058034 -1933786.484466  -305210.601048
           97.312500  -219184.058034 -1933786.675519  -305210.762289
           97.406250  -219183.833666 -1933786.937691  -305210.839262
           97.500000  -219183.833666 -1933787.128744  -305211.000502
           97.625000  -219183.609298 -1933787.199863  -305210.916234
           97.718750  -219183.609298 -1933787.390916  -305211.077475
           97.812500  -219183.384930 -1933787.653088  -305211.154448
           97.906250  -219183.384930 -1933787.653088  -305211.154448
           98.000000  -219183.384930 -1933787.844141  -305211.315689
           98.125000  -219183.160561 -1933787.915260  -305211.231421
           98.218750  -219182.940027 -1933787.625841  -305211.574352
           98.312500  -219182.940027 -1933787.816895  -305211.735592
           98.406250  -219182.940027 -1933787.816895  -305211.735592
           98.500000  -219182.940027 -1933787.816895  -305211.735592
           98.625000  -219182.940027 -1933787.816895  -305211.735592
           98.718750  -219182.940027 -1933787.816895  -305211.735592
           98.812500  -219182.715658 -1933787.888013  -305211.651324
           98.906250  -219182.715658 -1933788.079067  -305211.812565
           99.000000  -219182.940027 -1933788.007948  -305211.896833
           99.125000  -219182.940027 -1933788.007948  -305211.896833
           99.218750  -219182.940027 -1933788.007948  -305211.896833
           99.312500  -219182.940027 -1933788.007948  -305211.896833
           99.406250  -219182.940027 -1933788.007948  -305211.896833
           99.500000  -219182.940027 -1933787.816895  -305211.735592
           99.625000  -219182.940027 -1933788.007948  -305211.896833
           99.718750  -219182.940027 -1933788.007948  -305211.896833
           99.812500  -219182.940027 -1933788.007948  -305211.896833
           99.906250  -219182.940027 -1933788.007948  -305211.896833
          100.000000  -219182.940027 -1933787.816895  -305211.735592
          100.125000  -219182.940027 -1933787.816895  -305211.735592
          100.218750  -219182.940027 -1933787.816895  -305211.735592
          100.312500  -219182.940027 -1933787.816895  -305211.735592
          100.406250  -219182.940027 -1933787.816895  -305211.735592
          100.500000  -219183.164395 -1933787.745776  -305211.819860
          100.625000  -219183.164395 -1933787.745776  -305211.819860
          100.718750  -219183.164395 -1933787.745776  -305211.819860
          100.812500  -219183.164395 -1933787.745776  -305211.819860
          100.906250  -219183.164395 -1933787.745776  -305211.819860
          101.000000  -219182.943860 -1933787.456358  -305212.162791
          101.125000  -219183.388763 -1933787.483605  -305211.742887
          101.218750  -219183.388763 -1933787.483605  -305211.742887
          101.312500  -219183.168228 -1933787.194186  -305212.085818
          101.406250  -219183.168228 -1933787.194186  -305212.085818
          101.500000  -219183.168228 -1933787.194186  -305212.085818
          101.625000  -219183.168228 -1933787.194186  -305212.085818
          101.718750  -219183.168228 -1933787.003133  -305211.924577
          101.812500  -219183.168228 -1933787.003133  -305211.924577
          101.906250  -219183.168228 -1933787.003133  -305211.924577
          102.000000  -219183.392597 -1933786.932014  -305212.008845
          102.125000  -219183.392597 -1933786.932014  -305212.008845
          102.218750  -219183.392597 -1933786.932014  -305212.008845
          102.312500  -219183.392597 -1933786.932014  -305212.008845
          102.406250  -219183.392597 -1933786.932014  -305212.008845
          102.500000  -219183.392597 -1933786.932014  -305212.008845
          102.625000  -219183.392597 -1933786.932014  -305212.008845
          102.718750  -219183.392597 -1933786.932014  -305212.008845
          102.812500  -219183.392597 -1933786.932014  -305212.008845
          102.906250  -219183.392597 -1933786.932014  -305212.008845
          103.000000  -219183.616965 -1933786.669843  -305211.931872
          103.125000  -219183.616965 -1933786.669843  -305211.931872
          103.218750  -219183.616965 -1933786.669843  -305211.931872
          103.312500  -219183.616965 -1933786.669843  -305211.931872
          103.406250  -219183.616965 -1933786.669843  -305211.931872
          103.500000  -219183.616965 -1933786.478789  -305211.770631
          103.625000  -219183.841333 -1933786.407671  -305211.854899
          103.718750  -219183.841333 -1933786.407671  -305211.854899
          103.812500  -219183.841333 -1933786.407671  -305211.854899
          103.906250  -219183.841333 -1933786.216617  -305211.693659
          104.000000  -219183.841333 -1933786.216617  -305211.693659
          104.125000  -219183.841333 -1933786.216617  -305211.693659
          104.218750  -219183.841333 -1933786.216617  -305211.693659
          104.312500  -219183.841333 -1933786.216617  -305211.693659
          104.406250  -219183.841333 -1933786.216617  -305211.693659
          104.500000  -219183.616965 -1933786.287736  -305211.609391
          104.625000  -219183.616965 -1933786.287736  -305211.609391
          104.718750  -219183.837500 -1933786.386101  -305211.105219
          104.812500  -219183.837500 -1933786.386101  -305211.105219
          104.906250  -219183.837500 -1933786.386101  -305211.105219
          105.000000  -219183.837500 -1933786.386101  -305211.105219
          105.125000  -219183.613131 -1933786.457219  -305211.020951
          105.218750  -219183.837500 -1933786.195047  -305210.943979
          105.312500  -219183.833666 -1933786.555584  -305210.516780
          105.406250  -219183.833666 -1933786.555584  -305210.516780
          105.500000  -219183.833666 -1933786.555584  -305210.516780
          105.625000  -219183.829832 -1933786.916121  -305210.089582
          105.718750  -219183.829832 -1933786.725067  -305209.928341
          105.812500  -219183.829832 -1933786.725067  -305209.928341
          105.906250  -219183.829832 -1933786.725067  -305209.928341
          106.000000  -219183.825999 -1933787.085604  -305209.501142
          106.125000  -219183.825999 -1933786.894550  -305209.339902
          106.218750  -219183.825999 -1933786.894550  -305209.339902
          106.312500  -219183.825999 -1933786.894550  -305209.339902
          106.406250  -219184.046534 -1933787.183969  -305208.996971
          106.500000  -219183.822165 -1933787.064034  -305208.751462
          106.625000  -219183.822165 -1933787.064034  -305208.751462
          106.718750  -219184.042700 -1933787.353452  -305208.408532
          106.812500  -219183.818332 -1933787.424571  -305208.324264
          106.906250  -219184.038867 -1933787.522935  -305207.820093
          107.000000  -219184.038867 -1933787.522935  -305207.820093
          107.125000  -219184.038867 -1933787.522935  -305207.820093
          107.218750  -219183.814498 -1933787.403000  -305207.574584
          107.312500  -219184.035033 -1933787.692419  -305207.231653
          107.406250  -219184.035033 -1933787.692419  -305207.231653
          107.500000  -219183.810665 -1933787.763537  -305207.147385
          107.625000  -219184.031199 -1933787.861902  -305206.643214
          107.718750  -219184.031199 -1933787.861902  -305206.643214
          107.812500  -219183.806831 -1933787.933020  -305206.558946
          107.906250  -219184.027366 -1933788.031385  -305206.054775
          108.000000  -219184.027366 -1933788.031385  -305206.054775
          108.125000  -219184.027366 -1933788.031385  -305206.054775
          108.218750  -219184.247901 -1933788.129750  -305205.550603
          108.312500  -219184.023532 -1933788.200869  -305205.466336
          108.406250  -219184.023532 -1933788.200869  -305205.466336
          108.500000  -219184.244067 -1933788.299234  -305204.962164
          108.625000  -219184.244067 -1933788.299234  -305204.962164
          108.718750  -219184.019699 -1933788.370352  -305204.877896
          108.812500  -219184.240233 -1933788.468717  -305204.373725
          108.906250  -219184.240233 -1933788.468717  -305204.373725
          109.000000  -219184.015865 -1933788.539835  -305204.289457
          109.125000  -219184.236400 -1933788.638200  -305203.785286
          109.218750  -219184.236400 -1933788.638200  -305203.785286
          109.312500  -219184.012032 -1933788.709319  -305203.701018
          109.406250  -219184.232566 -1933788.807683  -305203.196847
          109.500000  -219184.232566 -1933788.807683  -305203.196847
          109.625000  -219184.232566 -1933788.807683  -305203.196847
          109.718750  -219184.228733 -1933788.977167  -305202.608407
          109.812500  -219184.228733 -1933788.977167  -305202.608407
          109.906250  -219184.449268 -1933789.266585  -305202.265477
          110.000000  -219184.224899 -1933789.146650  -305202.019968
          110.125000  -219184.224899 -1933789.146650  -305202.019968
          110.218750  -219184.221066 -1933789.507187  -305201.592770
          110.312500  -219184.221066 -1933789.316133  -305201.431529
          110.406250  -219184.441600 -1933789.605552  -305201.088598
          110.500000  -219184.441600 -1933789.605552  -305201.088598
          110.625000  -219184.217232 -1933789.485617  -305200.843090
          110.718750  -219184.217232 -1933789.485617  -305200.843090
          110.812500  -219184.217232 -1933789.485617  -305200.843090
          110.906250  -219184.213399 -1933789.846153  -305200.415891
          111.000000  -219184.213399 -1933789.846153  -305200.415891
          111.125000  -219184.213399 -1933789.846153  -305200.415891
          111.218750  -219184.213399 -1933790.037207  -305200.577132
          111.312500  -219183.989030 -1933790.108325  -305200.492864
          111.406250  -219183.989030 -1933790.299379  -305200.654105
          111.500000  -219183.989030 -1933790.299379  -305200.654105
          111.625000  -219183.764662 -1933790.561550  -305200.731078
          111.718750  -219183.764662 -1933790.752604  -305200.892318
          111.812500  -219183.540294 -1933791.014776  -305200.969291
          111.906250  -219183.315926 -1933791.276948  -305201.046264
          112.000000  -219183.091557 -1933791.539119  -305201.123237
          112.125000  -219183.091557 -1933791.730173  -305201.284478
          112.218750  -219182.867189 -1933791.992345  -305201.361451
          112.312500  -219182.642821 -1933792.254516  -305201.438424
          112.406250  -219182.638987 -1933792.997160  -305201.333707
          112.500000  -219182.194084 -1933792.969914  -305201.753610
          112.625000  -219181.965883 -1933793.783676  -305201.564625
          112.718750  -219181.741514 -1933794.045847  -305201.641598
          112.812500  -219181.517146 -1933794.499073  -305201.879812
          112.906250  -219181.292778 -1933794.761245  -305201.956785
          113.000000  -219181.068410 -1933795.214470  -305202.194998
          113.125000  -219180.619673 -1933795.738813  -305202.348944
          113.218750  -219180.395305 -1933796.192039  -305202.587158
          113.312500  -219180.170937 -1933796.454211  -305202.664131
          113.406250  -219179.942735 -1933797.267973  -305202.475146
          113.500000  -219179.718367 -1933797.721198  -305202.713359
          113.625000  -219179.269630 -1933798.245542  -305202.867305
          113.718750  -219179.045262 -1933798.698767  -305203.105519
          113.812500  -219178.596525 -1933799.223110  -305203.259465
          113.906250  -219178.372157 -1933799.676336  -305203.497678
          114.000000  -219177.923421 -1933800.200679  -305203.651624
          114.125000  -219177.474684 -1933800.725023  -305203.805570
          114.218750  -219177.250316 -1933801.369302  -305204.205024
          114.312500  -219177.022114 -1933802.183064  -305204.016039
          114.406250  -219176.573378 -1933802.707407  -305204.169985
          114.500000  -219176.349009 -1933803.160633  -305204.408199
          114.625000  -219175.900273 -1933803.684976  -305204.562144
          114.718750  -219175.451536 -1933804.400373  -305204.877331
          114.812500  -219175.002800 -1933804.924717  -305205.031277
          114.906250  -219174.778432 -1933805.377942  -305205.269490
          115.000000  -219174.550230 -1933806.191704  -305205.080505
          115.125000  -219174.101493 -1933806.907102  -305205.395692
          115.218750  -219173.877125 -1933807.360327  -305205.633906
          115.312500  -219173.428389 -1933807.884670  -305205.787851
          115.406250  -219172.979652 -1933808.409014  -305205.941797
          115.500000  -219172.530916 -1933809.124411  -305206.256984
          115.625000  -219172.306547 -1933809.386583  -305206.333957
          115.718750  -219171.857811 -1933810.101980  -305206.649143
          115.812500  -219171.857811 -1933810.293034  -305206.810384
          115.906250  -219173.683425 -1933806.266632  -305210.418392
          116.000000  -219173.911627 -1933806.217084  -305211.252340
          116.125000  -219173.691092 -1933806.118719  -305211.756511
          116.218750  -219186.871316 -1933823.570332  -305224.025799
          116.312500  -219171.238376 -1933806.796248  -305213.667044
          116.406250  -219171.223041 -1933809.193663  -305212.764454
          116.500000  -219170.998673 -1933809.837941  -305213.163908
          116.625000  -219170.549937 -1933810.362285  -305213.317854
          116.718750  -219170.549937 -1933810.553339  -305213.479095
          116.812500  -219170.325568 -1933810.815510  -305213.556068
          116.906250  -219170.325568 -1933811.006564  -305213.717308
          117.000000  -219170.105034 -1933810.908199  -305214.221480
          117.125000  -219169.880666 -1933811.170371  -305214.298453
          117.218750  -219169.880666 -1933811.170371  -305214.298453
          117.312500  -219169.660131 -1933811.072006  -305214.802624
          117.406250  -219169.884499 -1933811.000887  -305214.886892
          117.500000  -219169.888333 -1933810.640351  -305215.314090
          117.625000  -219169.888333 -1933810.449297  -305215.152850
          117.718750  -219170.112701 -1933810.378179  -305215.237118
          117.812500  -219170.112701 -1933810.187125  -305215.075877
          117.906250  -219170.337069 -1933809.924954  -305214.998904
          118.000000  -219170.337069 -1933809.733900  -305214.837663
          118.125000  -219170.561437 -1933809.471728  -305214.760690
          118.218750  -219170.785806 -1933809.209556  -305214.683717
          118.312500  -219170.785806 -1933809.018503  -305214.522477
          118.406250  -219170.572938 -1933808.008011  -305215.719804
          118.500000  -219171.014007 -1933808.204741  -305214.711462
          118.625000  -219171.238376 -1933807.942569  -305214.634489
          118.718750  -219171.238376 -1933807.560462  -305214.312007
          118.812500  -219171.462744 -1933807.298290  -305214.235034
          118.906250  -219171.683279 -1933807.205602  -305213.569622
          119.000000  -219171.907647 -1933806.752377  -305213.331409
          119.125000  -219172.352550 -1933806.779623  -305212.911505
          119.218750  -219172.576918 -1933806.326398  -305212.673291
          119.312500  -219172.801286 -1933806.064226  -305212.596319
          119.406250  -219173.250023 -1933805.539882  -305212.442373
          119.500000  -219173.250023 -1933805.157775  -305212.119891
          119.625000  -219173.474391 -1933804.704550  -305211.881678
          119.718750  -219173.694926 -1933804.420808  -305211.055025
          119.812500  -219173.915460 -1933804.137066  -305210.228372
          119.906250  -219173.915460 -1933803.754959  -305209.905891
          120.000000  -219174.360363 -1933803.400099  -305209.163506
          120.125000  -219174.580898 -1933803.116357  -305208.336853
          120.218750  -219175.025801 -1933802.952550  -305207.755708
          120.312500  -219175.250169 -1933802.308271  -305207.356254
          120.406250  -219175.698906 -1933801.783928  -305207.202308
          120.500000  -219176.143809 -1933801.620121  -305206.621164
          120.625000  -219176.368177 -1933800.975842  -305206.221710
          120.718750  -219176.813080 -1933800.812035  -305205.640565
          120.812500  -219177.261816 -1933800.096638  -305205.325379
          120.906250  -219177.482351 -1933800.003950  -305204.659967
          121.000000  -219178.151622 -1933799.577971  -305204.001850
          121.125000  -219178.375991 -1933799.124746  -305203.763636
          121.218750  -219178.596525 -1933798.841004  -305202.936983
          121.312500  -219179.265797 -1933798.415025  -305202.278866
          121.406250  -219179.710699 -1933798.251218  -305201.697722
          121.500000  -219179.935068 -1933797.415886  -305201.137027
          121.625000  -219180.604339 -1933796.989907  -305200.478909
          121.718750  -219181.053075 -1933796.274510  -305200.163723
          121.812500  -219181.722347 -1933795.848531  -305199.505606
          121.906250  -219181.946715 -1933795.204252  -305199.106151
          122.000000  -219182.395451 -1933794.488855  -305198.790965
          122.125000  -219183.064723 -1933794.062877  -305198.132848
          122.218750  -219183.513459 -1933793.347480  -305197.817661
          122.312500  -219183.962196 -1933792.632082  -305197.502475
          122.406250  -219184.410932 -1933792.107739  -305197.348529
          122.500000  -219184.635300 -1933791.463460  -305196.949075
          122.625000  -219185.084037 -1933790.939116  -305196.795129
          122.718750  -219185.532773 -1933790.223719  -305196.479942
          122.812500  -219185.981510 -1933789.508322  -305196.164756
          122.906250  -219186.209712 -1933788.694560  -305196.353741
          123.000000  -219186.882816 -1933788.099098  -305196.284063
          123.125000  -219187.331553 -1933787.383701  -305195.968876
          123.218750  -219187.559755 -1933786.569939  -305196.157861
          123.312500  -219188.008491 -1933786.045595  -305196.003915
          123.406250  -219188.461061 -1933785.160715  -305196.277168
          123.500000  -219188.685429 -1933784.516436  -305195.877714
          123.625000  -219189.358534 -1933783.729921  -305195.646795
          123.718750  -219189.807271 -1933783.205577  -305195.492849
          123.812500  -219190.035473 -1933782.200762  -305195.520593
          123.906250  -219190.484209 -1933781.676418  -305195.366647
          124.000000  -219190.932945 -1933780.961021  -305195.051461
          124.125000  -219191.606050 -1933780.365559  -305194.981783
          124.218750  -219191.834252 -1933779.360743  -305195.009527
          124.312500  -219192.282989 -1933778.645346  -305194.694341
          124.406250  -219192.731725 -1933778.121003  -305194.540395
          124.500000  -219193.180462 -1933777.405606  -305194.225208
          124.625000  -219193.408663 -1933776.591844  -305194.414193
          124.718750  -219193.857400 -1933775.876446  -305194.099007
          124.812500  -219194.306136 -1933775.352103  -305193.945061
          124.906250  -219194.754873 -1933774.636706  -305193.629874
          125.000000  -219195.203609 -1933773.921309  -305193.314688
          125.125000  -219195.652346 -1933773.396965  -305193.160742
          125.218750  -219195.880548 -1933772.392149  -305193.188486
          125.312500  -219196.553652 -1933771.796687  -305193.118808
          125.406250  -219196.778021 -1933771.152409  -305192.719354
          125.500000  -219197.226757 -1933770.628065  -305192.565408
          125.625000  -219197.675494 -1933769.912668  -305192.250222
          125.718750  -219198.124230 -1933769.388324  -305192.096276
          125.812500  -219198.352432 -1933768.383509  -305192.124020
          125.906250  -219198.363933 -1933767.110845  -305193.244375
          126.000000  -219198.812669 -1933766.395448  -305192.929188
          126.125000  -219199.037037 -1933765.942223  -305192.690975
          126.218750  -219199.485774 -1933765.226826  -305192.375788
          126.312500  -219200.371746 -1933765.450802  -305190.947542
          126.406250  -219200.592281 -1933765.167060  -305190.120889
          126.500000  -219201.470586 -1933765.921057  -305187.677005
          126.625000  -219201.923156 -1933765.227230  -305188.111498
          126.718750  -219202.143691 -1933764.943488  -305187.284846
          126.812500  -219202.368059 -1933764.681316  -305187.207873
          126.906250  -219202.592427 -1933764.228091  -305186.969659
          127.000000  -219203.037330 -1933764.255337  -305186.549755
          127.125000  -219203.261699 -1933763.802112  -305186.311542
          127.218750  -219203.261699 -1933763.611058  -305186.150301
          127.312500  -219203.706602 -1933763.638305  -305185.730398
          127.406250  -219203.706602 -1933763.447251  -305185.569157
          127.500000  -219203.930970 -1933763.376133  -305185.653425
          127.625000  -219203.930970 -1933763.185080  -305185.492184
          127.718750  -219203.930970 -1933763.185080  -305185.492184
          127.812500  -219204.155338 -1933762.922908  -305185.415211
          127.906250  -219204.155338 -1933762.922908  -305185.415211
          128.000000  -219204.375873 -1933763.212326  -305185.072280
          128.125000  -219204.375873 -1933763.021273  -305184.911040
          128.218750  -219204.151504 -1933763.092391  -305184.826772
          128.312500  -219204.151504 -1933763.092391  -305184.826772
          128.406250  -219204.151504 -1933763.092391  -305184.826772
          128.500000  -219204.147671 -1933763.643981  -305184.560814
          128.625000  -219204.147671 -1933763.643981  -305184.560814
          128.718750  -219203.923303 -1933763.715100  -305184.476546
          128.812500  -219203.923303 -1933763.906153  -305184.637787
          128.906250  -219203.923303 -1933764.097207  -305184.799028
          129.000000  -219203.698934 -1933764.168325  -305184.714760
          129.125000  -219203.474566 -1933764.430497  -305184.791733
          129.218750  -219203.695101 -1933764.910969  -305184.610043
          129.312500  -219203.470733 -1933765.173141  -305184.687016
          129.406250  -219203.246364 -1933765.435312  -305184.763989
          129.500000  -219203.021996 -1933765.506431  -305184.679721
          129.625000  -219202.797628 -1933765.768602  -305184.756694
          129.718750  -219202.573260 -1933766.030774  -305184.833667
          129.812500  -219202.348891 -1933766.292946  -305184.910639
          129.906250  -219202.345058 -1933766.844536  -305184.644682
          130.000000  -219202.120690 -1933767.106708  -305184.721655
          130.125000  -219201.896321 -1933767.368880  -305184.798627
          130.218750  -219201.671953 -1933767.631052  -305184.875600
          130.312500  -219201.447585 -1933767.893224  -305184.952573
          130.406250  -219201.223217 -1933768.155395  -305185.029546
          130.500000  -219200.998848 -1933768.226514  -305184.945278
          130.625000  -219200.550112 -1933768.559804  -305184.937983
          130.718750  -219200.325744 -1933768.821976  -305185.014956
          130.812500  -219200.101375 -1933768.893094  -305184.930688
          130.906250  -219199.877007 -1933769.155266  -305185.007661
          131.000000  -219199.428271 -1933769.297503  -305184.839126
          131.125000  -219198.983368 -1933769.270256  -305185.259029
          131.218750  -219198.534631 -1933769.412493  -305185.090493
          131.312500  -219198.310263 -1933769.674665  -305185.167466
          131.406250  -219198.085895 -1933769.745783  -305185.083199
          131.500000  -219197.416623 -1933769.598601  -305185.257593
          131.625000  -219197.192255 -1933769.860773  -305185.334566
          131.718750  -219196.743519 -1933770.003010  -305185.166031
          131.812500  -219196.519150 -1933770.074128  -305185.081763
          131.906250  -219195.849879 -1933769.926946  -305185.256158
          132.000000  -219195.625511 -1933769.998065  -305185.171890
          132.125000  -219195.176774 -1933770.140302  -305185.003354
          132.218750  -219194.731872 -1933769.730948  -305185.100776
          132.312500  -219194.283135 -1933769.873185  -305184.932241
          132.406250  -219194.058767 -1933769.944303  -305184.847973
          132.500000  -219193.389496 -1933769.797121  -305185.022368
          132.625000  -219192.940759 -1933769.939358  -305184.853832
          132.718750  -219192.495856 -1933769.530005  -305184.951254
          132.812500  -219192.047120 -1933769.672241  -305184.782719
          132.906250  -219191.377848 -1933769.525060  -305184.957114
          133.000000  -219191.153480 -1933769.405124  -305184.711605
          133.125000  -219190.704744 -1933769.547361  -305184.543069
          133.218750  -219190.035473 -1933769.209126  -305184.556224
          133.312500  -219189.811104 -1933769.280244  -305184.471956
          133.406250  -219189.141833 -1933768.942009  -305184.485110
          133.500000  -219188.693097 -1933769.084246  -305184.316574
          133.625000  -219188.244360 -1933769.035429  -305183.986798
          133.718750  -219187.799457 -1933768.817129  -305184.245461
          133.812500  -219187.350721 -1933768.768312  -305183.915684
          133.906250  -219186.681449 -1933768.430077  -305183.928839
          134.000000  -219186.232713 -1933768.572314  -305183.760303
          134.125000  -219185.787810 -1933768.162960  -305183.857725
          134.218750  -219185.339073 -1933768.114144  -305183.527949
          134.312500  -219184.669802 -1933767.966962  -305183.702344
          134.406250  -219184.221066 -1933767.918145  -305183.372567
          134.500000  -219183.776163 -1933767.508792  -305183.469989
          134.625000  -219183.327426 -1933767.651028  -305183.301454
          134.718750  -219182.658155 -1933767.312793  -305183.314608
          134.812500  -219182.213252 -1933767.094493  -305183.573271
          134.906250  -219181.764516 -1933767.045676  -305183.243494
          135.000000  -219181.095244 -1933766.707441  -305183.256648
          135.125000  -219180.646508 -1933766.658624  -305182.926872
          135.218750  -219180.201605 -1933766.440324  -305183.185535
          135.312500  -219179.752869 -1933766.391508  -305182.855758
          135.406250  -219179.304132 -1933766.342691  -305182.525982
          135.500000  -219178.859229 -1933766.124391  -305182.784645
          135.625000  -219178.410493 -1933766.075574  -305182.454868
          135.718750  -219177.965590 -1933765.666221  -305182.552291
          135.812500  -219177.516853 -1933765.617404  -305182.222514
          135.906250  -219176.847582 -1933765.279169  -305182.235668
          136.000000  -219176.623214 -1933765.159233  -305181.990160
          136.125000  -219175.953942 -1933765.012052  -305182.164555
          136.218750  -219175.729574 -1933764.892117  -305181.919046
          136.312500  -219175.280838 -1933764.843300  -305181.589270
          136.406250  -219174.835935 -1933764.433946  -305181.686692
          136.500000  -219174.387198 -1933764.385130  -305181.356915
          136.625000  -219173.717927 -1933764.237948  -305181.531310
          136.718750  -219173.493559 -1933764.118013  -305181.285802
          136.812500  -219172.824288 -1933763.779778  -305181.298956
          136.906250  -219172.599919 -1933763.659843  -305181.053448
          137.000000  -219171.930648 -1933763.512661  -305181.227843
          137.125000  -219171.706280 -1933763.392726  -305180.982334
          137.218750  -219171.037009 -1933763.054491  -305180.995488
          137.312500  -219170.367738 -1933762.716255  -305181.008642
          137.406250  -219170.143369 -1933762.596320  -305180.763134
          137.500000  -219169.694633 -1933762.738557  -305180.594598
          137.625000  -219169.249730 -1933762.329203  -305180.692020
          137.718750  -219168.800993 -1933762.280387  -305180.362244
          137.812500  -219168.356090 -1933761.871033  -305180.459666
          137.906250  -219167.686819 -1933761.532798  -305180.472820
          138.000000  -219167.462451 -1933761.412863  -305180.227312
          138.125000  -219166.793180 -1933761.074628  -305180.240466
          138.218750  -219166.344443 -1933761.025811  -305179.910689
          138.312500  -219165.899540 -1933760.616458  -305180.008112
          138.406250  -219165.450804 -1933760.567641  -305179.678335
          138.500000  -219165.005901 -1933760.158287  -305179.775757
          138.625000  -219164.557164 -1933760.300524  -305179.607222
          138.718750  -219164.112261 -1933759.891170  -305179.704644
          138.812500  -219163.663525 -1933759.842354  -305179.374867
          138.906250  -219163.218622 -1933759.433000  -305179.472289
          139.000000  -219162.769885 -1933759.384183  -305179.142513
          139.125000  -219162.324982 -1933758.974830  -305179.239935
          139.218750  -219161.876246 -1933758.926013  -305178.910159
          139.312500  -219161.431343 -1933758.516660  -305179.007581
          139.406250  -219160.982607 -1933758.467843  -305178.677804
          139.500000  -219160.537704 -1933758.058489  -305178.775226
          139.625000  -219160.088967 -1933758.200726  -305178.606691
          139.718750  -219159.644064 -1933757.791373  -305178.704113
          139.812500  -219158.974793 -1933757.453137  -305178.717267
          139.906250  -219158.750425 -1933757.333202  -305178.471758
          140.000000  -219158.081153 -1933756.994967  -305178.484913
          140.125000  -219157.856785 -1933756.875032  -305178.239404
          140.218750  -219157.411882 -1933756.465678  -305178.336826
          140.312500  -219156.963146 -1933756.416862  -305178.007050
          140.406250  -219156.518243 -1933756.007508  -305178.104472
          140.500000  -219156.069506 -1933755.958691  -305177.774695
          140.625000  -219155.624603 -1933755.740391  -305178.033358
          140.718750  -219155.175867 -1933755.691575  -305177.703582
          140.812500  -219154.730964 -1933755.091168  -305177.639763
          140.906250  -219154.506596 -1933755.162286  -305177.555495
          141.000000  -219153.837324 -1933754.824051  -305177.568650
          141.125000  -219153.388588 -1933754.775234  -305177.238873
          141.218750  -219152.943685 -1933754.365881  -305177.336295
          141.312500  -219152.494949 -1933754.317064  -305177.006519
          141.406250  -219152.050046 -1933753.907710  -305177.103941
          141.500000  -219151.380774 -1933753.569475  -305177.117095
          141.625000  -219151.156406 -1933753.449540  -305176.871587
          141.718750  -219150.487135 -1933753.111305  -305176.884741
          141.812500  -219150.038398 -1933753.062488  -305176.554965
          141.906250  -219149.593495 -1933752.653135  -305176.652387
          142.000000  -219148.924224 -1933752.314899  -305176.665541
          142.125000  -219148.475488 -1933752.266083  -305176.335764
          142.218750  -219148.030585 -1933751.665676  -305176.271946
          142.312500  -219147.361314 -1933751.518494  -305176.446341
          142.406250  -219146.912577 -1933751.278624  -305175.955324
          142.500000  -219146.467674 -1933750.869270  -305176.052746
          142.625000  -219145.798403 -1933750.531035  -305176.065900
          142.718750  -219145.349666 -1933750.482218  -305175.736124
          142.812500  -219144.680395 -1933750.143983  -305175.749278
          142.906250  -219144.456027 -1933750.024048  -305175.503769
          143.000000  -219143.786756 -1933749.685813  -305175.516923
          143.125000  -219143.117485 -1933749.347578  -305175.530078
          143.218750  -219142.668748 -1933749.298761  -305175.200301
          143.312500  -219142.223845 -1933748.698354  -305175.136483
          143.406250  -219141.554574 -1933748.360119  -305175.149637
          143.500000  -219141.105837 -1933748.311302  -305174.819861
          143.625000  -219140.436566 -1933747.973067  -305174.833015
          143.718750  -219139.767295 -1933747.634832  -305174.846169
          143.812500  -219139.322392 -1933747.225478  -305174.943591
          143.906250  -219138.873656 -1933747.176661  -305174.613815
          144.000000  -219138.204384 -1933746.838426  -305174.626969
          144.125000  -219137.535113 -1933746.500191  -305174.640123
          144.218750  -219137.086377 -1933746.260321  -305174.149106
          144.312500  -219136.417105 -1933745.922086  -305174.162260
          144.406250  -219135.972203 -1933745.512732  -305174.259682
          144.500000  -219135.523466 -1933745.463915  -305173.929906
          144.625000  -219134.854195 -1933745.125680  -305173.943060
          144.718750  -219134.184924 -1933744.787445  -305173.956214
          144.812500  -219133.740021 -1933744.378092  -305174.053637
          144.906250  -219133.291284 -1933744.138221  -305173.562619
          145.000000  -219132.622013 -1933743.799986  -305173.575774
          145.125000  -219132.173276 -1933743.751169  -305173.245997
          145.218750  -219131.504005 -1933743.412934  -305173.259151
          145.312500  -219130.834734 -1933743.074699  -305173.272306
          145.406250  -219130.389831 -1933742.665346  -305173.369728
          145.500000  -219129.941095 -1933742.616529  -305173.039951
          145.625000  -219129.271823 -1933742.278294  -305173.053106
          145.718750  -219128.602552 -1933741.940058  -305173.066260
          145.812500  -219128.378184 -1933741.629070  -305172.659511
          145.906250  -219127.708913 -1933741.290835  -305172.672665
          146.000000  -219127.039642 -1933740.952600  -305172.685819
          146.125000  -219126.590905 -1933740.903783  -305172.356043
          146.218750  -219126.146002 -1933740.494429  -305172.453465
          146.312500  -219125.476731 -1933740.156194  -305172.466619
          146.406250  -219124.807460 -1933739.817959  -305172.479773
          146.500000  -219124.358723 -1933739.769142  -305172.149997
          146.625000  -219123.913820 -1933739.359789  -305172.247419
          146.718750  -219123.244549 -1933739.021554  -305172.260573
          146.812500  -219122.795813 -1933738.781683  -305171.769556
          146.906250  -219122.126541 -1933738.634502  -305171.943951
          147.000000  -219121.681638 -1933738.034095  -305171.880132
          147.125000  -219121.232902 -1933737.985278  -305171.550356
          147.218750  -219120.563631 -1933737.647043  -305171.563510
          147.312500  -219119.894360 -1933737.308808  -305171.576664
          147.406250  -219119.669991 -1933737.188872  -305171.331156
          147.500000  -219119.000720 -1933736.850637  -305171.344310
          147.625000  -219118.331449 -1933736.512402  -305171.357464
          147.718750  -219118.107081 -1933736.392467  -305171.111956
          147.812500  -219117.437809 -1933735.863178  -305170.963869
          147.906250  -219116.768538 -1933735.524943  -305170.977024
          148.000000  -219116.099267 -1933735.186708  -305170.990178
          148.125000  -219115.650531 -1933735.137891  -305170.660401
          148.218750  -219115.205628 -1933734.728538  -305170.757823
          148.312500  -219114.536356 -1933734.390303  -305170.770978
          148.406250  -219114.087620 -1933734.341486  -305170.441201
          148.500000  -219113.418349 -1933734.003251  -305170.454356
          148.625000  -219112.973446 -1933733.593897  -305170.551778
          148.718750  -219112.524709 -1933733.545080  -305170.222001
          148.812500  -219111.855438 -1933733.206845  -305170.235155
          148.906250  -219111.410535 -1933732.797492  -305170.332578
          149.000000  -219110.961799 -1933732.748675  -305170.002801
          149.125000  -219110.516896 -1933732.339321  -305170.100223
          149.218750  -219109.847624 -1933732.001086  -305170.113378
          149.312500  -219109.398888 -1933731.952270  -305169.783601
          149.406250  -219108.953985 -1933731.542916  -305169.881023
          149.500000  -219108.284714 -1933731.204681  -305169.894177
          149.625000  -219107.835977 -1933731.155864  -305169.564401
          149.718750  -219107.391074 -1933730.746511  -305169.661823
          149.812500  -219106.942338 -1933730.697694  -305169.332047
          149.906250  -219106.497435 -1933730.288340  -305169.429469
          150.000000  -219105.828164 -1933729.950105  -305169.442623
          150.125000  -219105.379427 -1933729.901288  -305169.112847
          150.218750  -219104.934524 -1933729.491935  -305169.210269
          150.312500  -219104.710156 -1933729.372000  -305168.964760
          150.406250  -219104.040885 -1933729.033765  -305168.977914
          150.500000  -219103.371614 -1933728.695529  -305168.991069
          150.625000  -219103.147245 -1933728.766648  -305168.906801
          150.718750  -219102.477974 -1933728.428413  -305168.919955
          150.812500  -219102.253606 -1933728.308477  -305168.674446
          150.906250  -219101.584335 -1933727.970242  -305168.687601
          151.000000  -219101.359966 -1933727.850307  -305168.442092
          151.125000  -219100.690695 -1933727.703126  -305168.616487
          151.218750  -219100.021424 -1933727.364890  -305168.629641
          151.312500  -219099.797056 -1933727.244955  -305168.384133
          151.406250  -219099.127785 -1933727.097774  -305168.558528
          151.500000  -219098.903416 -1933726.977838  -305168.313019
          151.625000  -219098.234145 -1933726.639603  -305168.326173
          151.718750  -219098.009777 -1933726.710722  -305168.241906
          151.812500  -219097.340506 -1933726.372486  -305168.255060
          151.906250  -219097.116137 -1933726.443605  -305168.170792
          152.000000  -219096.446866 -1933726.105370  -305168.183946
          152.125000  -219096.222498 -1933726.176488  -305168.099678
          152.218750  -219095.553227 -1933725.838253  -305168.112833
          152.312500  -219095.104490 -1933725.980490  -305167.944297
          152.406250  -219094.659587 -1933725.762189  -305168.202960
          152.500000  -219094.210851 -1933725.904426  -305168.034424
          152.625000  -219093.765948 -1933725.495073  -305168.131846
          152.718750  -219093.317211 -1933725.637309  -305167.963311
          152.812500  -219092.872308 -1933725.419009  -305168.221973
          152.906250  -219092.423572 -1933725.561246  -305168.053438
          153.000000  -219091.754301 -1933725.414064  -305168.227833
          153.125000  -219091.529932 -1933725.294129  -305167.982324
          153.218750  -219091.081196 -1933725.436366  -305167.813788
          153.312500  -219090.636293 -1933725.218066  -305168.072451
          153.406250  -219090.187557 -1933725.360303  -305167.903916
          153.500000  -219089.742654 -1933725.142003  -305168.162578
          153.625000  -219089.293917 -1933725.284239  -305167.994043
          153.718750  -219088.624646 -1933725.137058  -305168.168438
          153.812500  -219088.400278 -1933725.208176  -305168.084170
          153.906250  -219087.951541 -1933725.350413  -305167.915634
          154.000000  -219087.506638 -1933725.132113  -305168.174297
          154.125000  -219087.057902 -1933725.465403  -305168.167002
          154.218750  -219086.388630 -1933725.318221  -305168.341397
          154.312500  -219086.164262 -1933725.389339  -305168.257129
          154.406250  -219085.494991 -1933725.242158  -305168.431524
          154.500000  -219085.270623 -1933725.313276  -305168.347256
          154.625000  -219084.821886 -1933725.646566  -305168.339961
          154.718750  -219084.152615 -1933725.499385  -305168.514356
          154.812500  -219083.928247 -1933725.570503  -305168.430088
          154.906250  -219083.479510 -1933725.903793  -305168.422794
          155.000000  -219082.810239 -1933725.756611  -305168.597189
          155.125000  -219082.361503 -1933725.898848  -305168.428653
          155.218750  -219082.137134 -1933726.161020  -305168.505626
          155.312500  -219081.688398 -1933726.303257  -305168.337090
          155.406250  -219081.019127 -1933726.347128  -305168.672726
          155.500000  -219080.794758 -1933726.609300  -305168.749699
          155.625000  -219080.346022 -1933726.751537  -305168.581163
          155.718750  -219079.676751 -1933726.795409  -305168.916799
          155.812500  -219079.452382 -1933727.057580  -305168.993772
          155.906250  -219079.003646 -1933727.199817  -305168.825236
          156.000000  -219078.554909 -1933727.533107  -305168.817941
          156.125000  -219078.106173 -1933727.866398  -305168.810646
          156.218750  -219077.661270 -1933727.839151  -305169.230550
          156.312500  -219077.212534 -1933728.172441  -305169.223255
          156.406250  -219076.763797 -1933728.505731  -305169.215960
          156.500000  -219076.539429 -1933728.576850  -305169.131692
          156.625000  -219075.870158 -1933728.620721  -305169.467328
          156.718750  -219075.645789 -1933728.882893  -305169.544300
          156.812500  -219075.197053 -1933729.216183  -305169.537005
          156.906250  -219074.748316 -1933729.549474  -305169.529711
          157.000000  -219074.523948 -1933730.002699  -305169.767924
          157.125000  -219074.075212 -1933730.335989  -305169.760629
          157.218750  -219073.850843 -1933730.598161  -305169.837602
          157.312500  -219073.402107 -1933730.931451  -305169.830307
          157.406250  -219073.177739 -1933731.193623  -305169.907280
          157.500000  -219072.508467 -1933731.237495  -305170.242916
          157.625000  -219072.284099 -1933731.690720  -305170.481129
          157.718750  -219071.835363 -1933732.024010  -305170.473834
          157.812500  -219071.610994 -1933732.286182  -305170.550807
          157.906250  -219071.162258 -1933732.619472  -305170.543512
          158.000000  -219070.937890 -1933732.881644  -305170.620485
          158.125000  -219070.489153 -1933733.405988  -305170.774431
          158.218750  -219070.264785 -1933733.668159  -305170.851404
          158.312500  -219069.816048 -1933734.001449  -305170.844109
          158.406250  -219069.367312 -1933734.334740  -305170.836814
          158.500000  -219069.142944 -1933734.596911  -305170.913787
          158.625000  -219068.473672 -1933734.831837  -305171.410663
          158.718750  -219068.245471 -1933735.263492  -305170.899197
          158.812500  -219068.021102 -1933735.716717  -305171.137411
          158.906250  -219067.351831 -1933735.760589  -305171.473046
          159.000000  -219067.347998 -1933736.312179  -305171.207089
          159.125000  -219066.899261 -1933736.454416  -305171.038553
          159.218750  -219066.674893 -1933736.907641  -305171.276767
          159.312500  -219066.226156 -1933737.049878  -305171.108231
          159.406250  -219065.777420 -1933737.383168  -305171.100936
          159.500000  -219065.553052 -1933737.645340  -305171.177909
          159.625000  -219065.104315 -1933737.978630  -305171.170614
          159.718750  -219064.879947 -1933738.240802  -305171.247587
          159.812500  -219064.431210 -1933738.574092  -305171.240292
          159.906250  -219064.203009 -1933739.196801  -305170.890066
          160.000000  -219063.978640 -1933739.267919  -305170.805798
          160.125000  -219063.529904 -1933739.601209  -305170.798503
          160.218750  -219063.305536 -1933739.863381  -305170.875476
          160.312500  -219062.856799 -1933740.196671  -305170.868181
          160.406250  -219062.408063 -1933740.529961  -305170.860886
          160.500000  -219062.404229 -1933740.890498  -305170.433688
          160.625000  -219061.955493 -1933741.223788  -305170.426393
          160.718750  -219061.731124 -1933741.485960  -305170.503366
          160.812500  -219061.282388 -1933741.819250  -305170.496071
          160.906250  -219061.058020 -1933741.890368  -305170.411803
          161.000000  -219060.609283 -1933742.223659  -305170.404508
          161.125000  -219060.605450 -1933742.775249  -305170.138550
          161.218750  -219060.156713 -1933742.917486  -305169.970015
          161.312500  -219059.932345 -1933743.179657  -305170.046988
          161.406250  -219059.704143 -1933743.611313  -305169.535521
          161.500000  -219059.255407 -1933743.944603  -305169.528226
          161.625000  -219059.031038 -1933744.206775  -305169.605199
          161.718750  -219058.802836 -1933744.638430  -305169.093733
          161.812500  -219058.578468 -1933744.709548  -305169.009465
          161.906250  -219058.354100 -1933744.971720  -305169.086438
          162.000000  -219058.125898 -1933745.403375  -305168.574972
          162.125000  -219057.677162 -1933745.545612  -305168.406436
          162.218750  -219057.673328 -1933746.097202  -305168.140478
          162.312500  -219057.224592 -1933746.239439  -305167.971942
          162.406250  -219057.220758 -1933746.599975  -305167.544744
          162.500000  -219056.772022 -1933746.933265  -305167.537449
          162.625000  -219056.768188 -1933747.293802  -305167.110251
          162.718750  -219056.543820 -1933747.364921  -305167.025983
          162.812500  -219056.315618 -1933747.796576  -305166.514516
          162.906250  -219056.091250 -1933748.058747  -305166.591489
          163.000000  -219055.642513 -1933748.200984  -305166.422954
          163.125000  -219055.638680 -1933748.561521  -305165.995755
          163.218750  -219055.414311 -1933748.632639  -305165.911487
          163.312500  -219055.410478 -1933749.184230  -305165.645529
          163.406250  -219054.961741 -1933749.326466  -305165.476994
          163.500000  -219054.957908 -1933749.687003  -305165.049795
          163.625000  -219054.733540 -1933749.758121  -305164.965527
          163.718750  -219054.505338 -1933750.189776  -305164.454061
          163.812500  -219054.280970 -1933750.451948  -305164.531034
          163.906250  -219054.056601 -1933750.523067  -305164.446766
          164.000000  -219053.828400 -1933750.954722  -305163.935300
          164.125000  -219053.604031 -1933751.025840  -305163.851032
          164.218750  -219053.600198 -1933751.577430  -305163.585074
          164.312500  -219053.151461 -1933751.719667  -305163.416539
          164.406250  -219053.147628 -1933752.080204  -305162.989340
          164.500000  -219052.923259 -1933752.151322  -305162.905072
          164.625000  -219052.919426 -1933752.511859  -305162.477874
          164.718750  -219052.470689 -1933752.845149  -305162.470579
          164.812500  -219052.246321 -1933752.916267  -305162.386311
          164.906250  -219052.018119 -1933753.347923  -305161.874845
          165.000000  -219051.793751 -1933753.419041  -305161.790577
          165.125000  -219051.789918 -1933753.970631  -305161.524619
          165.218750  -219051.341181 -1933754.112868  -305161.356083
          165.312500  -219051.337347 -1933754.473405  -305160.928885
          165.406250  -219051.112979 -1933754.735576  -305161.005858
          165.500000  -219050.888611 -1933754.806695  -305160.921590
          165.625000  -219050.660409 -1933755.238350  -305160.410124
          165.718750  -219050.436041 -1933755.500522  -305160.487097
          165.812500  -219050.207839 -1933755.932177  -305159.975630
          165.906250  -219049.983471 -1933756.003295  -305159.891362
          166.000000  -219049.755269 -1933756.626004  -305159.541137
          166.125000  -219049.530901 -1933756.697122  -305159.456869
          166.218750  -219049.306533 -1933756.768240  -305159.372601
          166.312500  -219049.078331 -1933757.199896  -305158.861135
          166.406250  -219048.853963 -1933757.462067  -305158.938108
          166.500000  -219048.850129 -1933757.822604  -305158.510909
          166.625000  -219048.401393 -1933757.964841  -305158.342373
          166.718750  -219048.397559 -1933758.516431  -305158.076416
          166.812500  -219048.173191 -1933758.587549  -305157.992148
          166.906250  -219047.724454 -1933758.729786  -305157.823612
          167.000000  -219047.720621 -1933759.281376  -305157.557654
          167.125000  -219047.271884 -1933759.423613  -305157.389119
          167.218750  -219047.268051 -1933759.975203  -305157.123161
          167.312500  -219047.043682 -1933760.046322  -305157.038893
          167.406250  -219046.594946 -1933760.379612  -305157.031598
          167.500000  -219046.370578 -1933760.450730  -305156.947330
          167.625000  -219046.146209 -1933760.712902  -305157.024303
          167.718750  -219046.142376 -1933761.264492  -305156.758345
          167.812500  -219045.473105 -1933761.308364  -305157.093981
          167.906250  -219045.248736 -1933761.570536  -305157.170954
          168.000000  -219045.024368 -1933761.641654  -305157.086686
          168.125000  -219045.020535 -1933762.193244  -305156.820728
          168.218750  -219044.351263 -1933762.428170  -305157.317605
          168.312500  -219044.126895 -1933762.499288  -305157.233337
          168.406250  -219043.902527 -1933762.761460  -305157.310310
          168.500000  -219043.453790 -1933763.285803  -305157.464256
          168.625000  -219043.229422 -1933763.547975  -305157.541229
          168.718750  -219043.005054 -1933763.810147  -305157.618202
          168.812500  -219042.556317 -1933764.143437  -305157.610907
          168.906250  -219042.331949 -1933764.405609  -305157.687879
          169.000000  -219041.883213 -1933764.738899  -305157.680585
          169.125000  -219041.658844 -1933765.192124  -305157.918798
          169.218750  -219041.210108 -1933765.525415  -305157.911503
          169.312500  -219040.985740 -1933765.787586  -305157.988476
          169.406250  -219040.761371 -1933766.240812  -305158.226690
          169.500000  -219040.537003 -1933766.502984  -305158.303663
          169.625000  -219040.312635 -1933766.765155  -305158.380636
          169.718750  -219039.863898 -1933767.098446  -305158.373341
          169.812500  -219042.126749 -1933768.978808  -305165.060548
          169.906250  -219026.279130 -1933758.256826  -305118.846864
          170.000000  -219026.054762 -1933758.518998  -305118.923837
          170.125000  -219025.606025 -1933758.279127  -305118.432820
          170.218750  -219024.700885 -1933757.947300  -305116.112667
          170.312500  -219024.476517 -1933757.827365  -305115.867158
          170.406250  -219024.476517 -1933758.018418  -305116.028399
          170.500000  -219041.229276 -1933769.836442  -305165.207199
          170.625000  -219041.678012 -1933770.076312  -305165.698216
          170.718750  -219041.453644 -1933770.147430  -305165.613948
          170.812500  -219041.453644 -1933770.338484  -305165.775189
          170.906250  -219041.457477 -1933770.169000  -305166.363628
          171.000000  -219041.453644 -1933770.338484  -305165.775189
          171.125000  -219041.229276 -1933770.409602  -305165.690921
          171.218750  -219041.229276 -1933770.409602  -305165.690921
          171.312500  -219041.453644 -1933770.720591  -305166.097671
          171.406250  -219041.457477 -1933770.742161  -305166.847350
          171.500000  -219041.678012 -1933771.222633  -305166.665661
          171.625000  -219041.681846 -1933771.053149  -305167.254100
          171.718750  -219041.681846 -1933771.244203  -305167.415341
          171.812500  -219041.678012 -1933771.413686  -305166.826901
          171.906250  -219041.453644 -1933771.484805  -305166.742633
          172.000000  -219041.449810 -1933771.654288  -305166.154194
          172.125000  -219041.449810 -1933771.845341  -305166.315435
          172.218750  -219041.678012 -1933772.177900  -305167.471864
          172.312500  -219041.674179 -1933772.538437  -305167.044666
          172.406250  -219041.674179 -1933772.729490  -305167.205906
          172.500000  -219041.674179 -1933772.920544  -305167.367147
          172.625000  -219041.674179 -1933772.920544  -305167.367147
          172.718750  -219042.122915 -1933773.351467  -305168.019405
          172.812500  -219042.122915 -1933773.733574  -305168.341887
          172.906250  -219040.989573 -1933773.069188  -305164.865304
          173.000000  -219040.989573 -1933773.451295  -305165.187785
          173.125000  -219040.989573 -1933773.642349  -305165.349026
          173.218750  -219041.210108 -1933773.931767  -305165.006095
          173.312500  -219040.985740 -1933774.002885  -305164.921828
          173.406250  -219040.981906 -1933774.172369  -305164.333388
          173.500000  -219040.529336 -1933774.293035  -305163.415173
          173.625000  -219040.525503 -1933774.271465  -305162.665493
          173.718750  -219040.301134 -1933774.533637  -305162.742466
          173.812500  -219040.521669 -1933774.823055  -305162.399535
          173.906250  -219040.297301 -1933775.085227  -305162.476508
          174.000000  -219040.517835 -1933775.374646  -305162.133577
          174.125000  -219040.517835 -1933775.565699  -305162.294818
          174.218750  -219040.738370 -1933776.046171  -305162.113128
          174.312500  -219040.738370 -1933776.237224  -305162.274369
          174.406250  -219040.738370 -1933776.428278  -305162.435609
          174.500000  -219040.962738 -1933776.548213  -305162.681118
          174.625000  -219040.962738 -1933776.739266  -305162.842359
          174.718750  -219041.183273 -1933777.028685  -305162.499428
          174.812500  -219041.407641 -1933777.148620  -305162.744937
          174.906250  -219041.407641 -1933777.339673  -305162.906177
          175.000000  -219041.632010 -1933777.459608  -305163.151686
          175.125000  -219042.076913 -1933777.868962  -305163.054264
          175.218750  -219042.301281 -1933777.988897  -305163.299772
          175.312500  -219042.301281 -1933778.179951  -305163.461013
          175.406250  -219042.525649 -1933778.108832  -305163.545281
          175.500000  -219042.970552 -1933778.518186  -305163.447859
          175.625000  -219043.194920 -1933778.638121  -305163.693368
          175.718750  -219043.419288 -1933778.758056  -305163.938876
          175.812500  -219043.864191 -1933779.167409  -305163.841454
          175.906250  -219043.864191 -1933779.358463  -305164.002695
          176.000000  -219043.635990 -1933780.363278  -305163.974951
          176.125000  -219044.312928 -1933779.407280  -305164.332471
          176.218750  -219044.757831 -1933779.816633  -305164.235049
          176.312500  -219044.982199 -1933779.936568  -305164.480558
          176.406250  -219045.206567 -1933780.056503  -305164.726066
          176.500000  -219045.430936 -1933780.176439  -305164.971575
          176.625000  -219045.875839 -1933780.394739  -305164.712912
          176.718750  -219046.100207 -1933780.514674  -305164.958421
          176.812500  -219046.545110 -1933780.924027  -305164.860998
          176.906250  -219046.769478 -1933781.043962  -305165.106507
          177.000000  -219046.993846 -1933781.163897  -305165.352016
          177.125000  -219046.765644 -1933782.168713  -305165.324271
          177.218750  -219047.210547 -1933782.387013  -305165.065609
          177.312500  -219047.434916 -1933782.506948  -305165.311117
          177.406250  -219046.982346 -1933783.773935  -305165.360346
          177.500000  -219047.659284 -1933783.964258  -305166.685311
          177.625000  -219047.434916 -1933785.563804  -305167.890969
          177.718750  -219047.210547 -1933787.736510  -305169.580349
          177.812500  -219047.883652 -1933787.523155  -305169.833153
          177.906250  -219048.108020 -1933787.834144  -305170.239902
          178.000000  -219048.328555 -1933788.505669  -305170.219453
          178.125000  -219048.777292 -1933788.936593  -305170.871711
          178.218750  -219049.670931 -1933787.102121  -305169.169176
          178.312500  -219048.108020 -1933792.992587  -305174.593402
          178.406250  -219048.108020 -1933793.565748  -305175.077124
          178.500000  -219048.108020 -1933793.947855  -305175.399605
          178.625000  -219048.552923 -1933794.357208  -305175.302183
          178.718750  -219049.001660 -1933794.597078  -305175.793200
          178.812500  -219052.131315 -1933785.894572  -305168.274281
          178.906250  -219048.556757 -1933798.008794  -305179.115437
          179.000000  -219048.092686 -1933797.682643  -305175.625700
          179.125000  -219048.765791 -1933797.087181  -305175.556022
          179.218750  -219048.990159 -1933797.016063  -305175.640290
          179.312500  -219049.435062 -1933797.234363  -305175.381627
          179.406250  -219053.469857 -1933788.290524  -305169.699139
          179.500000  -219050.328702 -1933797.310426  -305175.291500
          179.625000  -219050.777438 -1933796.595029  -305174.976313
          179.718750  -219051.671078 -1933795.906879  -305174.241223
          179.812500  -219052.119814 -1933795.191481  -305173.926037
          179.906250  -219052.789085 -1933795.147610  -305173.590401
          180.000000  -219055.481504 -1933789.326799  -305170.409356
          180.125000  -219054.804566 -1933791.811226  -305171.341762
          180.218750  -219055.253302 -1933791.477936  -305171.349056
          180.312500  -219055.922574 -1933791.434064  -305171.013421
          180.406250  -219056.371310 -1933791.482881  -305171.343197
          180.500000  -219057.044415 -1933790.887419  -305171.273519
          180.625000  -219057.941888 -1933789.838731  -305170.965628
          180.718750  -219059.059896 -1933788.315249  -305169.669843
          180.812500  -219059.729167 -1933788.271377  -305169.334207
          180.906250  -219060.177903 -1933787.747033  -305169.180261
          181.000000  -219060.847175 -1933787.512108  -305168.683385
          181.125000  -219061.292077 -1933787.539355  -305168.263481
          181.218750  -219061.071543 -1933789.160471  -305170.218819
          181.312500  -219062.413919 -1933786.419549  -305168.039857
          181.406250  -219062.858822 -1933786.255742  -305167.458713
          181.500000  -219063.756295 -1933785.971269  -305167.795784
          181.625000  -219063.976829 -1933786.260687  -305167.452854
          181.718750  -219064.425566 -1933786.309504  -305167.782630
          181.812500  -219064.649934 -1933786.620492  -305168.189379
          181.906250  -219065.091004 -1933786.435115  -305166.858555
          182.000000  -219065.760275 -1933786.200190  -305166.361679
          182.125000  -219065.984643 -1933785.555911  -305165.962224
          182.218750  -219066.653914 -1933784.938879  -305165.142867
          182.312500  -219067.323185 -1933784.512900  -305164.484749
          182.406250  -219068.224492 -1933785.014211  -305166.216464
          182.500000  -219067.992457 -1933784.277975  -305163.987873
          182.625000  -219068.661728 -1933784.234103  -305163.652237
          182.718750  -219069.106631 -1933783.879243  -305162.909852
          182.812500  -219069.330999 -1933783.617071  -305162.832879
          182.906250  -219070.000270 -1933783.573200  -305162.497244
          183.000000  -219070.449007 -1933783.430963  -305162.665779
          183.125000  -219070.673375 -1933783.359844  -305162.750047
          183.218750  -219071.122111 -1933783.408661  -305163.079824
          183.312500  -219072.019584 -1933783.124188  -305163.416895
          183.406250  -219072.692689 -1933782.719779  -305163.508458
          183.500000  -219073.141426 -1933782.768596  -305163.838234
          183.625000  -219073.365794 -1933782.697478  -305163.922502
          183.718750  -219073.810697 -1933783.106831  -305163.825080
          183.812500  -219074.035065 -1933783.035713  -305163.909348
          183.906250  -219074.259433 -1933783.155648  -305164.154856
          184.000000  -219074.479968 -1933783.636120  -305163.973166
          184.125000  -219074.928705 -1933783.684937  -305164.302943
          184.218750  -219075.153073 -1933783.804872  -305164.548451
          184.312500  -219075.597976 -1933784.214225  -305164.451029
          184.406250  -219075.597976 -1933784.405279  -305164.612270
          184.500000  -219076.046712 -1933784.263042  -305164.780806
          184.625000  -219076.271081 -1933784.382977  -305165.026314
          184.718750  -219076.715983 -1933784.601277  -305164.767651
          184.812500  -219076.940352 -1933784.721212  -305165.013160
          184.906250  -219077.389088 -1933784.578976  -305165.181696
          185.000000  -219077.833991 -1933784.797276  -305164.923033
          185.125000  -219077.833991 -1933784.988329  -305165.084274
          185.218750  -219078.282728 -1933784.655039  -305165.091569
          185.312500  -219078.503262 -1933785.135511  -305164.909879
          185.406250  -219078.951999 -1933784.802221  -305164.917174
          185.500000  -219079.396902 -1933785.020521  -305164.658511
          185.625000  -219079.845638 -1933784.878284  -305164.827046
          185.718750  -219080.294375 -1933784.544994  -305164.834341
          185.812500  -219080.518743 -1933784.473875  -305164.918609
          185.906250  -219080.963646 -1933784.692175  -305164.659946
          186.000000  -219081.408549 -1933784.719422  -305164.240043
          186.125000  -219081.857285 -1933784.386132  -305164.247338
          186.218750  -219081.857285 -1933784.386132  -305164.247338
          186.312500  -219082.526557 -1933784.533314  -305164.072943
          186.406250  -219082.975293 -1933784.391077  -305164.241478
          186.500000  -219083.420196 -1933784.418323  -305163.821575
          186.625000  -219083.868933 -1933784.276087  -305163.990111
          186.718750  -219084.317669 -1933784.133850  -305164.158646
          186.812500  -219084.313836 -1933784.494387  -305163.731448
          186.906250  -219084.983107 -1933784.641569  -305163.557053
          187.000000  -219085.431843 -1933784.499332  -305163.725588
          187.125000  -219085.656212 -1933784.428213  -305163.809856
          187.218750  -219086.104948 -1933784.477030  -305164.139633
          187.312500  -219086.549851 -1933784.695330  -305163.880970
          187.406250  -219086.770386 -1933784.984749  -305163.538039
          187.500000  -219086.770386 -1933785.175802  -305163.699280
          187.625000  -219087.443490 -1933784.962447  -305163.952084
          187.718750  -219087.888393 -1933785.371801  -305163.854661
          187.812500  -219088.112762 -1933785.300682  -305163.938929
          187.906250  -219088.557665 -1933785.710036  -305163.841507
          188.000000  -219089.006401 -1933785.567799  -305164.010043
          188.125000  -219089.230769 -1933785.687734  -305164.255551
          188.218750  -219089.451304 -1933786.168206  -305164.073862
          188.312500  -219089.900041 -1933786.025969  -305164.242397
          188.406250  -219090.344943 -1933786.435323  -305164.144975
          188.500000  -219090.569312 -1933786.364204  -305164.229243
          188.625000  -219091.018048 -1933786.413021  -305164.559019
          188.718750  -219091.462951 -1933786.822375  -305164.461597
          188.812500  -219091.462951 -1933786.822375  -305164.461597
          188.906250  -219092.132222 -1933787.160610  -305164.448443
          189.000000  -219092.132222 -1933787.351663  -305164.609684
          189.125000  -219093.025862 -1933787.427727  -305164.519557
          189.218750  -219093.250230 -1933787.547662  -305164.765065
          189.312500  -219093.474598 -1933787.667597  -305165.010574
          189.406250  -219094.143870 -1933787.814779  -305164.836179
          189.500000  -219094.143870 -1933788.005832  -305164.997420
          189.625000  -219094.588772 -1933788.224132  -305164.738757
          189.718750  -219094.813141 -1933788.344067  -305164.984265
          189.812500  -219095.482412 -1933788.682302  -305164.971111
          189.906250  -219095.706780 -1933788.611184  -305165.055379
          190.000000  -219096.155517 -1933788.660001  -305165.385155
          190.125000  -219096.376051 -1933789.140473  -305165.203465
          190.218750  -219096.820954 -1933789.358773  -305164.944803
          190.312500  -219097.269691 -1933789.407590  -305165.274579
          190.406250  -219097.494059 -1933789.336471  -305165.358847
          190.500000  -219097.938962 -1933789.745825  -305165.261425
          190.625000  -219098.163330 -1933789.865760  -305165.506933
          190.718750  -219098.832601 -1933790.012941  -305165.332538
          190.812500  -219099.056970 -1933790.132877  -305165.578047
          190.906250  -219099.501873 -1933790.542230  -305165.480625
          191.000000  -219100.174977 -1933790.328875  -305165.733428
          191.125000  -219100.174977 -1933790.519929  -305165.894669
          191.218750  -219100.619880 -1933790.929282  -305165.797247
          191.312500  -219101.068617 -1933790.787045  -305165.965783
          191.406250  -219101.289152 -1933791.267517  -305165.784093
          191.500000  -219101.737888 -1933791.316334  -305166.113869
          191.625000  -219102.186625 -1933791.365151  -305166.443645
          191.718750  -219102.407159 -1933791.845623  -305166.261956
          191.812500  -219103.076430 -1933791.992804  -305166.087561
          191.906250  -219103.525167 -1933792.041621  -305166.417337
          192.000000  -219103.749535 -1933792.161556  -305166.662846
          192.125000  -219104.194438 -1933792.379856  -305166.404183
          192.218750  -219104.418806 -1933792.499791  -305166.649691
          192.312500  -219104.863709 -1933792.909145  -305166.552269
          192.406250  -219105.312446 -1933792.766908  -305166.720805
          192.500000  -219105.757349 -1933793.176262  -305166.623383
          192.625000  -219105.088078 -1933796.276989  -305169.538870
          192.718750  -219105.308612 -1933796.757461  -305169.357180
          192.812500  -219105.981717 -1933796.735159  -305169.771225
          192.906250  -219106.650988 -1933796.118127  -305168.951867
          193.000000  -219106.875357 -1933796.811223  -305169.681097
          193.125000  -219106.875357 -1933797.384383  -305170.164820
          193.218750  -219107.324093 -1933797.815307  -305170.817077
          193.312500  -219107.768996 -1933798.415714  -305170.880896
          193.406250  -219107.989531 -1933798.896185  -305170.699206
          193.500000  -219108.438267 -1933798.945002  -305171.028983
          193.625000  -219108.662635 -1933798.873884  -305171.113250
          193.718750  -219109.331907 -1933799.021066  -305170.938855
          193.812500  -219109.776810 -1933799.239366  -305170.680193
          193.906250  -219110.449914 -1933798.834957  -305170.771755
          194.000000  -219110.894817 -1933798.862204  -305170.351852
          194.125000  -219111.567922 -1933798.457795  -305170.443415
          194.218750  -219111.788457 -1933798.556160  -305169.939243
          194.312500  -219112.237193 -1933798.031816  -305169.785297
          194.406250  -219113.130833 -1933797.725773  -305169.372689
          194.500000  -219113.800104 -1933797.490848  -305168.875812
          194.625000  -219114.020639 -1933797.589213  -305168.371641
          194.718750  -219114.693743 -1933796.993751  -305168.301963
          194.812500  -219115.363015 -1933796.949879  -305167.966327
          194.906250  -219115.587383 -1933796.687707  -305167.889355
          195.000000  -219116.256654 -1933796.643835  -305167.553719
          195.125000  -219116.701557 -1933796.862135  -305167.295056
          195.218750  -219117.374662 -1933796.457727  -305167.386619
          195.312500  -219117.819565 -1933796.484973  -305166.966715
          195.406250  -219118.488836 -1933796.441102  -305166.631080
          195.500000  -219118.937572 -1933796.298865  -305166.799615
          195.625000  -219119.606844 -1933796.446047  -305166.625220
          195.718750  -219119.831212 -1933796.374928  -305166.709488
          195.812500  -219120.724851 -1933796.450992  -305166.619361
          195.906250  -219121.169754 -1933796.669292  -305166.360698
          196.000000  -219121.618491 -1933796.718108  -305166.690475
          196.125000  -219121.839025 -1933797.198580  -305166.508785
          196.218750  -219122.512130 -1933797.176279  -305166.922829
          196.312500  -219123.181401 -1933797.705567  -305167.070915
          196.406250  -219123.401936 -1933798.186039  -305166.889225
          196.500000  -219123.850673 -1933798.234856  -305167.219002
          196.625000  -219124.519944 -1933798.573091  -305167.205848
          196.718750  -219125.193048 -1933798.550789  -305167.619892
          196.812500  -219125.637951 -1933798.960143  -305167.522470
          196.906250  -219126.082854 -1933799.369496  -305167.425048
          197.000000  -219126.755959 -1933799.347195  -305167.839092
          197.125000  -219127.200862 -1933799.756548  -305167.741670
          197.218750  -219127.649599 -1933799.805365  -305168.071446
          197.312500  -219128.543238 -1933800.072482  -305168.142560
          197.406250  -219128.763773 -1933800.552954  -305167.960870
          197.500000  -219129.212509 -1933800.601771  -305168.290646
          197.625000  -219129.657412 -1933801.202178  -305168.354465
          197.718750  -219130.106149 -1933801.250994  -305168.684241
          197.812500  -219128.984307 -1933806.765030  -305172.616402
          197.906250  -219129.657412 -1933806.933782  -305173.191687
          198.000000  -219131.440858 -1933802.670108  -305168.553216
          198.125000  -219132.566532 -1933802.336087  -305169.724235
          198.218750  -219133.015269 -1933802.384904  -305170.054011
          198.312500  -219132.334497 -1933803.701439  -305169.269292
          198.406250  -219132.555032 -1933804.181911  -305169.087602
          198.500000  -219133.003768 -1933804.230728  -305169.417379
          198.625000  -219132.110129 -1933809.122054  -305173.699765
          198.718750  -219134.121776 -1933803.662512  -305168.927797
          198.812500  -219132.555032 -1933809.340354  -305173.441102
          198.906250  -219132.779400 -1933809.269236  -305173.525370
          199.000000  -219133.003768 -1933809.198118  -305173.609638
          199.125000  -219133.228136 -1933809.509106  -305174.016387
          199.218750  -219134.566679 -1933805.409240  -305169.959060
          199.312500  -219135.015415 -1933805.458057  -305170.288837
          199.406250  -219134.791047 -1933806.102336  -305170.688291
          199.500000  -219134.791047 -1933806.484442  -305171.010773
          199.625000  -219134.566679 -1933806.937668  -305171.248986
          199.718750  -219134.791047 -1933807.248656  -305171.655736
          199.812500  -219134.566679 -1933807.701882  -305171.893949
          199.906250  -219134.566679 -1933808.083989  -305172.216431
          200.000000  -219134.791047 -1933808.394977  -305172.623180
          200.125000  -219134.566679 -1933808.848202  -305172.861394
          200.218750  -219134.791047 -1933808.968138  -305173.106902
          200.312500  -219134.342311 -1933809.301428  -305173.099607
          200.406250  -219134.566679 -1933809.421363  -305173.345116
          200.500000  -219134.566679 -1933809.612416  -305173.506356
          200.625000  -219134.566679 -1933809.612416  -305173.506356
          200.718750  -219134.117942 -1933809.945706  -305173.499061
          200.812500  -219132.984600 -1933811.382908  -305171.796127
          200.906250  -219133.208969 -1933811.502844  -305172.041635
          201.000000  -219133.437170 -1933811.262242  -305172.714342
          201.125000  -219133.212802 -1933811.333360  -305172.630075
          201.218750  -219133.208969 -1933811.693897  -305172.202876
          201.312500  -219133.208969 -1933811.693897  -305172.202876
          201.406250  -219132.984600 -1933811.765015  -305172.118608
          201.500000  -219132.760232 -1933811.836134  -305172.034340
          201.625000  -219132.760232 -1933811.836134  -305172.034340
          201.718750  -219132.760232 -1933811.836134  -305172.034340
          201.812500  -219132.984600 -1933811.765015  -305172.118608
          201.906250  -219133.208969 -1933811.693897  -305172.202876
          202.000000  -219133.433337 -1933811.431725  -305172.125903
          202.125000  -219133.657705 -1933811.360607  -305172.210171
          202.218750  -219133.882073 -1933811.098435  -305172.133198
          202.312500  -219134.330810 -1933810.956198  -305172.301734
          202.406250  -219134.779546 -1933810.813962  -305172.470270
          202.500000  -219135.007748 -1933810.191253  -305172.820495
          202.625000  -219135.456485 -1933809.857963  -305172.827790
          202.718750  -219135.680853 -1933809.786845  -305172.912058
          202.812500  -219136.129589 -1933809.453554  -305172.919353
          202.906250  -219136.353958 -1933809.191383  -305172.842380
          203.000000  -219136.802694 -1933808.858092  -305172.849675
          203.125000  -219137.251431 -1933808.524802  -305172.856970
          203.218750  -219137.475799 -1933808.262630  -305172.779997
          203.312500  -219137.924535 -1933807.929340  -305172.787292
          203.406250  -219138.373272 -1933807.596050  -305172.794587
          203.500000  -219138.822008 -1933807.262760  -305172.801882
          203.625000  -219139.270745 -1933806.738416  -305172.647936
          203.718750  -219139.719481 -1933806.405126  -305172.655231
          203.812500  -219139.947683 -1933805.973471  -305173.166697
          203.906250  -219140.396420 -1933805.449127  -305173.012752
          204.000000  -219141.069525 -1933805.044719  -305173.104314
          204.125000  -219141.518261 -1933804.711429  -305173.111609
          204.218750  -219141.746463 -1933804.088720  -305173.461835
          204.312500  -219142.419568 -1933803.493258  -305173.392157
          204.406250  -219142.868304 -1933803.159968  -305173.399452
          204.500000  -219143.096506 -1933802.537259  -305173.749677
          204.625000  -219143.769611 -1933802.132851  -305173.841240
          204.718750  -219144.218347 -1933801.799561  -305173.848535
          204.812500  -219144.670917 -1933800.914680  -305174.121788
          204.906250  -219145.119654 -1933800.581390  -305174.129083
          205.000000  -219145.792758 -1933800.176982  -305174.220646
          205.125000  -219146.020960 -1933799.554273  -305174.570871
          205.218750  -219151.672335 -1933792.664089  -305180.409306
          205.312500  -219141.495260 -1933805.155168  -305169.097252
          205.406250  -219141.943996 -1933805.012931  -305169.265787
          205.500000  -219142.620935 -1933804.247986  -305169.784549
          205.625000  -219142.624768 -1933803.887449  -305170.211747
          205.718750  -219143.526075 -1933803.051386  -305170.814776
          205.812500  -219152.345440 -1933792.259680  -305180.500869
          205.906250  -219145.788925 -1933800.155411  -305173.470966
          206.000000  -219146.237661 -1933800.013175  -305173.639501
          206.125000  -219146.241495 -1933799.652638  -305174.066700
          206.218750  -219146.465863 -1933799.581520  -305174.150968
          206.312500  -219146.469697 -1933799.220983  -305174.578166
          206.406250  -219154.554621 -1933794.029114  -305176.853798
          206.500000  -219147.998105 -1933801.924845  -305169.823895
          206.625000  -219147.549369 -1933802.258135  -305169.816600
          206.718750  -219147.553202 -1933802.088652  -305170.405039
          206.812500  -219147.549369 -1933802.449188  -305169.977841
          206.906250  -219147.553202 -1933802.088652  -305170.405039
          207.000000  -219147.777571 -1933802.017533  -305170.489307
          207.125000  -219147.781404 -1933801.848050  -305171.077746
          207.218750  -219148.005773 -1933801.776932  -305171.162014
          207.312500  -219148.230141 -1933801.705813  -305171.246282
          207.406250  -219148.233974 -1933801.536330  -305171.834721
          207.500000  -219148.462176 -1933801.295728  -305172.507428
          207.625000  -219148.241641 -1933801.006310  -305172.850359
          207.718750  -219148.245475 -1933800.836827  -305173.438798
          207.812500  -219148.469843 -1933800.765708  -305173.523066
          207.906250  -219148.473677 -1933800.596225  -305174.111505
          208.000000  -219148.477510 -1933800.235688  -305174.538703
          208.125000  -219148.481344 -1933800.066205  -305175.127143
          208.218750  -219148.485177 -1933799.705668  -305175.554341
          208.312500  -219148.489011 -1933799.536185  -305176.142780
          208.406250  -219142.402211 -1933786.579087  -305198.472737
          208.500000  -219146.972103 -1933795.941766  -305182.339888
          208.625000  -219146.751568 -1933795.843401  -305182.844059
          208.718750  -219146.975936 -1933795.772283  -305182.928327
          208.812500  -219146.979770 -1933795.602800  -305183.516766
          208.906250  -219146.763069 -1933795.143898  -305184.448136
          209.000000  -219146.766902 -1933794.974415  -305185.036576
          209.125000  -219146.550201 -1933794.515513  -305185.967945
          209.218750  -219146.333500 -1933794.056611  -305186.899315
          209.312500  -219146.337334 -1933793.887128  -305187.487755
          209.406250  -219146.341167 -1933793.717645  -305188.076194
          209.500000  -219146.345001 -1933793.548161  -305188.664633
          209.625000  -219146.124466 -1933793.258743  -305189.007564
          209.718750  -219146.128299 -1933793.089260  -305189.596003
          209.812500  -219146.132133 -1933792.919776  -305190.184442
          209.906250  -219146.135967 -1933792.559240  -305190.611641
          210.000000  -219145.915432 -1933792.460875  -305191.115812
          210.125000  -219145.915432 -1933792.651928  -305191.277053
          210.218750  -219145.919265 -1933792.291391  -305191.704251
          210.312500  -219145.698731 -1933792.001973  -305192.047182
          210.406250  -219145.269162 -1933790.723633  -305194.337120
          210.500000  -219145.048627 -1933790.625268  -305194.841291
          210.625000  -219145.048627 -1933790.625268  -305194.841291
          210.718750  -219145.044794 -1933790.985805  -305194.414093
          210.812500  -219145.048627 -1933790.816321  -305195.002532
          210.906250  -219144.824259 -1933790.887440  -305194.918264
          211.000000  -219144.824259 -1933790.887440  -305194.918264
          211.125000  -219145.044794 -1933791.176858  -305194.575334
          211.218750  -219145.044794 -1933791.176858  -305194.575334
          211.312500  -219144.611391 -1933790.068001  -305196.276833
          211.406250  -219144.619059 -1933789.346928  -305197.131230
          211.500000  -219144.622892 -1933789.177444  -305197.719669
          211.625000  -219144.402357 -1933788.888026  -305198.062600
          211.718750  -219144.622892 -1933789.177444  -305197.719669
          211.812500  -219147.562681 -1933785.516525  -305200.894620
          211.906250  -219152.533284 -1933779.942877  -305205.948336
          212.000000  -219157.279519 -1933774.249293  -305210.756543
          212.125000  -219157.279519 -1933774.249293  -305210.756543
          212.218750  -219155.917975 -1933776.500257  -305208.864623
          212.312500  -219153.883327 -1933778.773523  -305206.558660
          212.406250  -219152.297415 -1933781.095605  -305204.582472
          212.500000  -219138.054876 -1933798.154786  -305189.408170
          212.625000  -219139.412586 -1933796.264358  -305190.872891
          212.718750  -219140.089525 -1933795.690466  -305191.552893
          212.812500  -219141.895971 -1933793.657802  -305193.186150
          212.906250  -219141.222866 -1933793.871157  -305192.933346
          213.000000  -219141.671603 -1933793.728921  -305193.101882
          213.125000  -219141.671603 -1933793.537867  -305192.940641
          213.218750  -219142.352375 -1933792.412385  -305193.886601
          213.312500  -219142.352375 -1933792.603439  -305194.047842
          213.406250  -219143.253681 -1933791.767375  -305194.650871
          213.500000  -219143.025479 -1933792.199030  -305194.139405
          213.625000  -219143.478050 -1933791.505203  -305194.573898
          213.718750  -219144.383190 -1933790.499656  -305195.765366
          213.812500  -219144.611391 -1933789.876948  -305196.115592
          213.906250  -219145.288330 -1933789.303056  -305196.795594
          214.000000  -219146.189636 -1933788.466992  -305197.398623
          214.125000  -219146.638373 -1933788.324756  -305197.567159
          214.218750  -219146.866575 -1933787.893101  -305198.078625
          214.312500  -219147.315311 -1933787.750864  -305198.247161
          214.406250  -219147.764048 -1933787.608627  -305198.415697
          214.500000  -219147.992249 -1933786.985919  -305198.765922
          214.625000  -219148.440986 -1933786.843682  -305198.934458
          214.718750  -219149.342292 -1933786.198672  -305199.698728
          214.812500  -219149.794862 -1933785.695898  -305200.294462
          214.906250  -219150.243599 -1933785.553662  -305200.462997
          215.000000  -219150.692335 -1933785.411425  -305200.631533
          215.125000  -219151.365440 -1933785.198070  -305200.884337
          215.218750  -219152.038545 -1933784.984715  -305201.137140
          215.312500  -219152.262913 -1933784.913596  -305201.221408
          215.406250  -219152.936018 -1933784.700241  -305201.474212
          215.500000  -219153.160386 -1933784.629123  -305201.558479
          215.625000  -219153.833491 -1933784.415768  -305201.811283
          215.718750  -219154.959166 -1933783.699639  -305202.659821
          215.812500  -219154.959166 -1933783.699639  -305202.659821
          215.906250  -219155.856639 -1933783.606219  -305203.158133
          216.000000  -219156.305375 -1933783.463983  -305203.326668
          216.125000  -219156.978480 -1933783.250628  -305203.579472
          216.218750  -219157.875953 -1933782.966154  -305203.916543
          216.312500  -219158.100321 -1933783.086089  -305204.162052
          216.406250  -219158.549058 -1933782.943853  -305204.330587
          216.500000  -219159.218329 -1933783.091034  -305204.156192
          216.625000  -219159.442697 -1933783.210969  -305204.401701
          216.718750  -219160.111968 -1933783.358151  -305204.227306
          216.812500  -219160.785073 -1933783.335850  -305204.641350
          216.906250  -219161.233810 -1933783.193613  -305204.809886
          217.000000  -219161.454344 -1933783.674085  -305204.628196
          217.125000  -219161.674879 -1933784.154557  -305204.446506
          217.218750  -219162.119782 -1933784.372857  -305204.187843
          217.312500  -219162.792887 -1933784.350555  -305204.601888
          217.406250  -219163.013421 -1933784.831027  -305204.420198
          217.500000  -219163.458324 -1933785.049327  -305204.161535
          217.625000  -219164.131429 -1933785.027025  -305204.575579
          217.718750  -219164.127596 -1933785.578616  -305204.309621
          217.812500  -219165.021235 -1933785.654679  -305204.219494
          217.906250  -219165.245603 -1933785.774614  -305204.465003
          218.000000  -219165.914874 -1933786.112849  -305204.451849
          218.125000  -219166.359777 -1933786.331149  -305204.193186
          218.218750  -219166.804680 -1933786.740503  -305204.095764
          218.312500  -219167.249583 -1933787.149856  -305203.998342
          218.406250  -219167.473952 -1933787.269791  -305204.243850
          218.500000  -219168.143223 -1933787.416973  -305204.069455
          218.625000  -219169.036862 -1933787.684090  -305204.140569
          218.718750  -219169.257397 -1933788.164562  -305203.958879
          218.812500  -219169.481765 -1933788.093443  -305204.043147
          218.906250  -219170.151036 -1933788.431679  -305204.029992
          219.000000  -219170.820308 -1933788.769914  -305204.016838
          219.125000  -219171.265211 -1933789.179267  -305203.919416
          219.218750  -219171.938315 -1933788.965912  -305204.172220
          219.312500  -219172.383218 -1933789.375266  -305204.074797
          219.406250  -219173.052489 -1933789.713501  -305204.061643
          219.500000  -219173.501226 -1933789.762318  -305204.391420
          219.625000  -219173.942295 -1933790.532208  -305203.866799
          219.718750  -219174.615400 -1933790.318853  -305204.119603
          219.812500  -219175.284671 -1933790.657088  -305204.106448
          219.906250  -219173.253856 -1933793.142977  -305202.711405
          220.000000  -219173.923128 -1933793.290159  -305202.537010
          220.125000  -219174.368031 -1933793.699513  -305202.439588
          220.218750  -219177.516853 -1933791.600675  -305204.151253
          220.312500  -219179.315633 -1933790.480138  -305205.091354
          220.406250  -219178.859229 -1933791.725555  -305204.390903
          220.500000  -219178.855396 -1933792.468199  -305204.286186
          220.625000  -219178.847728 -1933793.380326  -305203.593029
          220.718750  -219179.068263 -1933793.860798  -305203.411340
          220.812500  -219178.840061 -1933794.483506  -305203.061114
          220.906250  -219179.060596 -1933794.963978  -305202.879424
          221.000000  -219179.505499 -1933795.373332  -305202.782002
          221.125000  -219180.178604 -1933795.159977  -305203.034805
          221.218750  -219181.076077 -1933794.875503  -305203.371877
          221.312500  -219183.760829 -1933789.202606  -305198.852713
          221.406250  -219185.567275 -1933787.360995  -305200.647210
          221.500000  -219173.127349 -1933802.939102  -305186.840207
          221.625000  -219174.253024 -1933802.222974  -305187.688745
          221.718750  -219174.926129 -1933802.009619  -305187.941548
          221.812500  -219175.603067 -1933801.435727  -305188.621550
          221.906250  -219176.051804 -1933801.484543  -305188.951327
          222.000000  -219176.047970 -1933801.845080  -305188.524128
          222.125000  -219176.500540 -1933801.342307  -305189.119862
          222.218750  -219175.610734 -1933804.535723  -305192.700762
          222.312500  -219176.059471 -1933804.393486  -305192.869297
          222.406250  -219177.401847 -1933801.270457  -305190.367854
          222.500000  -219178.310820 -1933802.770175  -305194.405132
          222.625000  -219178.086452 -1933803.032347  -305194.482105
          222.718750  -219178.090286 -1933802.862864  -305195.070544
          222.812500  -219178.090286 -1933802.862864  -305195.070544
          222.906250  -219179.668530 -1933801.452908  -305196.353575
          223.000000  -219181.246775 -1933800.042953  -305197.636606
          223.125000  -219182.148082 -1933799.397943  -305198.400876
          223.218750  -219182.600652 -1933798.895169  -305198.996610
          223.312500  -219181.927547 -1933799.299578  -305198.905048
          223.406250  -219181.254442 -1933799.895040  -305198.974726
          223.500000  -219180.353136 -1933800.731103  -305198.371697
          223.625000  -219180.132601 -1933800.632739  -305198.875868
          223.718750  -219179.683865 -1933800.966029  -305198.868573
          223.812500  -219178.558190 -1933801.873211  -305198.181276
          223.906250  -219177.656883 -1933802.709274  -305197.578247
          224.000000  -219176.983779 -1933803.113683  -305197.486684
          224.125000  -219176.082472 -1933803.949746  -305196.883655
          224.218750  -219175.405534 -1933804.905745  -305196.526134
          224.312500  -219174.283692 -1933805.261337  -305196.104795
          224.406250  -219173.606754 -1933806.026282  -305195.586034
          224.500000  -219172.709281 -1933806.501809  -305195.410203
          224.625000  -219172.032343 -1933807.457808  -305195.052683
          224.718750  -219170.906668 -1933808.364990  -305194.365386
          224.812500  -219170.229730 -1933809.129935  -305193.846625
          224.906250  -219169.328423 -1933809.965999  -305193.243595
          225.000000  -219168.427117 -1933810.802062  -305192.640566
          225.125000  -219167.529644 -1933811.086536  -305192.303495
          225.218750  -219167.525810 -1933810.682859  -305191.231334
          225.312500  -219166.848872 -1933811.447804  -305190.712572
          225.406250  -219166.400135 -1933811.398987  -305190.382796
          225.500000  -219165.947565 -1933812.092814  -305189.948302
          225.625000  -219175.545564 -1933778.185758  -305158.027463
          225.718750  -219175.321196 -1933778.256877  -305157.943195
          225.812500  -219175.092994 -1933777.924318  -305156.786766
          225.906250  -219174.868626 -1933777.613329  -305156.380017
          226.000000  -219174.864792 -1933777.782812  -305155.791578
          226.125000  -219174.864792 -1933777.782812  -305155.791578
          226.218750  -219174.416056 -1933777.733996  -305155.461801
          226.312500  -219192.747059 -1933790.243652  -305207.697281
          226.406250  -219193.868900 -1933788.932793  -305207.312416
          226.500000  -219192.073954 -1933791.221221  -305208.089440
          226.625000  -219191.849586 -1933791.483392  -305208.166413
          226.718750  -219191.849586 -1933791.483392  -305208.166413
          226.812500  -219193.648366 -1933789.025481  -305207.977828
          226.906250  -219189.114998 -1933784.266349  -305192.297849
          227.000000  -219188.890630 -1933783.955360  -305191.891100
          227.125000  -219189.114998 -1933783.884242  -305191.975368
          227.218750  -219188.441893 -1933784.288650  -305191.883805
          227.312500  -219184.167396 -1933790.160472  -305191.903454
          227.406250  -219186.434080 -1933792.826618  -305199.985304
          227.500000  -219178.550523 -1933798.391108  -305193.779583
          227.625000  -219174.279859 -1933803.520286  -305193.903949
          227.718750  -219174.504227 -1933803.640221  -305194.149457
          227.812500  -219174.508061 -1933803.852844  -305195.060378
          227.906250  -219175.181165 -1933803.830543  -305195.474422
          228.000000  -219182.403118 -1933801.983081  -305206.578713
          228.125000  -219169.339924 -1933812.323351  -305197.427524
          228.218750  -219168.666819 -1933812.918813  -305197.497202
          228.312500  -219168.891187 -1933812.847695  -305197.581470
          228.406250  -219168.670653 -1933812.940383  -305198.246882
          228.500000  -219167.993714 -1933813.323221  -305197.405639
          228.625000  -219179.482498 -1933805.369744  -305206.829681
          228.718750  -219166.191101 -1933813.657974  -305195.070896
          228.812500  -219167.316776 -1933812.177632  -305195.274471
          228.906250  -219167.989881 -1933811.964277  -305195.527274
          229.000000  -219167.765513 -1933811.844342  -305195.281766
          229.125000  -219167.541144 -1933811.724407  -305195.036257
          229.218750  -219179.935068 -1933803.911704  -305206.619211
          229.312500  -219171.595107 -1933808.046862  -305197.455668
          229.406250  -219171.146371 -1933807.998045  -305197.125892
          229.500000  -219172.496414 -1933806.446585  -305197.413735
          229.625000  -219171.823309 -1933806.659940  -305197.160931
          229.718750  -219172.720782 -1933806.184413  -305197.336762
          229.812500  -219180.840208 -1933802.715103  -305207.649439
          229.906250  -219177.447849 -1933801.338246  -305199.202773
          230.000000  -219179.246629 -1933798.689281  -305198.852948
          230.125000  -219180.372304 -1933796.635778  -305198.572800
          230.218750  -219179.923567 -1933796.778015  -305198.404265
          230.312500  -219179.923567 -1933796.586961  -305198.243024
          230.406250  -219180.391471 -1933800.946805  -305205.868496
          230.500000  -219181.501812 -1933795.941220  -305200.171018
          230.625000  -219181.730014 -1933795.891672  -305201.004966
          230.718750  -219181.954382 -1933795.820553  -305201.089233
          230.812500  -219181.281277 -1933796.416015  -305201.158911
          230.906250  -219181.056909 -1933796.869241  -305201.397125
          231.000000  -219182.638987 -1933794.525588  -305202.623632
          231.125000  -219183.087724 -1933794.192298  -305202.630927
          231.218750  -219182.863356 -1933794.454470  -305202.707900
          231.312500  -219183.087724 -1933794.383351  -305202.792168
          231.406250  -219182.867189 -1933794.093933  -305203.135099
          231.500000  -219183.091557 -1933794.213868  -305203.380607
          231.625000  -219183.315926 -1933794.142750  -305203.464875
          231.718750  -219183.319759 -1933793.782213  -305203.892074
          231.812500  -219183.544127 -1933793.711094  -305203.976342
          231.906250  -219183.768496 -1933793.639976  -305204.060609
          232.000000  -219183.772329 -1933793.279439  -305204.487808
          232.125000  -219183.996698 -1933793.208321  -305204.572076
          232.218750  -219184.221066 -1933793.328256  -305204.817584
          232.312500  -219184.000531 -1933793.038838  -305205.160515
          232.406250  -219184.224899 -1933792.967719  -305205.244783
          232.500000  -219184.228733 -1933792.607183  -305205.671981
          232.625000  -219184.453101 -1933792.536064  -305205.756249
          232.718750  -219184.232566 -1933792.437699  -305206.260420
          232.812500  -219184.456935 -1933792.366581  -305206.344688
          232.906250  -219184.456935 -1933792.366581  -305206.344688
          233.000000  -219184.460768 -1933792.006044  -305206.771887
          233.125000  -219184.685136 -1933792.125979  -305207.017395
          233.218750  -219184.460768 -1933792.197098  -305206.933128
          233.312500  -219184.460768 -1933792.197098  -305206.933128
          233.406250  -219184.460768 -1933792.197098  -305206.933128
          233.500000  -219184.460768 -1933792.388151  -305207.094368
          233.625000  -219184.460768 -1933792.388151  -305207.094368
          233.718750  -219184.685136 -1933792.317033  -305207.178636
          233.812500  -219184.685136 -1933792.317033  -305207.178636
          233.906250  -219185.130039 -1933792.344279  -305206.758733
          234.000000  -219185.130039 -1933792.344279  -305206.758733
          234.125000  -219185.130039 -1933792.344279  -305206.758733
          234.218750  -219185.354408 -1933792.273161  -305206.843000
          234.312500  -219185.354408 -1933792.273161  -305206.843000
          234.406250  -219185.574942 -1933792.562579  -305206.500070
          234.500000  -219185.799311 -1933792.491461  -305206.584338
          234.625000  -219185.799311 -1933792.491461  -305206.584338
          234.718750  -219186.023679 -1933792.420343  -305206.668605
          234.812500  -219186.244214 -1933792.709761  -305206.325675
          234.906250  -219186.468582 -1933792.829696  -305206.571183
          235.000000  -219186.692950 -1933792.567524  -305206.494210
          235.125000  -219186.692950 -1933792.758578  -305206.655451
          235.218750  -219186.917318 -1933792.687460  -305206.739719
          235.312500  -219186.917318 -1933792.687460  -305206.739719
          235.406250  -219187.141687 -1933792.616341  -305206.823987
          235.500000  -219187.141687 -1933792.616341  -305206.823987
          235.625000  -219187.141687 -1933792.616341  -305206.823987
          235.718750  -219187.141687 -1933792.807395  -305206.985228
          235.812500  -219187.141687 -1933792.616341  -305206.823987
          235.906250  -219187.141687 -1933792.616341  -305206.823987
          236.000000  -219187.141687 -1933792.616341  -305206.823987
          236.125000  -219187.362221 -1933792.905760  -305206.481056
          236.218750  -219187.586589 -1933792.643588  -305206.404083
          236.312500  -219187.586589 -1933792.643588  -305206.404083
          236.406250  -219187.810958 -1933792.381416  -305206.327110
          236.500000  -219187.810958 -1933792.381416  -305206.327110
          236.625000  -219188.035326 -1933792.119244  -305206.250138
          236.718750  -219188.035326 -1933792.119244  -305206.250138
          236.812500  -219188.035326 -1933791.928191  -305206.088897
          236.906250  -219188.035326 -1933791.737137  -305205.927656
          237.000000  -219187.350721 -1933791.503675  -305203.103331
          237.125000  -219187.350721 -1933791.312621  -305202.942090
          237.218750  -219187.350721 -1933791.312621  -305202.942090
          237.312500  -219187.575089 -1933791.050449  -305202.865118
          237.406250  -219187.575089 -1933790.859396  -305202.703877
          237.500000  -219187.575089 -1933790.668343  -305202.542636
          237.625000  -219187.799457 -1933790.406171  -305202.465663
          237.718750  -219187.803291 -1933790.045634  -305202.892862
          237.812500  -219188.252027 -1933789.712344  -305202.900157
          237.906250  -219188.476395 -1933789.641225  -305202.984425
          238.000000  -219188.700764 -1933789.379054  -305202.907452
          238.125000  -219188.700764 -1933789.188000  -305202.746211
          238.218750  -219188.925132 -1933788.925828  -305202.669238
          238.312500  -219189.149500 -1933788.663657  -305202.592265
          238.406250  -219189.373868 -1933788.401485  -305202.515292
          238.500000  -219189.598237 -1933787.948259  -305202.277079
          238.625000  -219189.602070 -1933787.396669  -305202.543036
          238.718750  -219189.826438 -1933787.134497  -305202.466063
          238.812500  -219190.050807 -1933786.872326  -305202.389091
          238.906250  -219190.275175 -1933786.419100  -305202.150877
          239.000000  -219190.275175 -1933786.228047  -305201.989636
          239.125000  -219190.723911 -1933785.894757  -305201.996931
          239.218750  -219190.948280 -1933785.632585  -305201.919958
          239.312500  -219190.952113 -1933784.889941  -305202.024675
          239.406250  -219191.176481 -1933784.627769  -305201.947702
          239.500000  -219191.400850 -1933784.365597  -305201.870730
          239.625000  -219191.400850 -1933783.983491  -305201.548248
          239.718750  -219191.625218 -1933783.721319  -305201.471275
          239.812500  -219191.849586 -1933783.459147  -305201.394302
          239.906250  -219191.853420 -1933782.907557  -305201.660260
          240.000000  -219192.077788 -1933782.454331  -305201.422046
          240.125000  -219192.302156 -1933782.192160  -305201.345074
          240.218750  -219192.302156 -1933782.001106  -305201.183833
          240.312500  -219192.526525 -1933781.547881  -305200.945619
          240.406250  -219192.750893 -1933781.285709  -305200.868646
          240.500000  -219192.975261 -1933780.832484  -305200.630433
          240.625000  -219192.975261 -1933780.641430  -305200.469192
          240.718750  -219192.979095 -1933780.089840  -305200.735150
          240.812500  -219192.979095 -1933779.898787  -305200.573909
          240.906250  -219193.203463 -1933779.445561  -305200.335695
          241.000000  -219193.203463 -1933779.445561  -305200.335695
          241.125000  -219193.427831 -1933779.183389  -305200.258722
          241.218750  -219193.427831 -1933778.992336  -305200.097482
          241.312500  -219193.427831 -1933778.992336  -305200.097482
          241.406250  -219193.427831 -1933778.801283  -305199.936241
          241.500000  -219193.652199 -1933778.730164  -305200.020509
          241.625000  -219193.652199 -1933778.730164  -305200.020509
          241.718750  -219193.652199 -1933778.539111  -305199.859268
          241.812500  -219193.652199 -1933778.539111  -305199.859268
          241.906250  -219193.652199 -1933778.539111  -305199.859268
          242.000000  -219193.652199 -1933778.539111  -305199.859268
          242.125000  -219193.652199 -1933778.539111  -305199.859268
          242.218750  -219193.652199 -1933778.539111  -305199.859268
          242.312500  -219193.652199 -1933778.348057  -305199.698027
          242.406250  -219193.652199 -1933778.348057  -305199.698027
          242.500000  -219193.652199 -1933778.348057  -305199.698027
          242.625000  -219193.427831 -1933778.419176  -305199.613760
          242.718750  -219193.427831 -1933778.610229  -305199.775000
          242.812500  -219193.203463 -1933778.681347  -305199.690732
          242.906250  -219193.203463 -1933778.681347  -305199.690732
          243.000000  -219192.979095 -1933778.752466  -305199.606465
          243.125000  -219192.979095 -1933778.943519  -305199.767705
          243.218750  -219192.754726 -1933779.014638  -305199.683437
          243.312500  -219192.530358 -1933779.276809  -305199.760410
          243.406250  -219192.530358 -1933779.467863  -305199.921651
          243.500000  -219192.305990 -1933779.730035  -305199.998624
          243.625000  -219192.081622 -1933779.992207  -305200.075597
          243.718750  -219191.857253 -1933780.063325  -305199.991329
          243.812500  -219191.632885 -1933780.325497  -305200.068302
          243.906250  -219191.408517 -1933780.778722  -305200.306516
          244.000000  -219191.184149 -1933781.040894  -305200.383488
          244.125000  -219190.735412 -1933781.374184  -305200.376194
          244.218750  -219190.511044 -1933781.827409  -305200.614407
          244.312500  -219190.062307 -1933782.160699  -305200.607112
          244.406250  -219189.837939 -1933782.613925  -305200.845326
          244.500000  -219189.613571 -1933782.876097  -305200.922299
          244.625000  -219189.164834 -1933783.400440  -305201.076244
          244.718750  -219188.716098 -1933783.924784  -305201.230190
          244.812500  -219188.046827 -1933784.159709  -305201.727067
          244.906250  -219188.042993 -1933784.711299  -305201.461109
          245.000000  -219187.149354 -1933785.017343  -305201.873718
          245.125000  -219186.924985 -1933785.661622  -305202.273172
          245.218750  -219186.476249 -1933786.185965  -305202.427118
          245.312500  -219185.803144 -1933786.781427  -305202.496796
          245.406250  -219185.354408 -1933787.305771  -305202.650741
          245.500000  -219184.905671 -1933787.830115  -305202.804687
          245.625000  -219184.456935 -1933788.354458  -305202.958633
          245.718750  -219183.783830 -1933789.140974  -305203.189552
          245.812500  -219183.335093 -1933789.665317  -305203.343497
          245.906250  -219182.886357 -1933790.189661  -305203.497443
          246.000000  -219181.988884 -1933791.047295  -305203.644094
          246.125000  -219181.536314 -1933792.123229  -305203.532082
          246.218750  -219180.863209 -1933792.718691  -305203.601760
          246.312500  -219180.414473 -1933793.434088  -305203.916947
          246.406250  -219179.969570 -1933793.597895  -305204.498091
          246.500000  -219181.772183 -1933792.307874  -305206.026631
          246.625000  -219175.470704 -1933797.821353  -305202.982305
          246.718750  -219175.021968 -1933798.345697  -305203.136251
          246.812500  -219174.573231 -1933799.061094  -305203.451437
          246.906250  -219173.900126 -1933799.656556  -305203.521115
          247.000000  -219173.451390 -1933800.371953  -305203.836302
          247.125000  -219173.002653 -1933800.896297  -305203.990248
          247.218750  -219172.329549 -1933801.682812  -305204.221166
          247.312500  -219171.880812 -1933802.207156  -305204.375112
          247.406250  -219171.207707 -1933802.993671  -305204.606031
          247.500000  -219170.758971 -1933803.709068  -305204.921217
          247.625000  -219170.085866 -1933804.304530  -305204.990895
          247.718750  -219169.412761 -1933805.091046  -305205.221814
          247.812500  -219168.964025 -1933805.615389  -305205.375760
          247.906250  -219168.515288 -1933806.139733  -305205.529706
          248.000000  -219168.283253 -1933807.314032  -305204.913522
          248.125000  -219167.032882 -1933802.166285  -305217.990211
          248.218750  -219166.515142 -1933806.505542  -305208.197213
          248.312500  -219168.101054 -1933806.858208  -305212.430771
          248.406250  -219165.153598 -1933807.801239  -305205.499090
          248.500000  -219164.731696 -1933806.566039  -305209.288388
          248.625000  -219162.324982 -1933802.726074  -305216.164062
          248.718750  -219161.222309 -1933801.661088  -305218.201197
          248.812500  -219160.781240 -1933801.464359  -305219.209540
          248.906250  -219160.568372 -1933800.835974  -305220.729349
          249.000000  -219165.884206 -1933801.988779  -305211.998630
          249.125000  -219166.100907 -1933802.447681  -305211.067260
          249.218750  -219165.876539 -1933802.709852  -305211.144233
          249.312500  -219156.579580 -1933800.677035  -305227.507201
          249.406250  -219155.473072 -1933800.545747  -305229.600859
          249.500000  -219154.811468 -1933800.632759  -305231.435855
          249.625000  -219153.260058 -1933800.856332  -305234.271898
          249.718750  -219152.818989 -1933800.850655  -305235.441482
          249.812500  -219153.039524 -1933801.331127  -305235.259792
          249.906250  -219153.043357 -1933801.352697  -305236.009472
          250.000000  -219153.708795 -1933801.860416  -305235.407878
          250.125000  -219154.378066 -1933802.007597  -305235.233483
          250.218750  -219154.157531 -1933801.909233  -305235.737655
          250.312500  -219154.161365 -1933801.930803  -305236.487334
          250.406250  -219155.902641 -1933805.454103  -305230.374495
          250.500000  -219156.130843 -1933804.831395  -305230.724720
          250.625000  -219156.138510 -1933804.110321  -305231.579117
          250.718750  -219156.587247 -1933803.777031  -305231.586412
          250.812500  -219156.594914 -1933803.055957  -305232.440809
          250.906250  -219156.378213 -1933802.406002  -305233.210938
          251.000000  -219156.161511 -1933801.947101  -305234.142308
          251.125000  -219155.724276 -1933801.007727  -305235.255368
          251.218750  -219156.173012 -1933800.674437  -305235.262663
          251.312500  -219155.731943 -1933800.286653  -305236.109765
          251.406250  -219155.735776 -1933799.926117  -305236.536963
          251.500000  -219155.739610 -1933799.565580  -305236.964162
          251.625000  -219155.963978 -1933799.303408  -305236.887189
          251.718750  -219155.747277 -1933798.844506  -305237.818559
          251.812500  -219155.971645 -1933798.773388  -305237.902827
          251.906250  -219155.754944 -1933798.123433  -305238.672956
          252.000000  -219155.979312 -1933797.861261  -305238.595983
          252.125000  -219155.983146 -1933797.500724  -305239.023181
          252.218750  -219156.207514 -1933797.238553  -305238.946209
          252.312500  -219156.431882 -1933796.976381  -305238.869236
          252.406250  -219162.743051 -1933809.671307  -305216.462306
          252.500000  -219163.184120 -1933809.868037  -305215.453963
          252.625000  -219163.408488 -1933809.796919  -305215.538231
          252.718750  -219163.412322 -1933809.245328  -305215.804189
          252.812500  -219163.640524 -1933808.622620  -305216.154414
          252.906250  -219164.302128 -1933808.917715  -305214.641900
          253.000000  -219164.739364 -1933809.474981  -305213.206359
          253.125000  -219164.967565 -1933808.661219  -305213.395344
          253.218750  -219165.188100 -1933808.568531  -305212.729932
          253.312500  -219167.587147 -1933812.938516  -305204.838620
          253.406250  -219167.594814 -1933812.026389  -305205.531776
          253.500000  -219166.553477 -1933805.192816  -305214.404087
          253.625000  -219166.576479 -1933802.838542  -305216.806037
          253.718750  -219167.032882 -1933801.593125  -305217.506488
          253.812500  -219167.264917 -1933800.418826  -305218.122672
          253.906250  -219167.938022 -1933799.823364  -305218.052994
          254.000000  -219168.390592 -1933798.747430  -305218.165006
          254.125000  -219168.839329 -1933798.223087  -305218.011060
          254.218750  -219169.291899 -1933797.338206  -305218.284313
          254.312500  -219169.740635 -1933796.813863  -305218.130367
          254.406250  -219170.413740 -1933796.027347  -305217.899448
          254.500000  -219170.862477 -1933795.503004  -305217.745502
          254.625000  -219171.531748 -1933795.268078  -305217.248626
          254.718750  -219171.980484 -1933794.552681  -305216.933439
          254.812500  -219172.429221 -1933794.028338  -305216.779494
          254.906250  -219173.098492 -1933793.793412  -305216.282617
          255.000000  -219172.858790 -1933793.014036  -305212.554667
          255.125000  -219173.307526 -1933792.489692  -305212.400721
          255.218750  -219173.756263 -1933791.965349  -305212.246775
          255.312500  -219174.204999 -1933791.249952  -305211.931589
          255.406250  -219174.653736 -1933790.916662  -305211.938884
          255.500000  -219175.102472 -1933790.201264  -305211.623697
          255.625000  -219175.771743 -1933789.966339  -305211.126821
          255.718750  -219175.996111 -1933789.704167  -305211.049848
          255.812500  -219176.220480 -1933789.250942  -305210.811634
          255.906250  -219176.889751 -1933789.016017  -305210.314758
          256.000000  -219177.338487 -1933788.491673  -305210.160812
          256.125000  -219177.562856 -1933788.229501  -305210.083839
          256.218750  -219177.787224 -1933787.967330  -305210.006866
          256.312500  -219178.456495 -1933787.923458  -305209.671230
          256.406250  -219178.456495 -1933787.732404  -305209.509990
          256.500000  -219178.677030 -1933787.830769  -305209.005818
          256.625000  -219179.121933 -1933788.049069  -305208.747155
          256.718750  -219179.346301 -1933787.786898  -305208.670183
          256.812500  -219179.346301 -1933787.786898  -305208.670183
          256.906250  -219179.342467 -1933787.956381  -305208.081743
          257.000000  -219179.787370 -1933788.174681  -305207.823081
          257.125000  -219179.787370 -1933788.174681  -305207.823081
          257.218750  -219179.783537 -1933788.344164  -305207.234641
          257.312500  -219180.004072 -1933788.633583  -305206.891711
          257.406250  -219179.783537 -1933788.153111  -305207.073401
          257.500000  -219180.448975 -1933788.469776  -305206.310566
          257.625000  -219180.011739 -1933787.530402  -305207.423626
          257.718750  -219180.011739 -1933787.339349  -305207.262385
          257.812500  -219180.011739 -1933787.339349  -305207.262385
          257.906250  -219179.787370 -1933787.219414  -305207.016877
          258.000000  -219179.566836 -1933786.738942  -305207.198567
          258.125000  -219179.563002 -1933786.908425  -305206.610128
          258.218750  -219179.338634 -1933786.788490  -305206.364619
          258.312500  -219179.338634 -1933786.788490  -305206.364619
          258.406250  -219179.114266 -1933786.668555  -305206.119110
          258.500000  -219178.889897 -1933786.357566  -305205.712361
          258.625000  -219178.444994 -1933786.139266  -305205.971024
          258.718750  -219178.444994 -1933785.948213  -305205.809783
          258.812500  -219178.000092 -1933785.347806  -305205.745965
          258.906250  -219177.775723 -1933785.227871  -305205.500456
          259.000000  -219177.775723 -1933784.845764  -305205.177975
          259.125000  -219177.551355 -1933784.725828  -305204.932466
          259.218750  -219177.106452 -1933784.125421  -305204.868647
          259.312500  -219176.661549 -1933783.716068  -305204.966069
          259.406250  -219176.661549 -1933783.333961  -305204.643588
          259.500000  -219176.216646 -1933782.733554  -305204.579769
          259.625000  -219175.992278 -1933782.422565  -305204.173020
          259.718750  -219175.771743 -1933781.751040  -305204.193469
          259.812500  -219175.547375 -1933781.440052  -305203.786720
          259.906250  -219175.102472 -1933780.839645  -305203.722901
          260.000000  -219175.102472 -1933780.457538  -305203.400420
          260.125000  -219174.657569 -1933779.857131  -305203.336601
          260.218750  -219174.212666 -1933779.256724  -305203.272783
          260.312500  -219173.988298 -1933778.945735  -305202.866033
          260.406250  -219173.543395 -1933778.345328  -305202.802215
          260.500000  -219173.098492 -1933777.744921  -305202.738396
          260.625000  -219172.653589 -1933777.144514  -305202.674577
          260.718750  -219172.208686 -1933776.353054  -305202.449518
          260.812500  -219171.763783 -1933775.752647  -305202.385699
          260.906250  -219171.318880 -1933775.152240  -305202.321881
          261.000000  -219170.873977 -1933774.551833  -305202.258062
          261.125000  -219170.429074 -1933773.760372  -305202.033003
          261.218750  -219169.759803 -1933773.231084  -305201.884916
          261.312500  -219169.090532 -1933772.510742  -305201.575589
          261.406250  -219168.866164 -1933772.199753  -305201.168840
          261.500000  -219168.196892 -1933771.670464  -305201.020753
          261.625000  -219167.527621 -1933770.950122  -305200.711426
          261.718750  -219166.858350 -1933770.229780  -305200.402099
          261.812500  -219166.189079 -1933769.700492  -305200.254012
          261.906250  -219165.519808 -1933768.980149  -305199.944685
          262.000000  -219164.850536 -1933768.450861  -305199.796598
          262.125000  -219164.181265 -1933767.730519  -305199.487271
          262.218750  -219163.511994 -1933767.010177  -305199.177944
          262.312500  -219162.842723 -1933766.480888  -305199.029858
          262.406250  -219161.949083 -1933765.831664  -305198.636263
          262.500000  -219161.279812 -1933765.302376  -305198.488176
          262.625000  -219160.610541 -1933764.582034  -305198.178849
          262.718750  -219159.716901 -1933763.932810  -305197.785254
          262.812500  -219158.827096 -1933763.114103  -305197.980098
          262.906250  -219158.157824 -1933762.393761  -305197.670771
          263.000000  -219157.488553 -1933761.673419  -305197.361444
          263.125000  -219156.594914 -1933761.024195  -305196.967848
          263.218750  -219155.925643 -1933760.494906  -305196.819762
          263.312500  -219155.256371 -1933759.774564  -305196.510435
          263.406250  -219154.142197 -1933759.026975  -305196.621011
          263.500000  -219153.472926 -1933758.306633  -305196.311684
          263.625000  -219152.579287 -1933757.657410  -305195.918089
          263.718750  -219151.910015 -1933757.128121  -305195.770002
          263.812500  -219151.240744 -1933756.407779  -305195.460675
          263.906250  -219150.571473 -1933755.878490  -305195.312589
          264.000000  -219149.457299 -1933754.939848  -305195.261924
          264.125000  -219148.788028 -1933754.410559  -305195.113838
          264.218750  -219148.118756 -1933753.690217  -305194.804511
          264.312500  -219147.225117 -1933753.040994  -305194.410915
          264.406250  -219146.555846 -1933752.511705  -305194.262829
          264.500000  -219145.666040 -1933751.501945  -305194.296432
          264.625000  -219144.772400 -1933751.043774  -305194.064078
          264.718750  -219144.103129 -1933750.514486  -305193.915992
          264.812500  -219143.433858 -1933749.794144  -305193.606664
          264.906250  -219142.540219 -1933749.335973  -305193.374310
          265.000000  -219141.870947 -1933748.615631  -305193.064983
          265.125000  -219141.201676 -1933748.086343  -305192.916896
          265.218750  -219140.308037 -1933747.437119  -305192.523301
          265.312500  -219139.638765 -1933746.907830  -305192.375215
          265.406250  -219138.745126 -1933746.258606  -305191.981620
          265.500000  -219138.075855 -1933745.729318  -305191.833533
          265.625000  -219137.406584 -1933745.008976  -305191.524206
          265.718750  -219136.292409 -1933744.261387  -305191.634782
          265.812500  -219135.623138 -1933743.541045  -305191.325455
          265.906250  -219134.953867 -1933743.011756  -305191.177369
          266.000000  -219134.060228 -1933742.362533  -305190.783774
          266.125000  -219133.166588 -1933741.904362  -305190.551419
          266.218750  -219132.497317 -1933741.375074  -305190.403333
          266.312500  -219131.603678 -1933740.725850  -305190.009738
          266.406250  -219130.710038 -1933740.267680  -305189.777384
          266.500000  -219130.040767 -1933739.547338  -305189.468056
          266.625000  -219128.926593 -1933738.799749  -305189.578633
          266.718750  -219128.032953 -1933738.150525  -305189.185038
          266.812500  -219127.363682 -1933737.621236  -305189.036951
          266.906250  -219126.470043 -1933736.972013  -305188.643356
          267.000000  -219125.800771 -1933736.442724  -305188.495270
          267.125000  -219124.907132 -1933735.793500  -305188.101674
          267.218750  -219124.013493 -1933735.335330  -305187.869320
          267.312500  -219123.344221 -1933734.614988  -305187.559993
          267.406250  -219122.454415 -1933733.796281  -305187.754837
          267.500000  -219121.560776 -1933733.147057  -305187.361242
          267.625000  -219120.891505 -1933732.617769  -305187.213156
          267.718750  -219119.997865 -1933731.968545  -305186.819561
          267.812500  -219119.108059 -1933730.958784  -305186.853164
          267.906250  -219118.214420 -1933730.500614  -305186.620810
          268.000000  -219117.320780 -1933729.851390  -305186.227215
          268.125000  -219116.651509 -1933729.322102  -305186.079128
          268.218750  -219115.757870 -1933728.672878  -305185.685533
          268.312500  -219114.868064 -1933727.854171  -305185.880377
          268.406250  -219113.974424 -1933727.204947  -305185.486782
          268.500000  -219113.080785 -1933726.555723  -305185.093187
          268.625000  -219112.864084 -1933725.141554  -305185.218353
          268.718750  -219111.974278 -1933724.131794  -305185.251957
          268.812500  -219111.305007 -1933723.602505  -305185.103870
          268.906250  -219110.635736 -1933722.882163  -305184.794543
          269.000000  -219109.521561 -1933721.943521  -305184.743879
          269.125000  -219108.852290 -1933721.223179  -305184.434551
          269.218750  -219107.958651 -1933720.573955  -305184.040956
          269.312500  -219107.289380 -1933720.044667  -305183.892870
          269.406250  -219106.395740 -1933719.395443  -305183.499275
          269.500000  -219105.502101 -1933718.746219  -305183.105680
          269.625000  -219104.608461 -1933718.096995  -305182.712085
          269.718750  -219103.939190 -1933717.376653  -305182.402758
          269.812500  -219102.821182 -1933716.989601  -305182.086135
          269.906250  -219102.151911 -1933716.269259  -305181.776808
          270.000000  -219101.478806 -1933715.909454  -305181.040282
          270.125000  -219100.809535 -1933715.380165  -305180.892196
          270.218750  -219099.691527 -1933714.802060  -305180.414333
          270.312500  -219099.022256 -1933714.081718  -305180.105006
          270.406250  -219098.128617 -1933713.432494  -305179.711411
          270.500000  -219097.459346 -1933712.712152  -305179.402084
          270.625000  -219096.786241 -1933712.543400  -305178.826799
          270.718750  -219095.892601 -1933711.894176  -305178.433204
          270.812500  -219095.223330 -1933711.173834  -305178.123876
          270.906250  -219094.329691 -1933710.524611  -305177.730281
          271.000000  -219093.436051 -1933710.066440  -305177.497927
          271.125000  -219092.766780 -1933709.346098  -305177.188600
          271.218750  -219092.318044 -1933708.915174  -305176.536342
          271.312500  -219091.424404 -1933708.265951  -305176.142747
          271.406250  -219090.755133 -1933707.736662  -305175.994660
          271.500000  -219090.082028 -1933707.376857  -305175.258135
          271.625000  -219089.412757 -1933706.847568  -305175.110048
          271.718750  -219088.519118 -1933706.198344  -305174.716453
          271.812500  -219087.849846 -1933705.669056  -305174.568367
          271.906250  -219087.401110 -1933705.238132  -305173.916109
          272.000000  -219086.731839 -1933704.708843  -305173.768022
          272.125000  -219085.838199 -1933704.250673  -305173.535668
          272.218750  -219085.168928 -1933703.530331  -305173.226341
          272.312500  -219084.720192 -1933703.290461  -305172.735324
          272.406250  -219084.050920 -1933702.570119  -305172.425996
          272.500000  -219083.602184 -1933702.330249  -305171.934979
          272.625000  -219082.932913 -1933701.800960  -305171.786893
          272.718750  -219082.039273 -1933701.151736  -305171.393298
          272.812500  -219081.590537 -1933700.911866  -305170.902281
          272.906250  -219080.921265 -1933700.382577  -305170.754194
          273.000000  -219080.248161 -1933700.213825  -305170.178909
          273.125000  -219079.578890 -1933699.684537  -305170.030823
          273.218750  -219079.130153 -1933699.444667  -305169.539805
          273.312500  -219078.460882 -1933698.915378  -305169.391719
          273.406250  -219078.012145 -1933698.675508  -305168.900702
          273.500000  -219077.342874 -1933697.955166  -305168.591375
          273.625000  -219076.673603 -1933697.425877  -305168.443288
          273.718750  -219076.224866 -1933697.186007  -305167.952271
          273.812500  -219075.555595 -1933696.656718  -305167.804185
          273.906250  -219075.106859 -1933696.416848  -305167.313167
          274.000000  -219074.437588 -1933696.078613  -305167.326322
          274.125000  -219073.768316 -1933695.549324  -305167.178235
          274.218750  -219073.319580 -1933695.309454  -305166.687218
          274.312500  -219072.650309 -1933694.780165  -305166.539132
          274.406250  -219071.981037 -1933694.250877  -305166.391045
          274.500000  -219071.532301 -1933694.011006  -305165.900028
          274.625000  -219070.863030 -1933693.672771  -305165.913182
          274.718750  -219070.193759 -1933693.143483  -305165.765096
          274.812500  -219069.748856 -1933692.543076  -305165.701277
          274.906250  -219069.300119 -1933692.494259  -305165.371501
          275.000000  -219068.410313 -1933691.866605  -305165.727586
          275.125000  -219067.961577 -1933691.626735  -305165.236568
          275.218750  -219067.512840 -1933691.386865  -305164.745551
          275.312500  -219066.843569 -1933691.048630  -305164.758706
          275.406250  -219066.398666 -1933690.448223  -305164.694887
          275.500000  -219065.725561 -1933690.470524  -305164.280843
          275.625000  -219065.056290 -1933690.132289  -305164.293997
          275.718750  -219064.387019 -1933689.794054  -305164.307151
          275.812500  -219063.938282 -1933689.936291  -305164.138615
          275.906250  -219063.489546 -1933689.887474  -305163.808839
          276.000000  -219062.820275 -1933689.740292  -305163.983234
          276.125000  -219061.926635 -1933689.473175  -305163.912120
          276.218750  -219061.477899 -1933689.615412  -305163.743585
          276.312500  -219060.804794 -1933689.828767  -305163.490781
          276.406250  -219060.135523 -1933689.681585  -305163.665176
          276.500000  -219059.686786 -1933689.823822  -305163.496641
          276.625000  -219059.017515 -1933689.676640  -305163.671035
          276.718750  -219058.568779 -1933689.818877  -305163.502500
          276.812500  -219058.120042 -1933689.961114  -305163.333964
          276.906250  -219057.450771 -1933690.004986  -305163.669600
          277.000000  -219057.002034 -1933689.956169  -305163.339823
          277.125000  -219056.557131 -1933689.737869  -305163.598486
          277.218750  -219056.332763 -1933689.808987  -305163.514218
          277.312500  -219055.884027 -1933689.951224  -305163.345683
          277.406250  -219055.439124 -1933689.732924  -305163.604346
          277.500000  -219055.214755 -1933689.804042  -305163.520078
          277.625000  -219054.769853 -1933689.585742  -305163.778741
          277.718750  -219054.545484 -1933689.656861  -305163.694473
          277.812500  -219054.324950 -1933689.558496  -305164.198644
          277.906250  -219053.880047 -1933689.340196  -305164.457307
          278.000000  -219053.659512 -1933689.050777  -305164.800238
          278.125000  -219053.214609 -1933689.023531  -305165.220141
          278.218750  -219052.994074 -1933688.734112  -305165.563072
          278.312500  -219052.549171 -1933688.706866  -305165.982975
          278.406250  -219052.549171 -1933688.706866  -305165.982975
          278.500000  -219052.324803 -1933688.777984  -305165.898707
          278.625000  -219052.104268 -1933688.679619  -305166.402879
          278.718750  -219051.659365 -1933688.461319  -305166.661542
          278.812500  -219051.434997 -1933688.723491  -305166.738515
          278.906250  -219050.990094 -1933688.505191  -305166.997177
          279.000000  -219050.107955 -1933687.729624  -305168.691381
          279.125000  -219050.324657 -1933688.188526  -305167.760012
          279.218750  -219050.100288 -1933688.450698  -305167.836984
          279.312500  -219049.655385 -1933688.232397  -305168.095647
          279.406250  -219048.986114 -1933688.276269  -305168.431283
          279.500000  -219048.541211 -1933688.249023  -305168.851187
          279.625000  -219048.316843 -1933688.320141  -305168.766919
          279.718750  -219048.088641 -1933688.751796  -305168.255452
          279.812500  -219047.864273 -1933688.822914  -305168.171185
          279.906250  -219047.639905 -1933689.085086  -305168.248157
          280.000000  -219047.191168 -1933689.227323  -305168.079622
          280.125000  -219046.742432 -1933689.369560  -305167.911086
          280.218750  -219046.297529 -1933689.342313  -305168.330990
          280.312500  -219045.848792 -1933689.484550  -305168.162454
          280.406250  -219045.400056 -1933689.817840  -305168.155159
          280.500000  -219044.951319 -1933689.960077  -305167.986623
          280.625000  -219044.506416 -1933689.932830  -305168.406527
          280.718750  -219044.057680 -1933690.075067  -305168.237991
          280.812500  -219043.608943 -1933690.408357  -305168.230696
          280.906250  -219043.160207 -1933690.550594  -305168.062161
          281.000000  -219042.490936 -1933690.594465  -305168.397796
          281.125000  -219042.262734 -1933691.026121  -305167.886330
          281.218750  -219041.813997 -1933691.359411  -305167.879035
          281.312500  -219041.365261 -1933691.501647  -305167.710499
          281.406250  -219040.695990 -1933691.545519  -305168.046135
          281.500000  -219040.247253 -1933691.687756  -305167.877599
          281.625000  -219039.798517 -1933692.021046  -305167.870304
          281.718750  -219039.125412 -1933692.234401  -305167.617501
          281.812500  -219038.456141 -1933692.278273  -305167.953137
          281.906250  -219038.007404 -1933692.420510  -305167.784601
          282.000000  -219037.558668 -1933692.753800  -305167.777306
          282.125000  -219036.665028 -1933692.677736  -305167.867433
          282.218750  -219036.216292 -1933692.819973  -305167.698897
          282.312500  -219035.767555 -1933693.153263  -305167.691602
          282.406250  -219035.094450 -1933693.366618  -305167.438799
          282.500000  -219034.425179 -1933693.410490  -305167.774435
          282.625000  -219033.976443 -1933693.552727  -305167.605899
          282.718750  -219033.303338 -1933693.957135  -305167.514336
          282.812500  -219032.409699 -1933693.881072  -305167.604463
          282.906250  -219031.960962 -1933694.214362  -305167.597168
          283.000000  -219031.512226 -1933694.356599  -305167.428633
          283.125000  -219031.063489 -1933694.689889  -305167.421338
          283.218750  -219029.287711 -1933694.411419  -305169.689391
          283.312500  -219028.394071 -1933694.717463  -305170.102000
          283.406250  -219027.724800 -1933694.952388  -305170.598876
          283.500000  -219027.276064 -1933695.094625  -305170.430341
          283.625000  -219026.827327 -1933695.236862  -305170.261805
          283.718750  -219026.599125 -1933695.668517  -305169.750338
          283.812500  -219026.595292 -1933696.029054  -305169.323140
          283.906250  -219026.146555 -1933696.171290  -305169.154604
          284.000000  -219026.142722 -1933696.340774  -305168.566165
          284.125000  -219025.914520 -1933696.772429  -305168.054699
          284.218750  -219025.910686 -1933696.941912  -305167.466260
          284.312500  -219025.686318 -1933697.013030  -305167.381992
          284.406250  -219025.461950 -1933697.275202  -305167.458965
          284.500000  -219025.458116 -1933697.635739  -305167.031766
          284.625000  -219025.233748 -1933697.515804  -305166.786258
          284.718750  -219025.005546 -1933697.947459  -305166.274791
          284.812500  -219024.340109 -1933697.821847  -305167.198866
          284.906250  -219023.895206 -1933697.794601  -305167.618770
          285.000000  -219023.667004 -1933698.226256  -305167.107303
          285.125000  -219023.222101 -1933698.199009  -305167.527207
          285.218750  -219022.773364 -1933698.532299  -305167.519912
          285.312500  -219022.107927 -1933698.215634  -305168.282746
          285.406250  -219021.663024 -1933698.188388  -305168.702650
          285.500000  -219021.434822 -1933698.811096  -305168.352424
          285.625000  -219021.651523 -1933698.887891  -305167.098573
          285.718750  -219020.537349 -1933699.095570  -305168.015353
          285.812500  -219020.312981 -1933699.357742  -305168.092326
          285.906250  -219019.864244 -1933699.499978  -305167.923790
          286.000000  -219019.415508 -1933699.833269  -305167.916495
          286.125000  -219018.970605 -1933699.806022  -305168.336399
          286.218750  -219018.742403 -1933700.046624  -305167.663691
          286.312500  -219018.069298 -1933700.642086  -305167.733369
          286.406250  -219017.844930 -1933700.713204  -305167.649102
          286.500000  -219017.175659 -1933700.757076  -305167.984737
          286.625000  -219016.947457 -1933701.188731  -305167.473271
          286.718750  -219016.053818 -1933701.303721  -305167.724639
          286.812500  -219015.829449 -1933701.565893  -305167.801612
          286.906250  -219015.160178 -1933701.609765  -305168.137247
          287.000000  -219014.487073 -1933702.014173  -305168.045685
          287.125000  -219013.817802 -1933701.866991  -305168.220080
          287.218750  -219013.369066 -1933702.200282  -305168.212785
          287.312500  -219012.920329 -1933702.533572  -305168.205490
          287.406250  -219012.251058 -1933702.577444  -305168.541125
          287.500000  -219011.802322 -1933702.719680  -305168.372590
          287.625000  -219011.129217 -1933703.124089  -305168.281027
          287.718750  -219010.680480 -1933703.457379  -305168.273732
          287.812500  -219010.231744 -1933703.599616  -305168.105196
          287.906250  -219009.786841 -1933703.572369  -305168.525100
          288.000000  -219009.113736 -1933703.785724  -305168.272296
          288.125000  -219008.889368 -1933704.047896  -305168.349269
          288.218750  -219008.440631 -1933704.381186  -305168.341974
          288.312500  -219008.216263 -1933704.452304  -305168.257706
          288.406250  -219007.991895 -1933704.714476  -305168.334679
          288.500000  -219007.767527 -1933704.785595  -305168.250412
          288.625000  -219007.543158 -1933704.856713  -305168.166144
          288.718750  -219007.318790 -1933705.118885  -305168.243117
          288.812500  -219007.314957 -1933705.479422  -305167.815918
          288.906250  -219006.870054 -1933705.452175  -305168.235822
          289.000000  -219007.090588 -1933705.741593  -305167.892891
          289.125000  -219006.866220 -1933705.812712  -305167.808623
          289.218750  -219006.641852 -1933705.883830  -305167.724355
          289.312500  -219006.417484 -1933705.954948  -305167.640087
          289.406250  -219006.417484 -1933706.146002  -305167.801328
          289.500000  -219006.413650 -1933706.315485  -305167.212889
          289.625000  -219006.413650 -1933706.315485  -305167.212889
          289.718750  -219006.189282 -1933706.577657  -305167.289862
          289.812500  -219005.964914 -1933706.648775  -305167.205594
          289.906250  -219005.740545 -1933706.719894  -305167.121326
          290.000000  -219005.740545 -1933706.910947  -305167.282567
          290.125000  -219005.516177 -1933706.982066  -305167.198299
          290.218750  -219005.291809 -1933707.244237  -305167.275272
          290.312500  -219005.067441 -1933707.315356  -305167.191004
          290.406250  -219005.067441 -1933707.506409  -305167.352245
          290.500000  -219004.843072 -1933707.577528  -305167.267977
          290.625000  -219004.618704 -1933707.839699  -305167.344950
          290.718750  -219004.169968 -1933707.981936  -305167.176414
          290.812500  -219003.945599 -1933708.244108  -305167.253387
          290.906250  -219003.721231 -1933708.506280  -305167.330360
          291.000000  -219003.496863 -1933708.768452  -305167.407333
          291.125000  -219003.048126 -1933709.101742  -305167.400038
          291.218750  -219002.823758 -1933709.363913  -305167.477011
          291.312500  -219002.375022 -1933709.697204  -305167.469716
          291.406250  -219002.150653 -1933709.959375  -305167.546689
          291.500000  -219001.701917 -1933710.292666  -305167.539394
          291.625000  -219001.477549 -1933710.554837  -305167.616367
          291.718750  -219001.253180 -1933711.008063  -305167.854580
          291.812500  -219000.804444 -1933711.341353  -305167.847285
          291.906250  -219000.580076 -1933711.603525  -305167.924258
          292.000000  -219000.351874 -1933712.226233  -305167.574033
          292.125000  -218999.903137 -1933712.750577  -305167.727979
          292.218750  -218999.678769 -1933713.012749  -305167.804951
          292.312500  -218999.233866 -1933713.176556  -305168.386096
          292.406250  -218998.781296 -1933714.061436  -305168.112843
          292.500000  -218998.556928 -1933714.323608  -305168.189816
          292.625000  -218998.108191 -1933714.847952  -305168.343762
          292.718750  -218997.883823 -1933715.301177  -305168.581975
          292.812500  -218997.435086 -1933715.634467  -305168.574680
          292.906250  -218996.986350 -1933716.158811  -305168.728626
          293.000000  -218996.761982 -1933716.612036  -305168.966840
          293.125000  -218996.313245 -1933717.136380  -305169.120786
          293.218750  -218995.864509 -1933717.660723  -305169.274731
          293.312500  -218995.640141 -1933717.922895  -305169.351704
          293.406250  -218995.415772 -1933718.376120  -305169.589918
          293.500000  -218994.967036 -1933718.900464  -305169.743864
          293.625000  -218994.518299 -1933719.424808  -305169.897809
          293.718750  -218994.514466 -1933720.167451  -305169.793092
          293.812500  -218994.065729 -1933720.691795  -305169.947038
          293.906250  -218993.841361 -1933721.336074  -305170.346492
          294.000000  -218993.392624 -1933721.860417  -305170.500438
          294.125000  -218993.168256 -1933722.313643  -305170.738652
          294.218750  -218992.719520 -1933722.837986  -305170.892598
          294.312500  -218992.495151 -1933723.291211  -305171.130811
          294.406250  -218992.046415 -1933723.815555  -305171.284757
          294.500000  -218992.042581 -1933724.558199  -305171.180040
          294.625000  -218991.818213 -1933725.011424  -305171.418254
          294.718750  -218991.593845 -1933725.655703  -305171.817708
          294.812500  -218991.365643 -1933726.469465  -305171.628723
          294.906250  -218991.141275 -1933726.922690  -305171.866937
          295.000000  -218991.141275 -1933727.495851  -305172.350659
          295.125000  -218991.137441 -1933728.238494  -305172.245942
          295.218750  -218991.137441 -1933728.620601  -305172.568423
          295.312500  -218990.920740 -1933731.982769  -305176.724608
          295.406250  -218990.916907 -1933732.534359  -305176.458650
          295.500000  -218990.916907 -1933732.916466  -305176.781132
          295.625000  -218990.913073 -1933733.468056  -305176.515174
          295.718750  -218990.913073 -1933734.041217  -305176.998896
          295.812500  -218990.909240 -1933733.446486  -305175.765494
          295.906250  -218990.909240 -1933734.019646  -305176.249216
          296.000000  -218990.909240 -1933734.401753  -305176.571698
          296.125000  -218990.905406 -1933734.571237  -305175.983258
          296.218750  -218991.791378 -1933736.132587  -305175.683697
          296.312500  -218991.567010 -1933736.585813  -305175.921911
          296.406250  -218991.346475 -1933736.678501  -305176.587323
          296.500000  -218991.567010 -1933737.541080  -305176.728114
          296.625000  -218991.787545 -1933738.594712  -305177.030147
          296.718750  -218992.004246 -1933737.716240  -305174.970092
          296.812500  -218992.445315 -1933737.339809  -305173.478027
          296.906250  -218992.445315 -1933737.339809  -305173.478027
          297.000000  -218992.220947 -1933737.793034  -305173.716240
          297.125000  -218992.665850 -1933738.584495  -305173.941300
          297.218750  -218992.665850 -1933738.966602  -305174.263781
          297.312500  -218992.886385 -1933739.447074  -305174.082091
          297.406250  -218993.106919 -1933739.736492  -305173.739161
          297.500000  -218993.327454 -1933740.216964  -305173.557471
          297.625000  -218993.547989 -1933740.506382  -305173.214540
          297.718750  -218993.768524 -1933740.986854  -305173.032850
          297.812500  -218993.768524 -1933741.177908  -305173.194091
          297.906250  -218993.989058 -1933741.849433  -305173.173642
          298.000000  -218993.989058 -1933742.040486  -305173.334882
          298.125000  -218993.985225 -1933742.592077  -305173.068925
          298.218750  -218994.205759 -1933743.072549  -305172.887235
          298.312500  -218994.205759 -1933743.263602  -305173.048475
          298.406250  -218994.426294 -1933743.935127  -305173.028026
          298.500000  -218994.426294 -1933744.126181  -305173.189267
          298.625000  -218994.422461 -1933744.677771  -305172.923309
          298.718750  -218994.642995 -1933745.349296  -305172.902860
          298.812500  -218994.642995 -1933745.540350  -305173.064101
          298.906250  -218994.639162 -1933746.282994  -305172.959384
          299.000000  -218994.859696 -1933746.763465  -305172.777694
          299.125000  -218994.859696 -1933747.145572  -305173.100175
          299.218750  -218994.855863 -1933747.697163  -305172.834217
          299.312500  -218995.076398 -1933748.177634  -305172.652528
          299.406250  -218995.076398 -1933748.559741  -305172.975009
          299.500000  -218995.072564 -1933749.111332  -305172.709051
          299.625000  -218995.068731 -1933749.853975  -305172.604334
          299.718750  -218995.068731 -1933750.236082  -305172.926816
          299.812500  -218995.064897 -1933750.787672  -305172.660858
          299.906250  -218995.061063 -1933751.530316  -305172.556141
          300.000000  -218995.285432 -1933751.459198  -305172.640409
          300.125000  -218995.281598 -1933752.201841  -305172.535692
          300.218750  -218995.502133 -1933752.682313  -305172.354002
          300.312500  -218995.722668 -1933753.162785  -305172.172312
          300.406250  -218995.273931 -1933753.687129  -305172.326258
          300.500000  -218995.718834 -1933754.096482  -305172.228836
          300.625000  -218995.939369 -1933754.576954  -305172.047146
          300.718750  -218995.935535 -1933755.319598  -305171.942429
          300.812500  -218995.935535 -1933755.510651  -305172.103669
          300.906250  -218996.156070 -1933756.182177  -305172.083220
          301.000000  -218996.152236 -1933756.924820  -305171.978503
          301.125000  -218996.372771 -1933757.405292  -305171.796813
          301.218750  -218996.148403 -1933757.858518  -305172.035027
          301.312500  -218996.368937 -1933758.338989  -305171.853337
          301.406250  -218996.589472 -1933759.010515  -305171.832888
          301.500000  -218996.589472 -1933759.201568  -305171.994128
          301.625000  -218996.585639 -1933759.753158  -305171.728171
          301.718750  -218996.581805 -1933760.304749  -305171.462213
          301.812500  -218996.806173 -1933760.615737  -305171.868962
          301.906250  -218996.585639 -1933760.135265  -305172.050652
          302.000000  -218996.806173 -1933760.424684  -305171.707721
          302.125000  -218997.258743 -1933760.877178  -305173.109659
          302.218750  -218997.258743 -1933761.259285  -305173.432141
          302.312500  -218997.703646 -1933761.668638  -305173.334719
          302.406250  -218997.924181 -1933762.149110  -305173.153029
          302.500000  -218998.369084 -1933762.558463  -305173.055607
          302.625000  -218998.593452 -1933762.678399  -305173.301115
          302.718750  -218999.038355 -1933763.278806  -305173.364934
          302.812500  -218999.262723 -1933763.398741  -305173.610442
          302.906250  -218999.707626 -1933763.808094  -305173.513020
          303.000000  -219000.156363 -1933764.047964  -305174.004037
          303.125000  -219000.380731 -1933764.358953  -305174.410787
          303.218750  -219000.825634 -1933764.768307  -305174.313365
          303.312500  -219001.050002 -1933765.079295  -305174.720114
          303.406250  -219001.494905 -1933765.679702  -305174.783933
          303.500000  -219001.719274 -1933765.990691  -305175.190682
          303.625000  -219002.164176 -1933766.400044  -305175.093260
          303.718750  -219002.609079 -1933767.000451  -305175.157078
          303.812500  -219002.833448 -1933767.311440  -305175.563828
          303.906250  -219003.278351 -1933767.720793  -305175.466406
          304.000000  -219003.502719 -1933767.840728  -305175.711914
          304.125000  -219003.947622 -1933768.441135  -305175.775733
          304.218750  -219004.171990 -1933768.561070  -305176.021241
          304.312500  -219004.616893 -1933769.161477  -305176.085060
          304.406250  -219005.061796 -1933769.570831  -305175.987638
          304.500000  -219005.286164 -1933769.881820  -305176.394387
          304.625000  -219005.731067 -1933770.291173  -305176.296965
          304.718750  -219006.175970 -1933770.700527  -305176.199543
          304.812500  -219006.400338 -1933771.011515  -305176.606292
          304.906250  -219006.845241 -1933771.611922  -305176.670111
          305.000000  -219007.290144 -1933772.021276  -305176.572689
          305.125000  -219007.514513 -1933772.332264  -305176.979438
          305.218750  -219007.959415 -1933772.932671  -305177.043257
          305.312500  -219008.183784 -1933773.243660  -305177.450006
          305.406250  -219008.632520 -1933773.483530  -305177.941023
          305.500000  -219009.077423 -1933773.892884  -305177.843601
          305.625000  -219009.526160 -1933774.132754  -305178.334618
          305.718750  -219009.746694 -1933774.422172  -305177.991688
          305.812500  -219010.195431 -1933774.470989  -305178.321464
          305.906250  -219010.644167 -1933774.710859  -305178.812481
          306.000000  -219010.868536 -1933774.830794  -305179.057990
          306.125000  -219011.317272 -1933775.070664  -305179.549007
          306.218750  -219011.986543 -1933775.599953  -305179.697094
          306.312500  -219016.280208 -1933770.791250  -305184.232048
          306.406250  -219016.272541 -1933771.703377  -305183.538892
          306.500000  -219019.402196 -1933770.260903  -305182.147120
          306.625000  -219018.059820 -1933764.786525  -305177.392731
          306.718750  -219019.189329 -1933767.148823  -305181.570800
          306.812500  -219020.303503 -1933764.266395  -305178.396650
          306.906250  -219021.204809 -1933763.430332  -305178.999679
          307.000000  -219019.173994 -1933765.343061  -305177.120914
          307.125000  -219018.945793 -1933765.583662  -305176.448207
          307.218750  -219019.394529 -1933765.823532  -305176.939224
          307.312500  -219016.702110 -1933773.172771  -305181.410194
          307.406250  -219016.922645 -1933772.889029  -305180.583542
          307.500000  -219017.147013 -1933772.053696  -305180.022847
          307.625000  -219017.816284 -1933772.582985  -305180.170933
          307.718750  -219018.040652 -1933772.129760  -305179.932719
          307.812500  -219018.709924 -1933772.276941  -305179.758324
          307.906250  -219018.032985 -1933773.041887  -305179.239563
          308.000000  -219017.580415 -1933773.544660  -305178.643829
          308.125000  -219017.576582 -1933774.287304  -305178.539112
          308.218750  -219018.922791 -1933772.905326  -305178.238515
          308.312500  -219017.793283 -1933773.790938  -305176.801538
          308.406250  -219017.116345 -1933773.791670  -305175.637814
          308.500000  -219019.131825 -1933769.882125  -305172.905452
          308.625000  -219012.373943 -1933776.258914  -305168.838194
          308.718750  -219021.839579 -1933771.216574  -305178.689034
          308.812500  -219023.185788 -1933770.789864  -305179.194641
          308.906250  -219024.307629 -1933770.434272  -305179.615981
          309.000000  -219025.421803 -1933766.405524  -305175.474386
          309.125000  -219025.870540 -1933766.263287  -305175.642922
          309.218750  -219025.201269 -1933771.083496  -305180.009576
          309.312500  -219018.226685 -1933782.350880  -305181.388428
          309.406250  -219018.219018 -1933779.632991  -305177.631698
          309.500000  -219018.428052 -1933776.800844  -305172.459876
          309.625000  -219018.428052 -1933776.991897  -305172.621116
          309.718750  -219018.648587 -1933777.281316  -305172.278186
          309.812500  -219018.644753 -1933777.259745  -305171.528506
          309.906250  -219018.640920 -1933777.429229  -305170.940066
          310.000000  -219018.416552 -1933777.882454  -305171.178280
          310.125000  -219018.412718 -1933778.434044  -305170.912322
          310.218750  -219018.633253 -1933779.296623  -305171.053114
          310.312500  -219018.405051 -1933780.110385  -305170.864129
          310.406250  -219018.629419 -1933780.230320  -305171.109638
          310.500000  -219018.625586 -1933780.781910  -305170.843680
          310.625000  -219018.397384 -1933781.404619  -305170.493454
          310.718750  -219018.617919 -1933781.694037  -305170.150524
          310.812500  -219018.838453 -1933781.983456  -305169.807593
          310.906250  -219019.058988 -1933782.463928  -305169.625903
          311.000000  -219019.279523 -1933782.753346  -305169.282972
          311.125000  -219019.279523 -1933782.753346  -305169.282972
          311.218750  -219019.500057 -1933783.233818  -305169.101282
          311.312500  -219019.720592 -1933783.714290  -305168.919592
          311.406250  -219019.944960 -1933783.643171  -305169.003860
          311.500000  -219020.389863 -1933783.861472  -305168.745197
          311.625000  -219020.614232 -1933783.790353  -305168.829465
          311.718750  -219021.059134 -1933784.199707  -305168.732043
          311.812500  -219021.732239 -1933783.986352  -305168.984847
          311.906250  -219022.177142 -1933784.204652  -305168.726184
          312.000000  -219022.625879 -1933784.062415  -305168.894720
          312.125000  -219023.070782 -1933784.471768  -305168.797298
          312.218750  -219023.519518 -1933784.329532  -305168.965833
          312.312500  -219023.964421 -1933784.547832  -305168.707170
          312.406250  -219024.413158 -1933784.405595  -305168.875706
          312.500000  -219024.858061 -1933784.623895  -305168.617043
          312.625000  -219025.082429 -1933784.743830  -305168.862552
          312.718750  -219025.751700 -1933784.891012  -305168.688157
          312.812500  -219025.976068 -1933784.819894  -305168.772425
          312.906250  -219026.420971 -1933785.229247  -305168.675003
          313.000000  -219026.865874 -1933785.065440  -305168.093858
          313.125000  -219027.090242 -1933785.185375  -305168.339367
          313.218750  -219027.759514 -1933785.332557  -305168.164972
          313.312500  -219028.208250 -1933785.190320  -305168.333508
          313.406250  -219028.877521 -1933785.146449  -305167.997872
          313.500000  -219029.326258 -1933785.768426  -305168.811370
          313.625000  -219029.771161 -1933785.604619  -305168.230226
          313.718750  -219029.995529 -1933786.106661  -305168.798216
          313.812500  -219030.440432 -1933785.369694  -305167.733350
          313.906250  -219030.660967 -1933785.659112  -305167.390419
          314.000000  -219030.877668 -1933786.118014  -305166.459049
          314.125000  -219030.877668 -1933785.926960  -305166.297809
          314.218750  -219031.098203 -1933786.216379  -305165.954878
          314.312500  -219031.543105 -1933786.434679  -305165.696215
          314.406250  -219031.767474 -1933786.172507  -305165.619242
          314.500000  -219032.212377 -1933786.390807  -305165.360579
          314.625000  -219032.657280 -1933786.418054  -305164.940676
          314.718750  -219033.106016 -1933786.275817  -305165.109211
          314.812500  -219033.330384 -1933786.204698  -305165.193479
          314.906250  -219033.999656 -1933786.160827  -305164.857844
          315.000000  -219034.668927 -1933786.308008  -305164.683449
          315.125000  -219034.893295 -1933786.045837  -305164.606476
          315.218750  -219035.342032 -1933785.903600  -305164.775011
          315.312500  -219036.011303 -1933786.050782  -305164.600616
          315.406250  -219036.235671 -1933785.788610  -305164.523644
          315.500000  -219036.904942 -1933785.935791  -305164.349249
          315.625000  -219037.353679 -1933785.602501  -305164.356544
          315.718750  -219037.798582 -1933785.629748  -305163.936640
          315.812500  -219038.247318 -1933785.487511  -305164.105176
          315.906250  -219038.916589 -1933785.443639  -305163.769540
          316.000000  -219039.365326 -1933785.110349  -305163.776835
          316.125000  -219039.814062 -1933784.968112  -305163.945371
          316.218750  -219040.483334 -1933784.924241  -305163.609735
          316.312500  -219040.707702 -1933784.853122  -305163.694003
          316.406250  -219041.376973 -1933784.809251  -305163.358367
          316.500000  -219041.601341 -1933784.547079  -305163.281394
          316.625000  -219042.270612 -1933784.694260  -305163.106999
          316.718750  -219042.494981 -1933784.432089  -305163.030026
          316.812500  -219043.164252 -1933784.579270  -305162.855631
          316.906250  -219043.612988 -1933784.245980  -305162.862926
          317.000000  -219044.057891 -1933784.464280  -305162.604263
          317.125000  -219044.506628 -1933784.130990  -305162.611558
          317.218750  -219045.175899 -1933784.278172  -305162.437163
          317.312500  -219045.400267 -1933784.207053  -305162.521431
          317.406250  -219046.069538 -1933784.163182  -305162.185795
          317.500000  -219046.293907 -1933784.092063  -305162.270063
          317.625000  -219046.742643 -1933783.949827  -305162.438599
          317.718750  -219047.411914 -1933784.097008  -305162.264204
          317.812500  -219047.636283 -1933784.025890  -305162.348472
          317.906250  -219048.305554 -1933784.173072  -305162.174077
          318.000000  -219048.529922 -1933784.101953  -305162.258345
          318.125000  -219049.199193 -1933784.249135  -305162.083950
          318.218750  -219049.423562 -1933784.178017  -305162.168218
          318.312500  -219049.872298 -1933784.035780  -305162.336753
          318.406250  -219050.541569 -1933784.182962  -305162.162358
          318.500000  -219050.990306 -1933784.040725  -305162.330894
          318.625000  -219051.435209 -1933784.259025  -305162.072231
          318.718750  -219051.883945 -1933784.116788  -305162.240767
          318.812500  -219052.108313 -1933784.045670  -305162.325035
          318.906250  -219052.777585 -1933784.192852  -305162.150640
          319.000000  -219053.226321 -1933784.241668  -305162.480416
          319.125000  -219053.675058 -1933784.099432  -305162.648952
          319.218750  -219054.344329 -1933784.246613  -305162.474557
          319.312500  -219054.793065 -1933784.104377  -305162.643092
          319.406250  -219055.241802 -1933783.962140  -305162.811628
          319.500000  -219055.686705 -1933784.371493  -305162.714206
          319.625000  -219056.135441 -1933784.038203  -305162.721501
          319.718750  -219056.804712 -1933784.376438  -305162.708347
          319.812500  -219057.029081 -1933784.305320  -305162.792615
          319.906250  -219057.473984 -1933784.523620  -305162.533952
          320.000000  -219058.147088 -1933784.501319  -305162.947996
          320.125000  -219058.371457 -1933784.430200  -305163.032264
          320.218750  -219058.816360 -1933784.648500  -305162.773601
          320.312500  -219059.265096 -1933784.697317  -305163.103377
          320.406250  -219059.709999 -1933784.915617  -305162.844715
          320.500000  -219060.158736 -1933784.773380  -305163.013250
          320.625000  -219060.828007 -1933785.111616  -305163.000096
          320.718750  -219061.052375 -1933785.040497  -305163.084364
          320.812500  -219061.276743 -1933784.969379  -305163.168632
          320.906250  -219061.946014 -1933785.307614  -305163.155478
          321.000000  -219062.170383 -1933785.236496  -305163.239745
          321.125000  -219062.839654 -1933785.574731  -305163.226591
          321.218750  -219063.288390 -1933785.432494  -305163.395127
          321.312500  -219063.737127 -1933785.290257  -305163.563662
          321.406250  -219064.182030 -1933785.508557  -305163.305000
          321.500000  -219064.630766 -1933785.557374  -305163.634776
          321.625000  -219065.075669 -1933785.775674  -305163.376113
          321.718750  -219065.524406 -1933785.824491  -305163.705890
          321.812500  -219065.973142 -1933785.682254  -305163.874425
          321.906250  -219066.642414 -1933785.829436  -305163.700030
          322.000000  -219066.866782 -1933785.758318  -305163.784298
          322.125000  -219067.315518 -1933785.807134  -305164.114075
          322.218750  -219067.760421 -1933786.025434  -305163.855412
          322.312500  -219068.209158 -1933785.883198  -305164.023947
          322.406250  -219068.654061 -1933786.292551  -305163.926525
          322.500000  -219069.102797 -1933786.150315  -305164.095061
          322.625000  -219069.547700 -1933786.368615  -305163.836398
          322.718750  -219069.996437 -1933786.226378  -305164.004934
          322.812500  -219070.445173 -1933786.275195  -305164.334710
          322.906250  -219070.890076 -1933786.493495  -305164.076048
          323.000000  -219071.338813 -1933786.542311  -305164.405824
          323.125000  -219072.008084 -1933786.689493  -305164.231429
          323.218750  -219072.232452 -1933786.618375  -305164.315697
          323.312500  -219072.681189 -1933786.476138  -305164.484232
          323.406250  -219073.126091 -1933786.885492  -305164.386810
          323.500000  -219073.570994 -1933787.103792  -305164.128148
          323.625000  -219074.019731 -1933786.961555  -305164.296683
          323.718750  -219074.468467 -1933787.010372  -305164.626460
          323.812500  -219074.913370 -1933787.228672  -305164.367797
          323.906250  -219075.362107 -1933787.086435  -305164.536333
          324.000000  -219075.807010 -1933787.495789  -305164.438910
          324.125000  -219076.255746 -1933787.353552  -305164.607446
          324.218750  -219076.480115 -1933787.473487  -305164.852955
          324.312500  -219077.149386 -1933787.620669  -305164.678560
          324.406250  -219077.373754 -1933787.740604  -305164.924068
          324.500000  -219078.043025 -1933787.887785  -305164.749673
          324.625000  -219078.940498 -1933787.794366  -305165.247985
          324.718750  -219079.164866 -1933787.723247  -305165.332253
          324.812500  -219079.837971 -1933787.700946  -305165.746297
          324.906250  -219080.282874 -1933788.110299  -305165.648875
          325.000000  -219080.955979 -1933788.087998  -305166.062920
          325.125000  -219080.952145 -1933788.639588  -305165.796962
          325.218750  -219081.625250 -1933788.426233  -305166.049765
          325.312500  -219082.294521 -1933788.764468  -305166.036611
          325.406250  -219082.515056 -1933789.244940  -305165.854921
          325.500000  -219083.188161 -1933789.222638  -305166.268965
          325.625000  -219083.636897 -1933789.271455  -305166.598742
          325.718750  -219084.081800 -1933789.680808  -305166.501320
          325.812500  -219084.526703 -1933790.090162  -305166.403898
          325.906250  -219084.975440 -1933789.947925  -305166.572433
          326.000000  -219085.420343 -1933790.548332  -305166.636252
          326.125000  -219085.869079 -1933790.597149  -305166.966028
          326.218750  -219086.313982 -1933791.006502  -305166.868606
          326.312500  -219086.762719 -1933791.055319  -305167.198383
          326.406250  -219087.207622 -1933791.464673  -305167.100961
          326.500000  -219087.876893 -1933791.802908  -305167.087806
          326.625000  -219088.325629 -1933791.851725  -305167.417583
          326.718750  -219087.188454 -1933794.031570  -305165.609931
          326.812500  -219086.503848 -1933795.708643  -305164.398014
          326.906250  -219086.948751 -1933796.117996  -305164.300591
          327.000000  -219087.625690 -1933795.926211  -305165.303075
          327.125000  -219088.507828 -1933792.307548  -305159.900334
          327.218750  -219089.180933 -1933792.667354  -305160.636860
          327.312500  -219089.629670 -1933793.480384  -305161.611599
          327.406250  -219090.078406 -1933794.293415  -305162.586338
          327.500000  -219090.527143 -1933794.342232  -305162.916115
          327.625000  -219090.770679 -1933800.683728  -305172.069727
          327.718750  -219091.645150 -1933795.111390  -305163.555218
          327.812500  -219092.090053 -1933795.329690  -305163.296556
          327.906250  -219092.538790 -1933795.569561  -305163.787573
          328.000000  -219092.983693 -1933796.169968  -305163.851391
          328.125000  -219093.432429 -1933796.218784  -305164.181168
          328.218750  -219093.672132 -1933801.201337  -305171.456415
          328.312500  -219094.542770 -1933795.607429  -305162.192226
          328.406250  -219094.991506 -1933795.656245  -305162.522003
          328.500000  -219095.664611 -1933795.824997  -305163.097288
          328.625000  -219096.333882 -1933796.354286  -305163.245374
          328.718750  -219096.558251 -1933796.665275  -305163.652124
          328.812500  -219097.003154 -1933797.074628  -305163.554702
          328.906250  -219097.455724 -1933797.336068  -305164.795399
          329.000000  -219098.124995 -1933797.865357  -305164.943485
          329.125000  -219098.349363 -1933798.367399  -305165.511475
          329.218750  -219099.018634 -1933798.896688  -305165.659562
          329.312500  -219099.467371 -1933799.136558  -305166.150579
          329.406250  -219099.912274 -1933799.545911  -305166.053157
          329.500000  -219100.813580 -1933800.047222  -305167.784871
          329.625000  -219101.262317 -1933800.478146  -305168.437129
          329.718750  -219101.711053 -1933800.718016  -305168.928146
          329.812500  -219102.380324 -1933801.438358  -305169.237473
          329.906250  -219102.829061 -1933801.678228  -305169.728490
          330.000000  -219102.821394 -1933801.826141  -305168.390371
          330.125000  -219103.722700 -1933802.136399  -305169.960845
          330.218750  -219104.391972 -1933802.665687  -305170.108931
          330.312500  -219104.840708 -1933802.714504  -305170.438707
          330.406250  -219105.509979 -1933803.243793  -305170.586794
          330.500000  -219105.958716 -1933803.292609  -305170.916570
          330.625000  -219106.403619 -1933803.510909  -305170.657908
          330.718750  -219107.076723 -1933804.061768  -305171.555674
          330.812500  -219107.745995 -1933804.591057  -305171.703760
          330.906250  -219108.194731 -1933804.830927  -305172.194778
          331.000000  -219108.643468 -1933804.879744  -305172.524554
          331.125000  -219109.312739 -1933805.217979  -305172.511400
          331.218750  -219109.529440 -1933805.485827  -305171.418789
          331.312500  -219110.202545 -1933805.845633  -305172.155315
          331.406250  -219110.883317 -1933806.630685  -305174.713682
          331.500000  -219111.552588 -1933807.351027  -305175.023009
          331.625000  -219112.001324 -1933807.590898  -305175.514026
          331.718750  -219112.446227 -1933808.191305  -305175.577845
          331.812500  -219111.985990 -1933808.077777  -305172.999029
          331.906250  -219112.887297 -1933808.579088  -305174.730743
          332.000000  -219113.332200 -1933809.179495  -305174.794562
          332.125000  -219113.780936 -1933809.419365  -305175.285579
          332.218750  -219114.450207 -1933809.948654  -305175.433665
          332.312500  -219114.674576 -1933810.259642  -305175.840414
          332.406250  -219114.887443 -1933810.696974  -305174.159365
          332.500000  -219115.111811 -1933811.772176  -305175.211077
          332.625000  -219115.556714 -1933812.372583  -305175.274896
          332.718750  -219115.781083 -1933812.492518  -305175.520404
          332.812500  -219116.225986 -1933813.092925  -305175.584223
          332.906250  -219116.670889 -1933813.502279  -305175.486801
          333.000000  -219115.313178 -1933816.730080  -305175.150765
          333.125000  -219117.336326 -1933814.774211  -305175.530170
          333.218750  -219117.560694 -1933814.894146  -305175.775679
          333.312500  -219118.005597 -1933815.303500  -305175.678257
          333.406250  -219118.678702 -1933815.090145  -305175.931060
          333.500000  -219119.347973 -1933815.428380  -305175.917906
          333.625000  -219119.792876 -1933815.837733  -305175.820484
          333.718750  -219120.017245 -1933815.766615  -305175.904752
          333.812500  -219120.686516 -1933816.104850  -305175.891597
          333.906250  -219121.131419 -1933816.514204  -305175.794175
          334.000000  -219121.576322 -1933816.732504  -305175.535512
          334.125000  -219121.800690 -1933816.661385  -305175.619780
          334.218750  -219122.469961 -1933816.999621  -305175.606626
          334.312500  -219122.914864 -1933817.217921  -305175.347963
          334.406250  -219123.359767 -1933817.627274  -305175.250541
          334.500000  -219123.808504 -1933817.676091  -305175.580318
          334.625000  -219124.253406 -1933817.894391  -305175.321655
          334.718750  -219124.698309 -1933818.303744  -305175.224233
          334.812500  -219125.367581 -1933818.450926  -305175.049838
          334.906250  -219125.591949 -1933818.570861  -305175.295346
          335.000000  -219126.261220 -1933818.909096  -305175.282192
          335.125000  -219126.709957 -1933818.957913  -305175.611968
          335.218750  -219127.154860 -1933819.367267  -305175.514546
          335.312500  -219127.824131 -1933819.705502  -305175.501392
          335.406250  -219128.048499 -1933819.634384  -305175.585660
          335.500000  -219128.717770 -1933819.781565  -305175.411265
          335.625000  -219129.387041 -1933819.928747  -305175.236870
          335.718750  -219129.835778 -1933819.786510  -305175.405406
          335.812500  -219130.284514 -1933819.835327  -305175.735182
          335.906250  -219130.729417 -1933820.053627  -305175.476519
          336.000000  -219131.178154 -1933819.911390  -305175.645055
          336.125000  -219131.847425 -1933820.058572  -305175.470660
          336.218750  -219132.296162 -1933819.916335  -305175.639196
          336.312500  -219132.965433 -1933820.063517  -305175.464801
          336.406250  -219133.189801 -1933819.992399  -305175.549069
          336.500000  -219133.859072 -1933820.330634  -305175.535914
          336.625000  -219134.307809 -1933820.188397  -305175.704450
          336.718750  -219134.532177 -1933820.117279  -305175.788718
          336.812500  -219134.977080 -1933820.335579  -305175.530055
          336.906250  -219135.425816 -1933820.384396  -305175.859831
          337.000000  -219135.874553 -1933820.242159  -305176.028367
          337.125000  -219136.098921 -1933821.317361  -305177.080079
          337.218750  -219136.327123 -1933821.458867  -305178.075268
          337.312500  -219136.772026 -1933821.104006  -305177.332883
          337.406250  -219137.000228 -1933821.627618  -305178.650553
          337.500000  -219137.224596 -1933820.792286  -305178.089858
          337.625000  -219137.448964 -1933820.721168  -305178.174126
          337.718750  -219137.665665 -1933819.078481  -305175.469108
          337.812500  -219137.665665 -1933818.887428  -305175.307867
          337.906250  -219137.890034 -1933819.007363  -305175.553375
          338.000000  -219137.893867 -1933819.028933  -305176.303055
          338.125000  -219138.118235 -1933819.148868  -305176.548564
          338.218750  -219138.118235 -1933819.339922  -305176.709805
          338.312500  -219138.122069 -1933818.979385  -305177.137003
          338.406250  -219138.122069 -1933818.979385  -305177.137003
          338.500000  -219138.125902 -1933819.000955  -305177.886683
          338.625000  -219138.350271 -1933818.929837  -305177.970951
          338.718750  -219138.350271 -1933819.120890  -305178.132192
          338.812500  -219138.354104 -1933818.951407  -305178.720631
          338.906250  -219138.578472 -1933819.071342  -305178.966140
          339.000000  -219138.582306 -1933819.092912  -305179.715819
          339.125000  -219138.361771 -1933819.185601  -305180.381232
          339.218750  -219138.586140 -1933819.305536  -305180.626740
          339.312500  -219138.589973 -1933819.327106  -305181.376420
          339.406250  -219138.589973 -1933819.518160  -305181.537661
          339.500000  -219138.593807 -1933819.348676  -305182.126100
          339.625000  -219138.818175 -1933819.659665  -305182.532849
          339.718750  -219138.822008 -1933819.490182  -305183.121289
          339.812500  -219139.046377 -1933819.992224  -305183.689279
          339.906250  -219139.050210 -1933820.013794  -305184.438959
          340.000000  -219139.050210 -1933820.395901  -305184.761440
          340.125000  -219139.274579 -1933820.515836  -305185.006949
          340.218750  -219139.723315 -1933820.564653  -305185.336725
          340.312500  -219139.727149 -1933820.586223  -305186.086405
          340.406250  -219139.951517 -1933820.706158  -305186.331914
          340.500000  -219140.172052 -1933820.995576  -305185.988983
          340.625000  -219140.396420 -1933820.924458  -305186.073251
          340.718750  -219140.620788 -1933820.853340  -305186.157519
          340.812500  -219140.848990 -1933820.230631  -305186.507744
          340.906250  -219141.297726 -1933821.234715  -305187.643724
          341.000000  -219141.522095 -1933820.781490  -305187.405511
          341.125000  -219141.970831 -1933820.639253  -305187.574046
          341.218750  -219142.195199 -1933820.568135  -305187.658314
          341.312500  -219142.864471 -1933820.333210  -305187.161438
          341.406250  -219143.088839 -1933820.262091  -305187.245705
          341.500000  -219143.537575 -1933820.310908  -305187.575482
          341.625000  -219143.986312 -1933820.359725  -305187.905258
          341.718750  -219144.210680 -1933820.288606  -305187.989526
          341.812500  -219144.879951 -1933820.435788  -305187.815131
          341.906250  -219145.328688 -1933820.484605  -305188.144908
          342.000000  -219145.777424 -1933820.342368  -305188.313443
          342.125000  -219146.446695 -1933820.489550  -305188.139048
          342.218750  -219146.895432 -1933820.347313  -305188.307584
          342.312500  -219147.564703 -1933820.303441  -305187.971948
          342.406250  -219148.013440 -1933820.161205  -305188.140484
          342.500000  -219148.458343 -1933820.570558  -305188.043062
          342.625000  -219148.907079 -1933820.428322  -305188.211598
          342.718750  -219149.576350 -1933820.575503  -305188.037203
          342.812500  -219150.249455 -1933820.553202  -305188.451247
          342.906250  -219150.918726 -1933820.700383  -305188.276852
          343.000000  -219151.367463 -1933820.558147  -305188.445387
          343.125000  -219152.036734 -1933820.896382  -305188.432233
          343.218750  -219152.706005 -1933821.234617  -305188.419079
          343.312500  -219153.379110 -1933821.212315  -305188.833123
          343.406250  -219154.048381 -1933821.550551  -305188.819969
          343.500000  -219154.272749 -1933821.479432  -305188.904237
          343.625000  -219155.390757 -1933821.675431  -305189.059618
          343.718750  -219155.615125 -1933821.604312  -305189.143886
          343.812500  -219156.288230 -1933821.582011  -305189.557930
          343.906250  -219156.725466 -1933819.464529  -305185.865019
          344.000000  -219157.181869 -1933822.040181  -305189.790285
          344.125000  -219157.630606 -1933822.280051  -305190.281302
          344.218750  -219158.075509 -1933821.925191  -305189.538917
          344.312500  -219158.303711 -1933822.448803  -305190.856587
          344.406250  -219158.528079 -1933823.715059  -305192.069540
          344.500000  -219158.520412 -1933821.188224  -305188.474050
          344.625000  -219159.193517 -1933820.783815  -305188.565613
          344.718750  -219159.417885 -1933820.712697  -305188.649881
          344.812500  -219158.284543 -1933821.958845  -305186.785706
          344.906250  -219156.698631 -1933824.089874  -305184.648277
          345.000000  -219158.961481 -1933821.384953  -305187.465708
          345.125000  -219147.879265 -1933835.263686  -305175.284666
          345.218750  -219146.072819 -1933837.296350  -305173.651409
          345.312500  -219145.620249 -1933837.990177  -305173.216916
          345.406250  -219145.840783 -1933838.279596  -305172.873985
          345.500000  -219146.068985 -1933837.847941  -305173.385452
          345.625000  -219150.811387 -1933831.941733  -305177.282738
          345.718750  -219152.621667 -1933829.548533  -305179.343194
          345.812500  -219153.751175 -1933828.089760  -305180.296448
          345.906250  -219155.105052 -1933826.559870  -305181.333971
          346.000000  -219155.781990 -1933825.794924  -305181.852732
          346.125000  -219156.458929 -1933825.029979  -305182.371493
          346.218750  -219156.911499 -1933824.336152  -305182.805987
          346.312500  -219157.364069 -1933823.642325  -305183.240480
          346.406250  -219158.041007 -1933822.877380  -305183.759242
          346.500000  -219158.489743 -1933822.544090  -305183.766537
          346.625000  -219158.942314 -1933821.850263  -305184.201030
          346.718750  -219159.394884 -1933821.156436  -305184.635523
          346.812500  -219159.843620 -1933820.823146  -305184.642818
          346.906250  -219159.847454 -1933820.271556  -305184.908776
          347.000000  -219160.296190 -1933819.938265  -305184.916071
          347.125000  -219160.520558 -1933819.676094  -305184.839098
          347.218750  -219160.524392 -1933819.124503  -305185.105056
          347.312500  -219160.973128 -1933818.791213  -305185.112351
          347.406250  -219161.197497 -1933818.337988  -305184.874137
          347.500000  -219161.421865 -1933817.884763  -305184.635924
          347.625000  -219161.874435 -1933816.999882  -305184.909176
          347.718750  -219161.878268 -1933816.448292  -305185.175134
          347.812500  -219162.102637 -1933815.995067  -305184.936921
          347.906250  -219162.551373 -1933815.470723  -305184.782975
          348.000000  -219162.779575 -1933814.848015  -305185.133200
          348.125000  -219163.003943 -1933814.394789  -305184.894987
          348.218750  -219163.452680 -1933814.061499  -305184.902282
          348.312500  -219163.456513 -1933813.318855  -305185.006999
          348.406250  -219163.680882 -1933812.865630  -305184.768785
          348.500000  -219163.905250 -1933812.412405  -305184.530571
          348.625000  -219164.129618 -1933811.959180  -305184.292358
          348.718750  -219164.133452 -1933811.216536  -305184.397075
          348.812500  -219164.357820 -1933810.763311  -305184.158861
          348.906250  -219164.582188 -1933810.501139  -305184.081888
          349.000000  -219165.030925 -1933809.976795  -305183.927943
          349.125000  -219164.810390 -1933809.305270  -305183.948392
          349.218750  -219165.259126 -1933808.780926  -305183.794446
          349.312500  -219165.483495 -1933808.327701  -305183.556232
          349.406250  -219165.707863 -1933808.065529  -305183.479259
          349.500000  -219165.932231 -1933807.612304  -305183.241046
          349.625000  -219165.936065 -1933806.869660  -305183.345763
          349.718750  -219166.160433 -1933806.416435  -305183.107549
          349.812500  -219166.384801 -1933805.963210  -305182.869336
          349.906250  -219166.609169 -1933805.509984  -305182.631122
          350.000000  -219167.057906 -1933804.985641  -305182.477176
          350.125000  -219167.282274 -1933804.532415  -305182.238963
          350.218750  -219167.286108 -1933803.789772  -305182.343680
          350.312500  -219167.510476 -1933803.336546  -305182.105466
          350.406250  -219167.734844 -1933802.883321  -305181.867252
          350.500000  -219168.183581 -1933802.550031  -305181.874547
          350.625000  -219168.407949 -1933802.096806  -305181.636334
          350.718750  -219168.632317 -1933801.643580  -305181.398120
          350.812500  -219168.636151 -1933800.900937  -305181.502837
          350.906250  -219168.860519 -1933800.447711  -305181.264623
          351.000000  -219169.309256 -1933800.114421  -305181.271918
          351.125000  -219169.533624 -1933799.661196  -305181.033705
          351.218750  -219169.537457 -1933798.918552  -305181.138422
          351.312500  -219169.761826 -1933798.465327  -305180.900208
          351.406250  -219169.986194 -1933798.203155  -305180.823235
          351.500000  -219170.434930 -1933797.678811  -305180.669290
          351.625000  -219170.659299 -1933797.225586  -305180.431076
          351.718750  -219170.883667 -1933796.772361  -305180.192862
          351.812500  -219170.887500 -1933796.029717  -305180.297579
          351.906250  -219171.111869 -1933795.576492  -305180.059366
          352.000000  -219171.560605 -1933795.052148  -305179.905420
          352.125000  -219171.784973 -1933794.598923  -305179.667206
          352.218750  -219172.009342 -1933794.145698  -305179.428993
          352.312500  -219172.237543 -1933793.331936  -305179.617978
          352.406250  -219172.461912 -1933792.878710  -305179.379764
          352.500000  -219172.461912 -1933792.496603  -305179.057282
          352.625000  -219172.686280 -1933791.852325  -305178.657828
          352.718750  -219172.910648 -1933791.399099  -305178.419614
          352.812500  -219172.690113 -1933790.727574  -305178.440064
          352.906250  -219172.690113 -1933790.154414  -305177.956341
          353.000000  -219172.690113 -1933789.772307  -305177.633860
          353.125000  -219172.690113 -1933789.390200  -305177.311379
          353.218750  -219172.469579 -1933788.909728  -305177.493068
          353.312500  -219172.249044 -1933788.047149  -305177.352277
          353.406250  -219172.465745 -1933788.314997  -305176.259666
          353.500000  -219172.024676 -1933787.545107  -305176.784287
          353.625000  -219171.800308 -1933787.234119  -305176.377538
          353.718750  -219171.796474 -1933787.212548  -305175.627858
          353.812500  -219171.572106 -1933786.901560  -305175.221108
          353.906250  -219171.347738 -1933786.781625  -305174.975600
          354.000000  -219170.902835 -1933786.372271  -305175.073022
          354.125000  -219170.454098 -1933786.323454  -305174.743245
          354.218750  -219170.229730 -1933786.203519  -305174.497737
          354.312500  -219170.225896 -1933786.181949  -305173.748057
          354.406250  -219170.438764 -1933786.810334  -305172.228248
          354.500000  -219169.990027 -1933786.761517  -305171.898471
          354.625000  -219169.324590 -1933786.062745  -305172.338824
          354.718750  -219169.100221 -1933785.942810  -305172.093316
          354.812500  -219168.430950 -1933785.795629  -305172.267711
          354.906250  -219168.206582 -1933785.675693  -305172.022202
          355.000000  -219167.537311 -1933785.337458  -305172.035356
          355.125000  -219166.871873 -1933784.829740  -305172.636950
          355.218750  -219166.202602 -1933784.491505  -305172.650104
          355.312500  -219165.757699 -1933784.082151  -305172.747526
          355.406250  -219165.088428 -1933783.934969  -305172.921921
          355.500000  -219164.419157 -1933783.787788  -305173.096316
          355.625000  -219163.749885 -1933783.449553  -305173.109470
          355.718750  -219163.080614 -1933783.302371  -305173.283865
          355.812500  -219162.411343 -1933783.155189  -305173.458260
          355.906250  -219161.742072 -1933783.008008  -305173.632655
          356.000000  -219161.072801 -1933782.860826  -305173.807050
          356.125000  -219160.403529 -1933782.713644  -305173.981445
          356.218750  -219159.734258 -1933782.566462  -305174.155840
          356.312500  -219159.064987 -1933782.419281  -305174.330235
          356.406250  -219158.623918 -1933781.840444  -305175.016096
          356.500000  -219157.730278 -1933781.764381  -305175.106224
          356.625000  -219157.502076 -1933782.004982  -305174.433516
          356.718750  -219156.828972 -1933782.027284  -305174.019472
          356.812500  -219156.380235 -1933782.169521  -305173.850937
          356.906250  -219155.710964 -1933782.022339  -305174.025332
          357.000000  -219155.041693 -1933781.684104  -305174.038486
          357.125000  -219154.368588 -1933781.897459  -305173.785682
          357.218750  -219153.699317 -1933781.750277  -305173.960077
          357.312500  -219153.030046 -1933781.603095  -305174.134472
          357.406250  -219152.360774 -1933781.455914  -305174.308867
          357.500000  -219151.691503 -1933781.117678  -305174.322021
          357.625000  -219151.022232 -1933780.970497  -305174.496416
          357.718750  -219150.352961 -1933780.823315  -305174.670811
          357.812500  -219149.683690 -1933780.485080  -305174.683966
          357.906250  -219149.014418 -1933780.337898  -305174.858361
          358.000000  -219148.345147 -1933780.190717  -305175.032756
          358.125000  -219147.675876 -1933780.043535  -305175.207151
          358.218750  -219146.782237 -1933779.776418  -305175.136037
          358.312500  -219146.333500 -1933779.918655  -305174.967501
          358.406250  -219145.664229 -1933779.580420  -305174.980656
          358.500000  -219145.215492 -1933779.722656  -305174.812120
          358.625000  -219144.546221 -1933779.575475  -305174.986515
          358.718750  -219143.876950 -1933779.237239  -305174.999669
          358.812500  -219143.207679 -1933779.090058  -305175.174064
          358.906250  -219142.758942 -1933779.041241  -305174.844288
          359.000000  -219142.089671 -1933778.894059  -305175.018683
          359.125000  -219141.420400 -1933778.746878  -305175.193078
          359.218750  -219140.747295 -1933778.960233  -305174.940274
          359.312500  -219140.078024 -1933778.813051  -305175.114669
          359.406250  -219139.408753 -1933778.474816  -305175.127823
          359.500000  -219138.960016 -1933778.617052  -305174.959288
          359.625000  -219138.290745 -1933778.469871  -305175.133683
          359.718750  -219137.842008 -1933778.612107  -305174.965147
          359.812500  -219137.172737 -1933778.655979  -305175.300783
          359.906250  -219136.279098 -1933778.579916  -305175.390910
          360.000000  -219135.830361 -1933778.722153  -305175.222374
          360.125000  -219135.161090 -1933778.574971  -305175.396769
          360.218750  -219134.712354 -1933778.717208  -305175.228233
          360.312500  -219134.043082 -1933778.570026  -305175.402628
          360.406250  -219133.594346 -1933778.712263  -305175.234093
          360.500000  -219133.145609 -1933778.854499  -305175.065557
          360.625000  -219132.251970 -1933778.778436  -305175.155684
          360.718750  -219131.803233 -1933778.920673  -305174.987148
          360.812500  -219131.133962 -1933778.773491  -305175.161543
          360.906250  -219130.685226 -1933778.915728  -305174.993008
          361.000000  -219130.015955 -1933778.768546  -305175.167403
          361.125000  -219129.567218 -1933778.910783  -305174.998867
          361.218750  -219128.897947 -1933778.763601  -305175.173262
          361.312500  -219128.449210 -1933778.905838  -305175.004726
          361.406250  -219127.555571 -1933778.638721  -305174.933613
          361.500000  -219127.110668 -1933778.420421  -305175.192276
          361.625000  -219126.437563 -1933778.633776  -305174.939472
          361.718750  -219125.768292 -1933778.486594  -305175.113867
          361.812500  -219125.319556 -1933778.628831  -305174.945331
          361.906250  -219124.650284 -1933778.290596  -305174.958486
          362.000000  -219124.201548 -1933778.432832  -305174.789950
          362.125000  -219123.532277 -1933778.285651  -305174.964345
          362.218750  -219123.083540 -1933778.236834  -305174.634569
          362.312500  -219122.638637 -1933778.018534  -305174.893231
          362.406250  -219122.189901 -1933777.969717  -305174.563455
          362.500000  -219121.296261 -1933777.893654  -305174.653582
          362.625000  -219121.071893 -1933777.773719  -305174.408074
          362.718750  -219120.402622 -1933777.435484  -305174.421228
          362.812500  -219120.178254 -1933777.315548  -305174.175719
          362.906250  -219119.508982 -1933776.977313  -305174.188873
          363.000000  -219119.060246 -1933776.928497  -305173.859097
          363.125000  -219118.835878 -1933776.808561  -305173.613588
          363.218750  -219118.166606 -1933776.470326  -305173.626743
          363.312500  -219117.721703 -1933776.060973  -305173.724165
          363.406250  -219117.497335 -1933775.749984  -305173.317415
          363.500000  -219117.056266 -1933774.980094  -305173.842036
          363.625000  -219116.611363 -1933774.761794  -305174.100699
          363.718750  -219116.166460 -1933774.161387  -305174.036880
          363.812500  -219115.721557 -1933773.752033  -305174.134302
          363.906250  -219115.276654 -1933773.151626  -305174.070484
          364.000000  -219114.831751 -1933772.742273  -305174.167906
          364.125000  -219114.831751 -1933772.551219  -305174.006665
          364.218750  -219114.386848 -1933771.950812  -305173.942846
          364.312500  -219114.166313 -1933771.470341  -305174.124536
          364.406250  -219114.166313 -1933771.088234  -305173.802055
          364.500000  -219114.166313 -1933770.706127  -305173.479573
          364.625000  -219113.945779 -1933770.034601  -305173.500023
          364.718750  -219113.945779 -1933769.652494  -305173.177541
          364.812500  -219113.725244 -1933769.172023  -305173.359231
          364.906250  -219113.949612 -1933768.718797  -305173.121017
          365.000000  -219113.949612 -1933768.336690  -305172.798536
          365.125000  -219113.729077 -1933767.665165  -305172.818985
          365.218750  -219113.953446 -1933767.211940  -305172.580772
          365.312500  -219113.953446 -1933767.020886  -305172.419531
          365.406250  -219113.732911 -1933766.349361  -305172.439980
          365.500000  -219113.732911 -1933765.967254  -305172.117499
          365.625000  -219113.732911 -1933765.585147  -305171.795017
          365.718750  -219113.512376 -1933765.104675  -305171.976707
          365.812500  -219113.512376 -1933764.722568  -305171.654226
          365.906250  -219113.067473 -1933764.122161  -305171.590407
          366.000000  -219113.512376 -1933763.958354  -305171.009263
          366.125000  -219113.067473 -1933763.357947  -305170.945444
          366.218750  -219112.843105 -1933763.046959  -305170.538695
          366.312500  -219112.622570 -1933762.375433  -305170.559144
          366.406250  -219112.622570 -1933761.993327  -305170.236662
          366.500000  -219112.398202 -1933761.491284  -305169.668672
          366.625000  -219112.839272 -1933761.496961  -305168.499089
          366.718750  -219112.839272 -1933761.114854  -305168.176607
          366.812500  -219112.614903 -1933760.803865  -305167.769858
          366.906250  -219112.614903 -1933760.230705  -305167.286136
          367.000000  -219112.390535 -1933759.919716  -305166.879387
          367.125000  -219112.390535 -1933759.537609  -305166.556905
          367.218750  -219112.166167 -1933759.035567  -305165.988915
          367.312500  -219112.831605 -1933758.970125  -305164.903599
          367.406250  -219112.607236 -1933758.659137  -305164.496850
          367.500000  -219112.607236 -1933758.277030  -305164.174369
          367.625000  -219112.162333 -1933757.676623  -305164.110550
          367.718750  -219112.162333 -1933757.294516  -305163.788069
          367.812500  -219111.937965 -1933756.983527  -305163.381319
          367.906250  -219111.937965 -1933756.601421  -305163.058838
          368.000000  -219111.937965 -1933756.028260  -305162.575116
          368.125000  -219112.162333 -1933755.575035  -305162.336902
          368.218750  -219112.382868 -1933755.291293  -305161.510249
          368.312500  -219112.382868 -1933754.909186  -305161.187768
          368.406250  -219112.162333 -1933754.428714  -305161.369458
          368.500000  -219112.607236 -1933754.073854  -305160.627073
          368.625000  -219112.607236 -1933753.500693  -305160.143350
          368.718750  -219112.831605 -1933753.047468  -305159.905137
          368.812500  -219112.820104 -1933753.555918  -305158.139819
          368.906250  -219113.040639 -1933753.272176  -305157.313166
          369.000000  -219113.481708 -1933753.277852  -305156.143583
          369.125000  -219112.611070 -1933751.229622  -305158.958142
          369.218750  -219112.611070 -1933750.847515  -305158.635660
          369.312500  -219112.835438 -1933750.203236  -305158.236206
          369.406250  -219113.489375 -1933751.028351  -305155.708054
          369.500000  -219113.709910 -1933750.744609  -305154.881401
          369.625000  -219113.713743 -1933750.001965  -305154.986118
          369.718750  -219113.713743 -1933749.619858  -305154.663637
          369.812500  -219113.713743 -1933749.237752  -305154.341155
          369.906250  -219113.717577 -1933748.495108  -305154.445872
          370.000000  -219113.717577 -1933748.113001  -305154.123391
          370.125000  -219113.721410 -1933747.370357  -305154.228108
          370.218750  -219113.721410 -1933746.988250  -305153.905626
          370.312500  -219113.945779 -1933746.343972  -305153.506172
          370.406250  -219113.945779 -1933745.961865  -305153.183691
          370.500000  -219115.926757 -1933747.589793  -305148.541431
          370.625000  -219115.930591 -1933746.847149  -305148.646148
          370.718750  -219115.710056 -1933746.175624  -305148.666597
          370.812500  -219115.934425 -1933745.531345  -305148.267143
          370.906250  -219115.713890 -1933744.859820  -305148.287592
          371.000000  -219115.717723 -1933744.308229  -305148.553550
          371.125000  -219115.721557 -1933743.374532  -305148.497026
          371.218750  -219115.501022 -1933742.703007  -305148.517475
          371.312500  -219115.504856 -1933742.151417  -305148.783433
          371.406250  -219115.729224 -1933741.507138  -305148.383979
          371.500000  -219115.508689 -1933740.835613  -305148.404428
          371.625000  -219115.512523 -1933739.901915  -305148.347904
          371.718750  -219115.512523 -1933739.519809  -305148.025423
          371.812500  -219115.516356 -1933738.777165  -305148.130140
          371.906250  -219115.295822 -1933738.105639  -305148.150589
          372.000000  -219115.299655 -1933737.362996  -305148.255306
          372.125000  -219115.524023 -1933736.718717  -305147.855852
          372.218750  -219115.303489 -1933736.047192  -305147.876301
          372.312500  -219115.307322 -1933735.304548  -305147.981018
          372.406250  -219115.307322 -1933734.922441  -305147.658536
          372.500000  -219115.311156 -1933733.988744  -305147.602013
          372.625000  -219115.090621 -1933733.317219  -305147.622462
          372.718750  -219115.094455 -1933732.574575  -305147.727179
          372.812500  -219115.098288 -1933731.640878  -305147.670655
          372.906250  -219115.098288 -1933731.258771  -305147.348174
          373.000000  -219114.877754 -1933730.587246  -305147.368623
          373.125000  -219114.877754 -1933730.205139  -305147.046142
          373.218750  -219113.995615 -1933728.856411  -305148.256623
          373.312500  -219113.775080 -1933728.184886  -305148.277073
          373.406250  -219113.330177 -1933727.584479  -305148.213254
          373.500000  -219113.109642 -1933727.104007  -305148.394944
          373.625000  -219112.660906 -1933726.864137  -305147.903927
          373.718750  -219112.216003 -1933726.263730  -305147.840108
          373.812500  -219111.991635 -1933725.952742  -305147.433359
          373.906250  -219111.767266 -1933725.832806  -305147.187850
          374.000000  -219111.097995 -1933725.494571  -305147.201005
          374.125000  -219110.653092 -1933725.085218  -305147.298427
          374.218750  -219109.983821 -1933724.746983  -305147.311581
          374.312500  -219109.755619 -1933724.987584  -305146.638874
          374.406250  -219109.090182 -1933724.479866  -305147.240467
          374.500000  -219108.641445 -1933724.431049  -305146.910691
          374.625000  -219108.192709 -1933724.382232  -305146.580914
          374.718750  -219107.743972 -1933724.524469  -305146.412379
          374.812500  -219107.299069 -1933724.497222  -305146.832282
          374.906250  -219105.972027 -1933723.503356  -305148.785149
          375.000000  -219106.846499 -1933724.617889  -305145.914067
          375.125000  -219106.838832 -1933725.147909  -305144.898429
          375.218750  -219106.610630 -1933725.579564  -305144.386963
          375.312500  -219106.161894 -1933725.721801  -305144.218427
          375.406250  -219105.713157 -1933725.864037  -305144.049891
          375.500000  -219105.264421 -1933726.197328  -305144.042596
          375.625000  -219104.587482 -1933726.771219  -305143.362594
          375.718750  -219103.918211 -1933726.815091  -305143.698230
          375.812500  -219103.252774 -1933726.498426  -305144.461064
          375.906250  -219102.804037 -1933726.640663  -305144.292529
          376.000000  -219102.134766 -1933726.684535  -305144.628164
          376.125000  -219101.686029 -1933726.826771  -305144.459629
          376.218750  -219101.016758 -1933726.870643  -305144.795264
          376.312500  -219100.568022 -1933727.012880  -305144.626729
          376.406250  -219100.119285 -1933727.155117  -305144.458193
          376.500000  -219099.446180 -1933727.368472  -305144.205389
          376.625000  -219098.776909 -1933727.412343  -305144.541025
          376.718750  -219098.328173 -1933727.554580  -305144.372489
          376.812500  -219097.875603 -1933728.057354  -305143.776755
          376.906250  -219097.430700 -1933727.839054  -305144.035418
          377.000000  -219096.761429 -1933727.882925  -305144.371054
          377.125000  -219096.088324 -1933728.096280  -305144.118250
          377.218750  -219095.419053 -1933728.140152  -305144.453886
          377.312500  -219094.977983 -1933727.752369  -305145.300988
          377.406250  -219094.304878 -1933727.965724  -305145.048185
          377.500000  -219093.856142 -1933728.299014  -305145.040890
          377.625000  -219093.183037 -1933728.512369  -305144.788086
          377.718750  -219092.734301 -1933728.845659  -305144.780791
          377.812500  -219092.285564 -1933729.178949  -305144.773496
          377.906250  -219091.836828 -1933729.703293  -305144.927442
          378.000000  -219091.167557 -1933729.747165  -305145.263078
          378.125000  -219090.718820 -1933730.080455  -305145.255783
          378.218750  -219090.270084 -1933730.604799  -305145.409729
          378.312500  -219089.821347 -1933730.938089  -305145.402434
          378.406250  -219089.596979 -1933731.200261  -305145.479406
          378.500000  -219089.152076 -1933731.364068  -305146.060551
          378.625000  -219088.703339 -1933731.888411  -305146.214497
          378.718750  -219088.699506 -1933732.248948  -305145.787298
          378.812500  -219088.250769 -1933732.582238  -305145.780003
          378.906250  -219087.357130 -1933733.270389  -305146.515093
          379.000000  -219087.132762 -1933733.532560  -305146.592066
          379.125000  -219086.908393 -1933733.794732  -305146.669039
          379.218750  -219086.684025 -1933734.247958  -305146.907253
          379.312500  -219086.459657 -1933734.510129  -305146.984225
          379.406250  -219086.010920 -1933735.034473  -305147.138171
          379.500000  -219085.562184 -1933735.558817  -305147.292117
          379.625000  -219084.892913 -1933735.793742  -305147.788993
          379.718750  -219084.668544 -1933736.246967  -305148.027207
          379.812500  -219084.219808 -1933736.771311  -305148.181153
          379.906250  -219083.771071 -1933737.104601  -305148.173858
          380.000000  -219083.546703 -1933737.366773  -305148.250831
          380.125000  -219083.097967 -1933737.891116  -305148.404777
          380.218750  -219082.653064 -1933738.054923  -305148.985921
          380.312500  -219082.204327 -1933738.579267  -305149.139867
          380.406250  -219081.755591 -1933739.103611  -305149.293812
          380.500000  -219081.306854 -1933739.436901  -305149.286517
          380.625000  -219080.858118 -1933739.961244  -305149.440463
          380.718750  -219080.409381 -1933740.485588  -305149.594409
          380.812500  -219080.185013 -1933740.938813  -305149.832623
          380.906250  -219079.736276 -1933741.463157  -305149.986568
          381.000000  -219079.287540 -1933741.796447  -305149.979273
          381.125000  -219078.618269 -1933742.031372  -305150.476150
          381.218750  -219078.169532 -1933742.555716  -305150.630096
          381.312500  -219077.720796 -1933743.080060  -305150.784041
          381.406250  -219077.272059 -1933743.604403  -305150.937987
          381.500000  -219076.823323 -1933744.128747  -305151.091933
          381.625000  -219076.374586 -1933744.653091  -305151.245879
          381.718750  -219075.925850 -1933745.177434  -305151.399825
          381.812500  -219075.477113 -1933745.701778  -305151.553770
          381.906250  -219074.807842 -1933745.936703  -305152.050647
          382.000000  -219074.359106 -1933746.461047  -305152.204593
          382.125000  -219073.910369 -1933746.985390  -305152.358538
          382.218750  -219073.461633 -1933747.318680  -305152.351243
          382.312500  -219073.012896 -1933748.034078  -305152.666430
          382.406250  -219072.339791 -1933748.629540  -305152.736108
          382.500000  -219072.115423 -1933749.082765  -305152.974322
          382.625000  -219071.666687 -1933749.607109  -305153.128267
          382.718750  -219071.442318 -1933750.060334  -305153.366481
          382.812500  -219070.993582 -1933750.584677  -305153.520427
          382.906250  -219070.544845 -1933751.109021  -305153.674373
          383.000000  -219070.096109 -1933751.824418  -305153.989559
          383.125000  -219069.871741 -1933752.277643  -305154.227773
          383.218750  -219069.647372 -1933752.921922  -305154.627227
          383.312500  -219069.419171 -1933753.735684  -305154.438242
          383.406250  -219068.970434 -1933754.451081  -305154.753429
          383.500000  -219068.746066 -1933755.095360  -305155.152883
          383.625000  -219068.297329 -1933755.619704  -305155.306829
          383.718750  -219068.072961 -1933756.263982  -305155.706283
          383.812500  -219067.848593 -1933756.908261  -305156.105737
          383.906250  -219067.844759 -1933757.650905  -305156.001020
          384.000000  -219067.396023 -1933758.366302  -305156.316207
          384.125000  -219067.171655 -1933759.010581  -305156.715661
          384.218750  -219067.167821 -1933759.753224  -305156.610944
          384.312500  -219066.719084 -1933760.468622  -305156.926131
          384.406250  -219066.494716 -1933761.112900  -305157.325585
          384.500000  -219066.270348 -1933761.566126  -305157.563799
          384.625000  -219065.821611 -1933762.281523  -305157.878985
          384.718750  -219066.045980 -1933762.401458  -305158.124494
          384.812500  -219066.042146 -1933763.144102  -305158.019777
          384.906250  -219065.817778 -1933763.788380  -305158.419231
          385.000000  -219065.593410 -1933764.241606  -305158.657445
          385.125000  -219065.369041 -1933764.694831  -305158.895658
          385.218750  -219065.144673 -1933765.339110  -305159.295113
          385.312500  -219065.140840 -1933766.272807  -305159.351636
          385.406250  -219064.916471 -1933766.726032  -305159.589850
          385.500000  -219064.692103 -1933767.179257  -305159.828064
          385.625000  -219064.688270 -1933768.112954  -305159.884587
          385.718750  -219064.463901 -1933768.566180  -305160.122801
          385.812500  -219064.015165 -1933769.281577  -305160.437988
          385.906250  -219063.790797 -1933769.734802  -305160.676201
          386.000000  -219063.786963 -1933770.668499  -305160.732725
          386.125000  -219063.562595 -1933771.312778  -305161.132179
          386.218750  -219063.338227 -1933771.766003  -305161.370393
          386.312500  -219063.113858 -1933772.410282  -305161.769847
          386.406250  -219063.110025 -1933773.152926  -305161.665130
          386.500000  -219062.661288 -1933773.868323  -305161.980317
          386.625000  -219062.436920 -1933774.321548  -305162.218530
          386.718750  -219062.212552 -1933774.965827  -305162.617985
          386.812500  -219061.984350 -1933775.970642  -305162.590241
          386.906250  -219061.759982 -1933776.423868  -305162.828454
          387.000000  -219061.535613 -1933777.068146  -305163.227909
          387.125000  -219061.531780 -1933778.001844  -305163.284432
          387.218750  -219061.307412 -1933778.455069  -305163.522646
          387.312500  -219060.858675 -1933779.170466  -305163.837832
          387.406250  -219060.634307 -1933779.623691  -305164.076046
          387.500000  -219060.630473 -1933780.557388  -305164.132570
          387.625000  -219060.406105 -1933781.201667  -305164.532024
          387.718750  -219059.729167 -1933781.584506  -305163.690781
          387.812500  -219059.953535 -1933782.659708  -305164.742493
          387.906250  -219059.504799 -1933783.566159  -305165.218921
          388.000000  -219059.729167 -1933783.877147  -305165.625670
          388.125000  -219059.059896 -1933784.685233  -305166.606269
          388.218750  -219059.056062 -1933785.618930  -305166.662792
          388.312500  -219059.500965 -1933785.837230  -305166.404130
          388.406250  -219059.500965 -1933786.410390  -305166.887852
          388.500000  -219059.504799 -1933786.814067  -305167.960013
          388.625000  -219059.725333 -1933787.485593  -305167.939564
          388.718750  -219059.725333 -1933788.058753  -305168.423286
          388.812500  -219059.945868 -1933788.730279  -305168.402837
          388.906250  -219059.945868 -1933788.921332  -305168.564078
          389.000000  -219060.166403 -1933789.592857  -305168.543628
          389.125000  -219060.390771 -1933789.903846  -305168.950378
          389.218750  -219060.835674 -1933790.504253  -305169.014196
          389.312500  -219061.060042 -1933790.815241  -305169.420946
          389.406250  -219061.280577 -1933791.486767  -305169.400497
          389.500000  -219061.725480 -1933792.087174  -305169.464315
          389.625000  -219061.949848 -1933792.398162  -305169.871064
          389.718750  -219062.394751 -1933792.998569  -305169.934883
          389.812500  -219062.615286 -1933793.670095  -305169.914434
          389.906250  -219062.839654 -1933793.790030  -305170.159943
          390.000000  -219063.284557 -1933794.390437  -305170.223761
          390.125000  -219063.508925 -1933794.701425  -305170.630510
          390.218750  -219064.178196 -1933795.230714  -305170.778597
          390.312500  -219064.402565 -1933795.541703  -305171.185346
          390.406250  -219064.847468 -1933795.951056  -305171.087924
          390.500000  -219065.071836 -1933796.453098  -305171.655914
          390.625000  -219065.516739 -1933796.862452  -305171.558492
          390.718750  -219065.741107 -1933797.173440  -305171.965241
          390.812500  -219066.410378 -1933797.702729  -305172.113328
          390.906250  -219066.634746 -1933798.013717  -305172.520077
          391.000000  -219067.079649 -1933798.614124  -305172.583896
          391.125000  -219067.304018 -1933798.925113  -305172.990645
          391.218750  -219067.748921 -1933799.334467  -305172.893223
          391.312500  -219067.973289 -1933799.645455  -305173.299972
          391.406250  -219068.418192 -1933800.245862  -305173.363791
          391.500000  -219069.087463 -1933800.775151  -305173.511877
          391.625000  -219069.307998 -1933801.064569  -305173.168947
          391.718750  -219069.756734 -1933801.113386  -305173.498723
          391.812500  -219070.426005 -1933801.833728  -305173.808050
          391.906250  -219070.870908 -1933802.052028  -305173.549388
          392.000000  -219071.319645 -1933802.100845  -305173.879164
          392.125000  -219071.985083 -1933802.799617  -305173.438811
          392.218750  -219072.433819 -1933802.848433  -305173.768588
          392.312500  -219072.874888 -1933803.236217  -305172.921486
          392.406250  -219073.547993 -1933803.213915  -305173.335530
          392.500000  -219072.403151 -1933802.866926  -305167.932389
          392.625000  -219073.072422 -1933802.823054  -305167.596753
          392.718750  -219073.741693 -1933802.970235  -305167.422358
          392.812500  -219074.186596 -1933803.188535  -305167.163695
          392.906250  -219074.635332 -1933802.855245  -305167.170990
          393.000000  -219075.304604 -1933803.002427  -305166.996595
          393.125000  -219075.973875 -1933803.149609  -305166.822200
          393.218750  -219078.229058 -1933800.974708  -305168.623993
          393.312500  -219078.902163 -1933800.570299  -305168.715556
          393.406250  -219079.571434 -1933800.717481  -305168.541161
          393.500000  -219077.985522 -1933802.848510  -305166.403732
          393.625000  -219078.434259 -1933802.897327  -305166.733509
          393.718750  -219079.107363 -1933802.683972  -305166.986312
          393.812500  -219080.001003 -1933802.760035  -305166.896185
          393.906250  -219080.449739 -1933802.617798  -305167.064721
          394.000000  -219081.122844 -1933802.404443  -305167.317524
          394.125000  -219081.571580 -1933802.262207  -305167.486060
          394.218750  -219082.244685 -1933802.048852  -305167.738864
          394.312500  -219082.693422 -1933802.097668  -305168.068640
          394.406250  -219083.366526 -1933801.693260  -305168.160203
          394.500000  -219083.594728 -1933801.261605  -305168.671669
          394.625000  -219084.267833 -1933801.048250  -305168.924473
          394.718750  -219084.940938 -1933801.025948  -305169.338517
          394.812500  -219085.842244 -1933799.998831  -305169.780305
          394.906250  -219088.097427 -1933798.014984  -305171.743338
          395.000000  -219088.549997 -1933797.512210  -305172.339073
          395.125000  -219089.223102 -1933797.107802  -305172.430635
          395.218750  -219089.675672 -1933796.605028  -305173.026370
          395.312500  -219090.124409 -1933796.271738  -305173.033664
          395.406250  -219089.215435 -1933797.446768  -305171.253757
          395.500000  -219090.344943 -1933796.179050  -305172.368252
          395.625000  -219092.136056 -1933795.206426  -305171.970234
          395.718750  -219092.809161 -1933794.802017  -305172.061796
          395.812500  -219093.482265 -1933794.206555  -305171.992118
          395.906250  -219094.600273 -1933793.638340  -305171.502537
          396.000000  -219093.489933 -1933793.103375  -305172.524034
          396.125000  -219093.714301 -1933793.032256  -305172.608302
          396.218750  -219093.931002 -1933793.300105  -305171.515691
          396.312500  -219094.151537 -1933793.398470  -305171.011520
          396.406250  -219093.706634 -1933793.180169  -305171.270183
          396.500000  -219094.155370 -1933792.655826  -305171.116237
          396.625000  -219094.155370 -1933792.464772  -305170.954996
          396.718750  -219094.155370 -1933792.082665  -305170.632515
          396.812500  -219094.159204 -1933791.531075  -305170.898472
          396.906250  -219093.714301 -1933791.121722  -305170.995895
          397.000000  -219093.493766 -1933790.832303  -305171.338825
          397.125000  -219093.277065 -1933789.991295  -305171.947714
          397.218750  -219087.314961 -1933784.999659  -305182.126092
          397.312500  -219092.611627 -1933789.292523  -305172.388066
          397.406250  -219092.832162 -1933789.199834  -305171.722654
          397.500000  -219093.048863 -1933789.467682  -305170.630044
          397.625000  -219093.493766 -1933789.303876  -305170.048899
          397.718750  -219093.269398 -1933789.183940  -305169.803391
          397.812500  -219093.269398 -1933788.801834  -305169.480909
          397.906250  -219093.497600 -1933788.179125  -305169.831135
          398.000000  -219093.277065 -1933787.698653  -305170.012825
          398.125000  -219093.280898 -1933787.147063  -305170.278783
          398.218750  -219093.284732 -1933786.595473  -305170.544740
          398.312500  -219093.288566 -1933785.852829  -305170.649457
          398.406250  -219088.657337 -1933781.494524  -305179.302168
          398.500000  -219091.976858 -1933783.225762  -305174.149878
          398.625000  -219092.201226 -1933782.772536  -305173.911664
          398.718750  -219092.870497 -1933782.346558  -305173.253547
          398.812500  -219093.539769 -1933782.111632  -305172.756670
          398.906250  -219094.209040 -1933781.685654  -305172.098553
          399.000000  -219093.303900 -1933783.646468  -305171.713288
          399.125000  -219092.847496 -1933784.509778  -305170.690356
          399.218750  -219094.209040 -1933783.787242  -305173.872201
          399.312500  -219092.155224 -1933784.424229  -305166.527912
          399.406250  -219092.828328 -1933783.828767  -305166.458234
          399.500000  -219093.957837 -1933782.369995  -305167.411489
          399.625000  -219094.178371 -1933782.086253  -305166.584836
          399.718750  -219094.406573 -1933781.272491  -305166.773821
          399.812500  -219094.855310 -1933780.748147  -305166.619875
          399.906250  -219095.311713 -1933779.502730  -305167.320326
          400.000000  -219096.441222 -1933778.235011  -305168.434821
          400.125000  -219096.669423 -1933777.421249  -305168.623806
          400.218750  -219097.570730 -1933776.394132  -305169.065595
          400.312500  -219098.023300 -1933775.509252  -305169.338847
          400.406250  -219096.719260 -1933772.734271  -305174.177387
          400.500000  -219097.400031 -1933771.608789  -305175.123346
          400.625000  -219098.301338 -1933770.581672  -305175.565135
          400.718750  -219098.978276 -1933769.434620  -305175.761415
          400.812500  -219099.875749 -1933768.768040  -305175.776005
          400.906250  -219100.324486 -1933768.052643  -305175.460818
          401.000000  -219100.997590 -1933767.457181  -305175.391140
          401.125000  -219101.674529 -1933766.501182  -305175.748661
          401.218750  -219102.347634 -1933765.714666  -305175.517742
          401.312500  -219102.796370 -1933765.190323  -305175.363796
          401.406250  -219103.477142 -1933764.064841  -305176.309756
          401.500000  -219104.154080 -1933763.108842  -305176.667277
          401.625000  -219104.831018 -1933762.152843  -305177.024797
          401.718750  -219105.504123 -1933761.557381  -305176.955119
          401.812500  -219105.728491 -1933760.913102  -305176.555665
          401.906250  -219106.177228 -1933760.197705  -305176.240478
          402.000000  -219106.854166 -1933759.241707  -305176.597999
          402.125000  -219107.527271 -1933758.646245  -305176.528321
          402.218750  -219108.200376 -1933757.859729  -305176.297402
          402.312500  -219108.649112 -1933757.144332  -305175.982216
          402.406250  -219109.542752 -1933756.456182  -305175.247126
          402.500000  -219109.987655 -1933756.101321  -305174.504741
          402.625000  -219110.436391 -1933755.385924  -305174.189554
          402.718750  -219110.664593 -1933754.381109  -305174.217298
          402.812500  -219110.888961 -1933753.927883  -305173.979085
          402.906250  -219111.117163 -1933752.923068  -305174.006829
          403.000000  -219111.341531 -1933752.469842  -305173.768615
          403.125000  -219111.569733 -1933751.465027  -305173.796359
          403.218750  -219111.790268 -1933751.181285  -305172.969706
          403.312500  -219112.239004 -1933750.465888  -305172.654520
          403.406250  -219112.463372 -1933749.821609  -305172.255066
          403.500000  -219112.687741 -1933749.177330  -305171.855611
          403.625000  -219112.915943 -1933748.363568  -305172.044596
          403.718750  -219113.144144 -1933747.358753  -305172.072340
          403.812500  -219113.368513 -1933746.714474  -305171.672886
          403.906250  -219113.821083 -1933745.829594  -305171.946139
          404.000000  -219114.045451 -1933745.185315  -305171.546684
          404.125000  -219114.273653 -1933744.371553  -305171.735669
          404.218750  -219114.498021 -1933743.727274  -305171.336215
          404.312500  -219114.946757 -1933743.011877  -305171.021028
          404.406250  -219115.171126 -1933742.558652  -305170.782815
          404.500000  -219115.395494 -1933741.914373  -305170.383360
          404.625000  -219115.840397 -1933741.368459  -305169.479734
          404.718750  -219116.285300 -1933741.013599  -305168.737349
          404.812500  -219116.509668 -1933740.369320  -305168.337895
          404.906250  -219116.954571 -1933739.823406  -305167.434269
          405.000000  -219112.649405 -1933742.847918  -305159.199108
          405.125000  -219113.775080 -1933741.749682  -305159.725165
          405.218750  -219113.995615 -1933741.465940  -305158.898512
          405.312500  -219114.672553 -1933740.318888  -305159.094791
          405.406250  -219115.341824 -1933739.892909  -305158.436674
          405.500000  -219116.227797 -1933739.734779  -305156.685947
          405.625000  -219116.893234 -1933739.669337  -305155.600631
          405.718750  -219117.330470 -1933739.653443  -305153.681367
          405.812500  -219117.551005 -1933739.369701  -305152.854715
          405.906250  -219117.999741 -1933738.845358  -305152.700769
          406.000000  -219118.885714 -1933738.878281  -305151.111282
          406.125000  -219119.551151 -1933738.812839  -305150.025966
          406.218750  -219120.661492 -1933738.774643  -305148.520747
          406.312500  -219121.110228 -1933738.250300  -305148.366801
          406.406250  -219121.779500 -1933738.015374  -305147.869925
          406.500000  -219122.669306 -1933737.687761  -305146.707636
          406.625000  -219123.783480 -1933737.671135  -305145.952097
          406.718750  -219124.677119 -1933737.174038  -305145.378248
          406.812500  -219125.566925 -1933737.228531  -305144.538440
          406.906250  -219126.460565 -1933736.922488  -305144.125832
          407.000000  -219127.129836 -1933736.687563  -305143.628955
          407.125000  -219128.023475 -1933736.381519  -305143.216347
          407.218750  -219128.696580 -1933735.977111  -305143.307910
          407.312500  -219129.365851 -1933735.742185  -305142.811033
          407.406250  -219130.259491 -1933735.627195  -305142.559665
          407.500000  -219131.153130 -1933735.512205  -305142.308297
          407.625000  -219131.826235 -1933735.107797  -305142.399860
          407.718750  -219132.719874 -1933735.183860  -305142.309733
          407.812500  -219133.164777 -1933735.211106  -305141.889830
          407.906250  -219133.834048 -1933735.358288  -305141.715435
          408.000000  -219139.036687 -1933731.667196  -305149.965186
          408.125000  -219136.089231 -1933734.138655  -305144.323431
          408.218750  -219135.176424 -1933735.292115  -305141.793843
          408.312500  -219135.164924 -1933736.182672  -305140.351007
          408.406250  -219134.252116 -1933737.527185  -305137.982660
          408.500000  -219134.697019 -1933737.936539  -305137.885238
          408.625000  -219135.373958 -1933737.744754  -305138.887722
          408.718750  -219136.267597 -1933738.011871  -305138.958835
          408.812500  -219137.397106 -1933737.699419  -305140.879534
          408.906250  -219138.747149 -1933737.294279  -305142.134821
          409.000000  -219139.416420 -1933737.823568  -305142.282908
          409.125000  -219143.257515 -1933734.281852  -305146.867091
          409.218750  -219144.603724 -1933734.237249  -305147.695180
          409.312500  -219144.599891 -1933734.979893  -305147.590463
          409.406250  -219141.424233 -1933739.602487  -305142.888408
          409.500000  -219140.739628 -1933741.279559  -305141.676490
          409.625000  -219141.184531 -1933741.879966  -305141.740309
          409.718750  -219140.047355 -1933743.868759  -305139.771417
          409.812500  -219146.345001 -1933739.097924  -305142.711025
          409.906250  -219146.561702 -1933739.938932  -305142.102136
          410.000000  -219146.557868 -1933740.299469  -305141.674938
          410.125000  -219157.586414 -1933731.468251  -305147.875200
          410.218750  -219144.302685 -1933744.384904  -305141.485553
          410.312500  -219144.751422 -1933743.287400  -305140.847885
          410.406250  -219157.822283 -1933731.652896  -305150.369749
          410.500000  -219138.465277 -1933748.122946  -305140.157316
          410.625000  -219138.020374 -1933748.286753  -305140.738461
          410.718750  -219138.465277 -1933748.505053  -305140.479798
          410.812500  -219138.689645 -1933748.433935  -305140.564066
          410.906250  -219138.693479 -1933748.455505  -305141.313746
          411.000000  -219139.146049 -1933747.952731  -305141.909480
          411.125000  -219139.153716 -1933747.613765  -305143.086358
          411.218750  -219139.378084 -1933747.733700  -305143.331867
          411.312500  -219138.929348 -1933748.066990  -305143.324572
          411.406250  -219138.244742 -1933749.361955  -305141.790173
          411.500000  -219138.256243 -1933750.190880  -305144.684176
          411.625000  -219138.240909 -1933749.913546  -305141.524215
          411.718750  -219138.914014 -1933749.891244  -305141.938259
          411.812500  -219139.362750 -1933749.940061  -305142.268036
          411.906250  -219139.594785 -1933750.103136  -305144.012904
          412.000000  -219139.362750 -1933750.322168  -305142.590517
          412.125000  -219139.362750 -1933750.704275  -305142.912999
          412.218750  -219139.366584 -1933750.725845  -305143.662679
          412.312500  -219139.366584 -1933751.107952  -305143.985160
          412.406250  -219139.149882 -1933751.222210  -305145.400252
          412.500000  -219139.830654 -1933750.478835  -305146.668693
          412.625000  -219139.830654 -1933751.051996  -305147.152416
          412.718750  -219139.819154 -1933752.324659  -305146.032061
          412.812500  -219139.374251 -1933752.679520  -305146.774446
          412.906250  -219139.378084 -1933752.892143  -305147.685367
          413.000000  -219139.157550 -1933753.175885  -305148.512019
          413.125000  -219138.933181 -1933753.629111  -305148.750233
          413.218750  -219138.712647 -1933753.912853  -305149.576886
          413.312500  -219138.712647 -1933754.486013  -305150.060608
          413.406250  -219138.712647 -1933754.868120  -305150.383090
          413.500000  -219138.492112 -1933755.151862  -305151.209742
          413.625000  -219138.043375 -1933755.676206  -305151.363688
          413.718750  -219137.819007 -1933756.320484  -305151.763143
          413.812500  -219137.819007 -1933756.893645  -305152.246865
          413.906250  -219137.370271 -1933757.609042  -305152.562051
          414.000000  -219136.925368 -1933757.963902  -305153.304436
          414.125000  -219136.700999 -1933758.799234  -305153.865131
          414.218750  -219136.252263 -1933759.323578  -305154.019077
          414.312500  -219136.248429 -1933760.257275  -305154.075601
          414.406250  -219135.799693 -1933760.972672  -305154.390787
          414.500000  -219135.350956 -1933761.688069  -305154.705974
          414.625000  -219134.902220 -1933762.403467  -305155.021160
          414.718750  -219134.453483 -1933763.118864  -305155.336347
          414.812500  -219134.229115 -1933763.763142  -305155.735801
          414.906250  -219133.780379 -1933764.669593  -305156.212228
          415.000000  -219133.331642 -1933765.193937  -305156.366174
          415.125000  -219133.103440 -1933766.198752  -305156.338430
          415.218750  -219132.654704 -1933766.914149  -305156.653617
          415.312500  -219132.205967 -1933767.820600  -305157.130044
          415.406250  -219131.757231 -1933768.535997  -305157.445230
          415.500000  -219131.532863 -1933769.180276  -305157.844685
          415.625000  -219131.300827 -1933770.545628  -305157.389742
          415.718750  -219130.852091 -1933771.452078  -305157.866169
          415.812500  -219130.403354 -1933772.167476  -305158.181356
          415.906250  -219130.399521 -1933773.101173  -305158.237880
          416.000000  -219130.175153 -1933773.745451  -305158.637334
          416.125000  -219130.171319 -1933774.870202  -305158.855098
          416.218750  -219129.946951 -1933775.514481  -305159.254553
          416.312500  -219129.943117 -1933776.448178  -305159.311076
          416.406250  -219129.722582 -1933776.922973  -305160.298970
          416.500000  -219129.718749 -1933777.856671  -305160.355494
          416.625000  -219129.718749 -1933778.429831  -305160.839216
          416.718750  -219129.714915 -1933779.363528  -305160.895740
          416.812500  -219129.935450 -1933780.226107  -305161.036531
          416.906250  -219129.711082 -1933781.061439  -305161.597226
          417.000000  -219129.931617 -1933781.924018  -305161.738018
          417.125000  -219129.931617 -1933782.497178  -305162.221740
          417.218750  -219130.152151 -1933783.550811  -305162.523772
          417.312500  -219130.152151 -1933784.123971  -305163.007494
          417.406250  -219130.372686 -1933784.986550  -305163.148286
          417.500000  -219130.372686 -1933785.750764  -305163.793249
          417.625000  -219130.593221 -1933786.804396  -305164.095281
          417.718750  -219130.593221 -1933787.377556  -305164.579003
          417.812500  -219130.589387 -1933788.311254  -305164.635527
          417.906250  -219130.809922 -1933789.173832  -305164.776318
          418.000000  -219130.809922 -1933789.938046  -305165.421281
          418.125000  -219131.030457 -1933790.800625  -305165.562073
          418.218750  -219131.250991 -1933791.663204  -305165.702864
          418.312500  -219131.250991 -1933792.427418  -305166.347827
          418.406250  -219131.471526 -1933793.289996  -305166.488619
          418.500000  -219131.692061 -1933794.343629  -305166.790651
          418.625000  -219131.692061 -1933794.916789  -305167.274373
          418.718750  -219131.912595 -1933795.970421  -305167.576406
          418.812500  -219132.133130 -1933796.833000  -305167.717197
          418.906250  -219132.133130 -1933797.406161  -305168.200919
          419.000000  -219132.353665 -1933798.459793  -305168.502952
          419.125000  -219132.574199 -1933799.322372  -305168.643743
          419.218750  -219132.570366 -1933800.256069  -305168.700267
          419.312500  -219132.570366 -1933801.020283  -305169.345230
          419.406250  -219132.790901 -1933801.882861  -305169.486021
          419.500000  -219133.011435 -1933802.745440  -305169.626813
          419.625000  -219133.231970 -1933803.799073  -305169.928845
          419.718750  -219133.231970 -1933804.372233  -305170.412567
          419.812500  -219133.452505 -1933805.425865  -305170.714600
          419.906250  -219133.676873 -1933805.927907  -305171.282590
          420.000000  -219133.897408 -1933806.790486  -305171.423381
          420.125000  -219134.117942 -1933807.844118  -305171.725413
          420.218750  -219134.114109 -1933808.777815  -305171.781937
          420.312500  -219134.114109 -1933809.542029  -305172.426900
          420.406250  -219133.688374 -1933819.557414  -305184.979721
          420.500000  -219134.319309 -1933808.025686  -305167.634083
          420.625000  -219134.319309 -1933808.598846  -305168.117805
          420.718750  -219134.315476 -1933809.532543  -305168.174329
          420.812500  -219134.311642 -1933810.466241  -305168.230853
          420.906250  -219134.087274 -1933811.110519  -305168.630307
          421.000000  -219134.083440 -1933812.235270  -305168.848071
          421.125000  -219134.315476 -1933814.117827  -305172.044106
          421.218750  -219133.862906 -1933815.193760  -305171.932094
          421.312500  -219133.638537 -1933815.838039  -305172.331549
          421.406250  -219133.189801 -1933816.553436  -305172.646735
          421.500000  -219132.961599 -1933817.367198  -305172.457750
          421.625000  -219132.512863 -1933817.891542  -305172.611696
          421.718750  -219131.839758 -1933818.295950  -305172.520133
          421.812500  -219131.611556 -1933819.109713  -305172.331149
          421.906250  -219130.938451 -1933819.514121  -305172.239586
          422.000000  -219130.489715 -1933819.847411  -305172.232291
          422.125000  -219130.040978 -1933820.180701  -305172.224996
          422.218750  -219129.147339 -1933820.677798  -305172.798845
          422.312500  -219128.698602 -1933821.011089  -305172.791550
          422.406250  -219128.029331 -1933821.054960  -305173.127186
          422.500000  -219127.580595 -1933821.579304  -305173.281132
          422.625000  -219127.131858 -1933822.103648  -305173.435078
          422.718750  -219126.462587 -1933822.147519  -305173.770713
          422.812500  -219126.013851 -1933822.671863  -305173.924659
          422.906250  -219125.344579 -1933822.715735  -305174.260295
          423.000000  -219124.671475 -1933823.311197  -305174.329973
          423.125000  -219123.998370 -1933823.715605  -305174.238410
          423.218750  -219123.329099 -1933823.568424  -305174.412805
          423.312500  -219122.435459 -1933823.492360  -305174.502932
          423.406250  -219121.986723 -1933823.634597  -305174.334396
          423.500000  -219121.317451 -1933823.678469  -305174.670032
          423.625000  -219120.868715 -1933823.820706  -305174.501496
          423.718750  -219120.199444 -1933823.673524  -305174.675891
          423.812500  -219119.754541 -1933823.455224  -305174.934554
          423.906250  -219119.305804 -1933823.597460  -305174.766019
          424.000000  -219118.415998 -1933823.160860  -305175.283344
          424.125000  -219117.530026 -1933822.554777  -305176.389109
          424.218750  -219117.081290 -1933822.505960  -305176.059333
          424.312500  -219117.518525 -1933822.872173  -305174.462551
          424.406250  -219115.970949 -1933821.588888  -305176.758348
          424.500000  -219116.628720 -1933822.244520  -305174.818636
          424.625000  -219116.183817 -1933822.026220  -305175.077298
          424.718750  -219116.609552 -1933823.282990  -305172.037680
          424.812500  -219116.381350 -1933823.332538  -305171.203732
          424.906250  -219116.381350 -1933823.141484  -305171.042492
          425.000000  -219116.377516 -1933823.119914  -305170.292812
          425.125000  -219116.153148 -1933822.808926  -305169.886062
          425.218750  -219116.149315 -1933822.787356  -305169.136382
          425.312500  -219116.149315 -1933822.596302  -305168.975142
          425.406250  -219115.924946 -1933822.285313  -305168.568392
          425.500000  -219115.259509 -1933821.777595  -305169.169986
          425.625000  -219114.814606 -1933821.177188  -305169.106167
          425.718750  -219114.369703 -1933820.767835  -305169.203589
          425.812500  -219114.594071 -1933820.123556  -305168.804135
          425.906250  -219114.369703 -1933820.003621  -305168.558626
          426.000000  -219114.149168 -1933819.332095  -305168.579076
          426.125000  -219113.924800 -1933819.212160  -305168.333567
          426.218750  -219113.704265 -1933818.540635  -305168.354016
          426.312500  -219113.259362 -1933818.131281  -305168.451438
          426.406250  -219110.624446 -1933814.531918  -305174.654405
          426.500000  -219110.620613 -1933814.319294  -305173.743485
          426.625000  -219110.620613 -1933813.937187  -305173.421003
          426.718750  -219110.179544 -1933812.976243  -305173.784383
          426.812500  -219109.514106 -1933812.277471  -305174.224736
          426.906250  -219109.514106 -1933811.704311  -305173.741013
          427.000000  -219109.293571 -1933810.841732  -305173.600222
          427.125000  -219109.069203 -1933810.530744  -305173.193473
          427.218750  -219109.069203 -1933809.957583  -305172.709750
          427.312500  -219109.069203 -1933809.384423  -305172.226028
          427.406250  -219108.844835 -1933808.882381  -305171.658038
          427.500000  -219108.844835 -1933808.309220  -305171.174316
          427.625000  -219108.399932 -1933807.708813  -305171.110497
          427.718750  -219107.955029 -1933806.917353  -305170.885438
          427.812500  -219107.730661 -1933806.415311  -305170.317448
          427.906250  -219107.506292 -1933806.104322  -305169.910699
          428.000000  -219107.285758 -1933805.241743  -305169.769907
          428.125000  -219106.840855 -1933804.641336  -305169.706089
          428.218750  -219106.840855 -1933804.068176  -305169.222366
          428.312500  -219106.616486 -1933803.566134  -305168.654376
          428.406250  -219106.171583 -1933802.774674  -305168.429317
          428.500000  -219105.947215 -1933802.463685  -305168.022568
          428.625000  -219105.726680 -1933801.601106  -305167.881776
          428.718750  -219105.281778 -1933800.809646  -305167.656717
          428.812500  -219104.836875 -1933800.209239  -305167.592898
          428.906250  -219104.391972 -1933799.608832  -305167.529079
          429.000000  -219104.391972 -1933799.035671  -305167.045357
          429.125000  -219103.947069 -1933798.435264  -305166.981539
          429.218750  -219103.502166 -1933797.643804  -305166.756479
          429.312500  -219103.281631 -1933796.972279  -305166.776928
          429.406250  -219102.836728 -1933796.180818  -305166.551869
          429.500000  -219102.391825 -1933795.580411  -305166.488050
          429.625000  -219102.171290 -1933794.717832  -305166.347259
          429.718750  -219101.726387 -1933793.926372  -305166.122199
          429.812500  -219101.505853 -1933793.254847  -305166.142649
          429.906250  -219101.060950 -1933792.463386  -305165.917589
          430.000000  -219100.616047 -1933791.862979  -305165.853771
          430.125000  -219100.616047 -1933791.289819  -305165.370048
          430.218750  -219099.950609 -1933790.208940  -305165.487920
          430.312500  -219099.505706 -1933789.608533  -305165.424101
          430.406250  -219099.060803 -1933788.817073  -305165.199042
          430.500000  -219098.615900 -1933788.025612  -305164.973982
          430.625000  -219098.170997 -1933787.425205  -305164.910164
          430.718750  -219097.726094 -1933786.633745  -305164.685104
          430.812500  -219097.281191 -1933785.842284  -305164.460045
          430.906250  -219096.615754 -1933784.952459  -305164.739157
          431.000000  -219096.615754 -1933784.379298  -305164.255435
          431.125000  -219095.950316 -1933783.298420  -305164.373306
          431.218750  -219095.505413 -1933782.506959  -305164.148247
          431.312500  -219095.060510 -1933781.906552  -305164.084428
          431.406250  -219094.615607 -1933781.115092  -305163.859369
          431.500000  -219094.170704 -1933780.323631  -305163.634309
          431.625000  -219093.725801 -1933779.723224  -305163.570491
          431.718750  -219093.505267 -1933778.860645  -305163.429699
          431.812500  -219093.060364 -1933778.069185  -305163.204640
          431.906250  -219092.615461 -1933777.277725  -305162.979580
          432.000000  -219092.170558 -1933776.677318  -305162.915762
          432.125000  -219091.725655 -1933775.885857  -305162.690702
          432.218750  -219091.280752 -1933775.094397  -305162.465643
          432.312500  -219091.060217 -1933774.422871  -305162.486092
          432.406250  -219090.615314 -1933773.631411  -305162.261033
          432.500000  -219090.170411 -1933773.031004  -305162.197214
          432.625000  -219089.725508 -1933772.239543  -305161.972155
          432.718750  -219089.280605 -1933771.448083  -305161.747095
          432.812500  -219089.060071 -1933770.776558  -305161.767545
          432.906250  -219088.615168 -1933769.985097  -305161.542485
          433.000000  -219088.170265 -1933769.384690  -305161.478666
          433.125000  -219087.725362 -1933768.593230  -305161.253607
          433.218750  -219087.280459 -1933767.801769  -305161.028548
          433.312500  -219087.059924 -1933767.130244  -305161.048997
          433.406250  -219086.615021 -1933766.338784  -305160.823938
          433.500000  -219086.170118 -1933765.738377  -305160.760119
          433.625000  -219085.725215 -1933764.946916  -305160.535060
          433.718750  -219085.280312 -1933764.155456  -305160.310000
          433.812500  -219084.835409 -1933763.555049  -305160.246182
          433.906250  -219084.614875 -1933762.692470  -305160.105390
          434.000000  -219084.169972 -1933761.901009  -305159.880331
          434.125000  -219083.725069 -1933761.109549  -305159.655271
          434.218750  -219083.280166 -1933760.509142  -305159.591453
          434.312500  -219082.835263 -1933759.717682  -305159.366393
          434.406250  -219082.390360 -1933758.926221  -305159.141334
          434.500000  -219082.169825 -1933758.254696  -305159.161783
          434.625000  -219081.724922 -1933757.463235  -305158.936724
          434.718750  -219081.280019 -1933756.671775  -305158.711664
          434.812500  -219081.055651 -1933756.169733  -305158.143674
          434.906250  -219080.390213 -1933755.279907  -305158.422786
          435.000000  -219080.165845 -1933754.777865  -305157.854796
          435.125000  -219079.945311 -1933753.915287  -305157.714005
          435.218750  -219079.500408 -1933753.314880  -305157.650186
          435.312500  -219079.055505 -1933752.523419  -305157.425127
          435.406250  -219078.834970 -1933751.660840  -305157.284335
          435.500000  -219078.390067 -1933750.869380  -305157.059276
          435.625000  -219078.169532 -1933750.197855  -305157.079725
          435.718750  -219077.945164 -1933749.695813  -305156.511735
          435.812500  -219077.724629 -1933748.833234  -305156.370943
          435.906250  -219077.504095 -1933747.970655  -305156.230152
          436.000000  -219077.728463 -1933747.326376  -305155.830697
          436.125000  -219077.507928 -1933746.272744  -305155.528665
          436.218750  -219077.063025 -1933745.672337  -305155.464847
          436.312500  -219077.066859 -1933744.738640  -305155.408323
          436.406250  -219077.066859 -1933744.165479  -305154.924601
          436.500000  -219076.846324 -1933743.302901  -305154.783809
          436.625000  -219076.850158 -1933742.369203  -305154.727285
          436.718750  -219077.295061 -1933742.014343  -305153.984900
          436.812500  -219076.853991 -1933740.862346  -305154.187040
          436.906250  -219076.633456 -1933740.190821  -305154.207489
          437.000000  -219076.633456 -1933739.617660  -305153.723767
          437.125000  -219076.857825 -1933738.782328  -305153.163071
          437.218750  -219076.637290 -1933737.919749  -305153.022280
          437.312500  -219076.637290 -1933737.346589  -305152.538558
          437.406250  -219076.196221 -1933736.385645  -305152.901938
          437.500000  -219076.641124 -1933735.648678  -305151.837071
          437.625000  -219076.865492 -1933735.004399  -305151.437617
          437.718750  -219076.644957 -1933734.141820  -305151.296825
          437.812500  -219076.424422 -1933733.279241  -305151.156034
          437.906250  -219076.203888 -1933732.416663  -305151.015242
          438.000000  -219075.758985 -1933731.625202  -305150.790183
          438.125000  -219075.317915 -1933730.664258  -305151.153563
          438.218750  -219075.097381 -1933729.801680  -305151.012771
          438.312500  -219074.876846 -1933728.939101  -305150.871980
          438.406250  -219074.656311 -1933728.076522  -305150.731188
          438.500000  -219074.435777 -1933727.022890  -305150.429156
          438.625000  -219074.660145 -1933726.187558  -305149.868461
          438.718750  -219073.994707 -1933725.297732  -305150.147573
          438.812500  -219074.219075 -1933724.462400  -305149.586878
          438.906250  -219073.998541 -1933723.599821  -305149.446086
          439.000000  -219073.778006 -1933722.737242  -305149.305294
          439.125000  -219073.557471 -1933721.683610  -305149.003262
          439.218750  -219073.781840 -1933720.848278  -305148.442567
          439.312500  -219073.116402 -1933719.958452  -305148.721679
          439.406250  -219073.120235 -1933718.833702  -305148.503915
          439.500000  -219073.120235 -1933718.069488  -305147.858952
          439.625000  -219073.124069 -1933717.135791  -305147.802428
          439.718750  -219072.903534 -1933716.082159  -305147.500396
          439.812500  -219072.903534 -1933715.508998  -305147.016674
          439.906250  -219072.683000 -1933714.455366  -305146.714641
          440.000000  -219072.686833 -1933713.330615  -305146.496877
          440.125000  -219072.241930 -1933712.539155  -305146.271818
          440.218750  -219072.021395 -1933711.676576  -305146.131026
          440.312500  -219072.025229 -1933710.551825  -305145.913262
          440.406250  -219072.025229 -1933709.978665  -305145.429539
          440.500000  -219071.359791 -1933708.897786  -305145.547411
          440.625000  -219071.363625 -1933707.773036  -305145.329646
          440.718750  -219071.363625 -1933707.199875  -305144.845924
          440.812500  -219071.143090 -1933706.146243  -305144.543892
          440.906250  -219071.146924 -1933705.021492  -305144.326127
          441.000000  -219071.146924 -1933704.257278  -305143.681164
          441.125000  -219071.150757 -1933703.323581  -305143.624641
          441.218750  -219070.930223 -1933702.461002  -305143.483849
          441.312500  -219070.709688 -1933701.407370  -305143.181817
          441.406250  -219070.485320 -1933700.905328  -305142.613827
          441.500000  -219070.489153 -1933699.971631  -305142.557303
          441.625000  -219070.937890 -1933699.065180  -305142.080876
          441.718750  -219070.717355 -1933698.202602  -305141.940084
          441.812500  -219071.166091 -1933697.487204  -305141.624898
          441.906250  -219071.169925 -1933696.553507  -305141.568374
          442.000000  -219072.067398 -1933695.504820  -305141.260483
          442.125000  -219072.295600 -1933694.500005  -305141.288227
          442.218750  -219072.519968 -1933693.855726  -305140.888772
          442.312500  -219072.968705 -1933693.331382  -305140.734827
          442.406250  -219072.121068 -1933689.310985  -305146.273817
          442.500000  -219072.349269 -1933688.497223  -305146.462802
          442.625000  -219072.798006 -1933687.972879  -305146.308856
          442.718750  -219077.360231 -1933697.674525  -305128.999129
          442.812500  -219077.816634 -1933696.620161  -305129.860821
          442.906250  -219077.619101 -1933694.167522  -305132.766942
          443.000000  -219078.071671 -1933693.473696  -305133.201436
          443.125000  -219076.349562 -1933688.338765  -305141.611509
          443.218750  -219076.585431 -1933686.994983  -305142.816131
          443.312500  -219081.653896 -1933691.337394  -305132.244158
          443.406250  -219083.193805 -1933692.959646  -305128.771482
          443.500000  -219083.859243 -1933693.085257  -305127.847407
          443.625000  -219084.528514 -1933692.850332  -305127.350530
          443.718750  -219085.418320 -1933692.713772  -305126.349482
          443.812500  -219085.650355 -1933691.730527  -305127.126906
          443.906250  -219086.102925 -1933691.036700  -305127.561400
          444.000000  -219086.779864 -1933690.271754  -305128.080161
          444.125000  -219087.452969 -1933689.676292  -305128.010483
          444.218750  -219087.905539 -1933688.791412  -305128.283736
          444.312500  -219088.578643 -1933688.387003  -305128.375299
          444.406250  -219089.027380 -1933687.862660  -305128.221353
          444.500000  -219089.700485 -1933687.267198  -305128.151675
          444.625000  -219090.373589 -1933686.862789  -305128.243238
          444.718750  -219091.271062 -1933686.196209  -305128.257828
          444.812500  -219091.723632 -1933685.502382  -305128.692321
          444.906250  -219092.396737 -1933684.906920  -305128.622643
          445.000000  -219093.069842 -1933684.311458  -305128.552965
          445.125000  -219093.522412 -1933683.426578  -305128.826218
          445.218750  -219094.419885 -1933682.951051  -305129.002049
          445.312500  -219095.092990 -1933682.355589  -305128.932371
          445.406250  -219095.986629 -1933682.049545  -305128.519762
          445.500000  -219096.884102 -1933681.382965  -305128.534352
          445.625000  -219097.557207 -1933680.787503  -305128.464674
          445.718750  -219098.450846 -1933680.481459  -305128.052065
          445.812500  -219099.123951 -1933679.885997  -305127.982387
          445.906250  -219099.797056 -1933679.290535  -305127.912709
          446.000000  -219100.690695 -1933678.984492  -305127.500101
          446.125000  -219101.363800 -1933678.389030  -305127.430423
          446.218750  -219102.257439 -1933678.082986  -305127.017814
          446.312500  -219103.154912 -1933677.225352  -305126.871163
          446.406250  -219103.828017 -1933676.820944  -305126.962726
          446.500000  -219104.501122 -1933676.225482  -305126.893048
          446.625000  -219105.394761 -1933675.919438  -305126.480440
          446.718750  -219106.067866 -1933675.323976  -305126.410762
          446.812500  -219106.965339 -1933674.657396  -305126.425352
          446.906250  -219107.858979 -1933674.351352  -305126.012743
          447.000000  -219108.532083 -1933673.755890  -305125.943065
          447.125000  -219109.205188 -1933673.160428  -305125.873387
          447.218750  -219110.098828 -1933672.854385  -305125.460779
          447.312500  -219110.319362 -1933672.952750  -305124.956607
          447.406250  -219111.213002 -1933672.646706  -305124.543999
          447.500000  -219112.106641 -1933672.340662  -305124.131390
          447.625000  -219113.004114 -1933671.865136  -305124.307221
          447.718750  -219113.897754 -1933671.750145  -305124.055853
          447.812500  -219115.243963 -1933671.132382  -305124.400219
          447.906250  -219115.917068 -1933670.727973  -305124.491782
          448.000000  -219116.814541 -1933670.252446  -305124.667612
          448.125000  -219117.708180 -1933670.328510  -305124.577485
          448.218750  -219118.605653 -1933670.044036  -305124.914557
          448.312500  -219119.499293 -1933670.120100  -305124.824430
          448.406250  -219120.396766 -1933669.835626  -305125.161501
          448.500000  -219121.518607 -1933669.671088  -305125.744081
          448.625000  -219125.580237 -1933667.565111  -305130.952778
          448.718750  -219122.628948 -1933670.397107  -305124.883825
          448.812500  -219123.522587 -1933670.473170  -305124.793697
          448.906250  -219124.416226 -1933670.740287  -305124.864811
          449.000000  -219125.309866 -1933670.816350  -305124.774684
          449.125000  -219126.435541 -1933670.100222  -305125.623222
          449.218750  -219126.876610 -1933671.061165  -305125.259842
          449.312500  -219127.994618 -1933671.066110  -305125.253982
          449.406250  -219128.667723 -1933670.852755  -305125.506786
          449.500000  -219129.561362 -1933670.928819  -305125.416659
          449.625000  -219130.230633 -1933671.267054  -305125.403505
          449.718750  -219130.899904 -1933671.414235  -305125.229110
          449.812500  -219132.017912 -1933671.419180  -305125.223250
          449.906250  -219133.139753 -1933671.254642  -305125.805830
          450.000000  -219134.037226 -1933670.970169  -305126.142902
          450.125000  -219134.930866 -1933671.237285  -305126.214015
          450.218750  -219135.600137 -1933671.384467  -305126.039620
          450.312500  -219136.718145 -1933671.389412  -305126.033761
          450.406250  -219137.611784 -1933671.465476  -305125.943634
          450.500000  -219138.284889 -1933671.443174  -305126.357678
          450.625000  -219139.402897 -1933671.448119  -305126.351819
          450.718750  -219140.300370 -1933671.163645  -305126.688890
          450.812500  -219141.194009 -1933671.430762  -305126.760004
          450.906250  -219141.867114 -1933671.217407  -305127.012807
          451.000000  -219142.760753 -1933671.293471  -305126.922680
          451.125000  -219143.882594 -1933671.128932  -305127.505260
          451.218750  -219144.776234 -1933671.204996  -305127.415133
          451.312500  -219145.673707 -1933670.920522  -305127.752204
          451.406250  -219146.791715 -1933670.925467  -305127.746345
          451.500000  -219147.460986 -1933671.072649  -305127.571950
          451.625000  -219148.354625 -1933671.339766  -305127.643063
          451.718750  -219149.248265 -1933671.415829  -305127.552936
          451.812500  -219150.145738 -1933671.131356  -305127.890008
          451.906250  -219150.818842 -1933671.109054  -305128.304052
          452.000000  -219151.936850 -1933671.113999  -305128.298193
          452.125000  -219152.834323 -1933670.829526  -305128.635264
          452.218750  -219153.731796 -1933670.736106  -305129.133576
          452.312500  -219154.625436 -1933670.812169  -305129.043449
          452.406250  -219155.747277 -1933670.456577  -305129.464788
          452.500000  -219156.416548 -1933670.794812  -305129.451634
          452.625000  -219157.314021 -1933670.510339  -305129.788705
          452.718750  -219158.207660 -1933670.586402  -305129.698578
          452.812500  -219158.880765 -1933670.373047  -305129.951382
          452.906250  -219159.774405 -1933670.640164  -305130.022495
          453.000000  -219160.668044 -1933670.716227  -305129.932368
          453.125000  -219161.565517 -1933670.431754  -305130.269439
          453.218750  -219162.459157 -1933670.698871  -305130.340553
          453.312500  -219163.356630 -1933670.414397  -305130.677624
          453.406250  -219164.022067 -1933670.922116  -305130.076031
          453.500000  -219164.691338 -1933671.069298  -305129.901636
          453.625000  -219165.584978 -1933671.145361  -305129.811509
          453.718750  -219166.258083 -1933670.932006  -305130.064312
          453.812500  -219167.376090 -1933671.128004  -305130.219694
          453.906250  -219168.273563 -1933670.843531  -305130.556765
          454.000000  -219169.163369 -1933671.280131  -305130.039439
          454.125000  -219170.060842 -1933671.186711  -305130.537752
          454.218750  -219170.954482 -1933671.262774  -305130.447624
          454.312500  -219172.072489 -1933671.267719  -305130.441765
          454.406250  -219173.190497 -1933671.272664  -305130.435906
          454.500000  -219173.863602 -1933671.250363  -305130.849950
          454.625000  -219174.981610 -1933671.255308  -305130.844091
          454.718750  -219175.875249 -1933671.331371  -305130.753964
          454.812500  -219176.768888 -1933671.407434  -305130.663836
          454.906250  -219177.662528 -1933671.674551  -305130.734950
          455.000000  -219178.335633 -1933671.461196  -305130.987754
          455.125000  -219179.453640 -1933671.466141  -305130.981894
          455.218750  -219180.347280 -1933671.542205  -305130.891767
          455.312500  -219181.240919 -1933671.618268  -305130.801640
          455.406250  -219182.358927 -1933671.623213  -305130.795781
          455.500000  -219183.032032 -1933671.409858  -305131.048584
          455.625000  -219184.150039 -1933671.605856  -305131.203966
          455.718750  -219185.043679 -1933671.681920  -305131.113839
          455.812500  -219185.937318 -1933671.757983  -305131.023711
          455.906250  -219186.606589 -1933671.905165  -305130.849316
          456.000000  -219187.724597 -1933671.910110  -305130.843457
          456.125000  -219188.618237 -1933671.986173  -305130.753330
          456.218750  -219189.511876 -1933672.062236  -305130.663203
          456.312500  -219190.405516 -1933672.138300  -305130.573076
          456.406250  -219191.299155 -1933672.214363  -305130.482949
          456.500000  -219192.192794 -1933672.290426  -305130.392821
          456.625000  -219192.865899 -1933672.077071  -305130.645625
          456.718750  -219193.759539 -1933672.344188  -305130.716739
          456.812500  -219194.424976 -1933672.660853  -305129.953904
          456.906250  -219195.546818 -1933672.496315  -305130.536484
          457.000000  -219195.991720 -1933672.714615  -305130.277821
          457.125000  -219196.885360 -1933672.790678  -305130.187694
          457.218750  -219197.778999 -1933672.866742  -305130.097567
          457.312500  -219198.672639 -1933672.942805  -305130.007440
          457.406250  -219199.570112 -1933672.849385  -305130.505752
          457.500000  -219200.239383 -1933672.996567  -305130.331357
          457.625000  -219201.133022 -1933673.072630  -305130.241230
          457.718750  -219202.026662 -1933673.148693  -305130.151103
          457.812500  -219202.699767 -1933672.935338  -305130.403906
          457.906250  -219203.593406 -1933673.011402  -305130.313779
          458.000000  -219204.262677 -1933673.158583  -305130.139384
          458.125000  -219204.931949 -1933673.305765  -305129.964989
          458.218750  -219205.825588 -1933673.381828  -305129.874862
          458.312500  -219206.494859 -1933673.529010  -305129.700467
          458.406250  -219207.384665 -1933673.965610  -305129.183142
          458.500000  -219207.833402 -1933673.632320  -305129.190436
          458.625000  -219208.498839 -1933674.140038  -305128.588843
          458.718750  -219209.845049 -1933673.904382  -305129.255691
          458.812500  -219210.061750 -1933674.172230  -305128.163080
          458.906250  -219210.731021 -1933674.319412  -305127.988685
          459.000000  -219212.077231 -1933674.083755  -305128.655533
          459.125000  -219212.967036 -1933674.329302  -305127.976967
          459.218750  -219212.959369 -1933674.859322  -305126.961329
          459.312500  -219213.628641 -1933675.006503  -305126.786934
          459.406250  -219214.518446 -1933675.252050  -305126.108368
          459.500000  -219215.187718 -1933675.399232  -305125.933973
          459.625000  -219215.856989 -1933675.546413  -305125.759578
          459.718750  -219216.746795 -1933675.791960  -305125.081011
          459.812500  -219217.416066 -1933675.939142  -305124.906616
          459.906250  -219218.085337 -1933676.086324  -305124.732221
          460.000000  -219218.754608 -1933676.233505  -305124.557826
          460.125000  -219219.423880 -1933676.380687  -305124.383431
          460.218750  -219220.538054 -1933676.555115  -305123.789133
          460.312500  -219221.207325 -1933676.702297  -305123.614738
          460.406250  -219221.876596 -1933676.849479  -305123.440343
          460.500000  -219222.545867 -1933676.996660  -305123.265948
          460.625000  -219223.215139 -1933676.952789  -305122.930312
          460.718750  -219223.884410 -1933677.099970  -305122.755917
          460.812500  -219224.553681 -1933677.247152  -305122.581522
          460.906250  -219225.222952 -1933677.394334  -305122.407127
          461.000000  -219226.116592 -1933677.470397  -305122.317000
          461.125000  -219226.785863 -1933677.617579  -305122.142605
          461.218750  -219227.679502 -1933677.693642  -305122.052478
          461.312500  -219228.348773 -1933677.840824  -305121.878083
          461.406250  -219229.018045 -1933677.988005  -305121.703688
          461.500000  -219229.911684 -1933678.255122  -305121.774802
          461.625000  -219230.360421 -1933678.112885  -305121.943337
          461.718750  -219231.254060 -1933678.188949  -305121.853210
          461.812500  -219232.147700 -1933678.265012  -305121.763083
          461.906250  -219232.596436 -1933678.122775  -305121.931619
          462.000000  -219233.490075 -1933678.198839  -305121.841492
          462.125000  -219234.608083 -1933678.394837  -305121.996873
          462.218750  -219235.281188 -1933678.181482  -305122.249677
          462.312500  -219236.174827 -1933678.257546  -305122.159549
          462.406250  -219236.844099 -1933678.404727  -305121.985154
          462.500000  -219237.517203 -1933678.191372  -305122.237958
          462.625000  -219238.410843 -1933678.458489  -305122.309072
          462.718750  -219239.304482 -1933678.534552  -305122.218944
          462.812500  -219239.977587 -1933678.512251  -305122.632989
          462.906250  -219240.871226 -1933678.588314  -305122.542861
          463.000000  -219241.764866 -1933678.664377  -305122.452734
          463.125000  -219242.666172 -1933678.210421  -305123.378245
          463.218750  -219243.559812 -1933678.477538  -305123.449359
          463.312500  -219244.229083 -1933678.815773  -305123.436204
          463.406250  -219244.673986 -1933679.034073  -305123.177541
          463.500000  -219245.791994 -1933679.230071  -305123.332923
          463.625000  -219246.685633 -1933679.497188  -305123.404036
          463.718750  -219247.358738 -1933679.283833  -305123.656840
          463.812500  -219248.252377 -1933679.550950  -305123.727954
          463.906250  -219249.146017 -1933679.818067  -305123.799067
          464.000000  -219249.134516 -1933681.090730  -305122.678712
          464.125000  -219249.807621 -1933681.068429  -305123.092757
          464.218750  -219250.925629 -1933681.264427  -305123.248138
          464.312500  -219251.594900 -1933681.602662  -305123.234984
          464.406250  -219252.264171 -1933681.940898  -305123.221830
          464.500000  -219253.386012 -1933681.585306  -305123.643169
          464.625000  -219254.051450 -1933682.284078  -305123.202816
          464.718750  -219254.720721 -1933682.622313  -305123.189662
          464.812500  -219255.842562 -1933682.457775  -305123.772242
          464.906250  -219256.740035 -1933682.364355  -305124.270554
          465.000000  -219257.409307 -1933682.702590  -305124.257400
          465.125000  -219258.299112 -1933683.330243  -305123.901315
          465.218750  -219258.968384 -1933683.668478  -305123.888160
          465.312500  -219259.862023 -1933683.744542  -305123.798033
          465.406250  -219260.755663 -1933684.011659  -305123.869147
          465.500000  -219261.424934 -1933684.349894  -305123.855993
          465.625000  -219261.869837 -1933684.759247  -305123.758571
          465.718750  -219262.763476 -1933684.835311  -305123.668443
          465.812500  -219263.657116 -1933685.102427  -305123.739557
          465.906250  -219264.546922 -1933685.539028  -305123.222231
          466.000000  -219265.216193 -1933685.877263  -305123.209077
          466.125000  -219266.334200 -1933686.073261  -305123.364459
          466.218750  -219266.779103 -1933686.291561  -305123.105796
          466.312500  -219267.672743 -1933686.558678  -305123.176909
          466.406250  -219268.566382 -1933686.634741  -305123.086782
          466.500000  -219269.456188 -1933687.262395  -305122.730697
          466.625000  -219270.125459 -1933687.409577  -305122.556302
          466.718750  -219271.019099 -1933687.676693  -305122.627416
          466.812500  -219271.688370 -1933687.823875  -305122.453021
          466.906250  -219272.806378 -1933688.019874  -305122.608402
          467.000000  -219273.700017 -1933688.286990  -305122.679516
          467.125000  -219274.369288 -1933688.434172  -305122.505121
          467.218750  -219275.038560 -1933688.772407  -305122.491967
          467.312500  -219275.932199 -1933688.848471  -305122.401840
          467.406250  -219276.825838 -1933689.115587  -305122.472953
          467.500000  -219277.495110 -1933689.453823  -305122.459799
          467.625000  -219278.392583 -1933689.169349  -305122.796870
          467.718750  -219279.286222 -1933689.436466  -305122.867984
          467.812500  -219279.955493 -1933689.774701  -305122.854830
          467.906250  -219280.624765 -1933690.112936  -305122.841675
          468.000000  -219281.518404 -1933690.189000  -305122.751548
          468.125000  -219282.412043 -1933690.456116  -305122.822662
          468.218750  -219283.305683 -1933690.723233  -305122.893775
          468.312500  -219283.754419 -1933690.772050  -305123.223552
          468.406250  -219284.423691 -1933691.110285  -305123.210398
          468.500000  -219285.313496 -1933691.737939  -305122.854313
          468.625000  -219285.758399 -1933692.147292  -305122.756891
          468.718750  -219286.427671 -1933692.485527  -305122.743736
          468.812500  -219287.100775 -1933692.463226  -305123.157781
          468.906250  -219287.994415 -1933692.730343  -305123.228894
          469.000000  -219288.667520 -1933692.708041  -305123.642938
          469.125000  -219289.332957 -1933693.406813  -305123.202586
          469.218750  -219290.006062 -1933693.384511  -305123.616630
          469.312500  -219290.675333 -1933693.913800  -305123.764716
          469.406250  -219291.568973 -1933694.180917  -305123.835830
          469.500000  -219291.789507 -1933694.852442  -305123.815381
          469.625000  -219292.458779 -1933695.190677  -305123.802227
          469.718750  -219293.128050 -1933695.528913  -305123.789072
          469.812500  -219293.576786 -1933695.768783  -305124.280090
          469.906250  -219294.470426 -1933696.035900  -305124.351203
          470.000000  -219295.139697 -1933696.565188  -305124.499290
          470.125000  -219295.808968 -1933696.903423  -305124.486135
          470.218750  -219296.257705 -1933697.143294  -305124.977152
          470.312500  -219296.926976 -1933697.672582  -305125.125239
          470.406250  -219297.371879 -1933698.081936  -305125.027817
          470.500000  -219298.041150 -1933698.611224  -305125.175903
          470.625000  -219293.511616 -1933704.763710  -305119.436326
          470.718750  -219294.629624 -1933704.959708  -305119.591708
          470.812500  -219295.302728 -1933705.128460  -305120.166993
          470.906250  -219295.972000 -1933705.466695  -305120.153838
          471.000000  -219296.641271 -1933705.995984  -305120.301925
          471.125000  -219297.086174 -1933706.596391  -305120.365743
          471.218750  -219297.531077 -1933707.196798  -305120.429562
          471.312500  -219298.200348 -1933707.535033  -305120.416408
          471.406250  -219298.649084 -1933707.774903  -305120.907425
          471.500000  -219299.318356 -1933708.113138  -305120.894271
          471.625000  -219299.987627 -1933708.642427  -305121.042357
          471.718750  -219300.656898 -1933709.171715  -305121.190444
          471.812500  -219301.326169 -1933709.509951  -305121.177289
          471.906250  -219301.767239 -1933710.470894  -305120.813910
          472.000000  -219302.436510 -1933710.809130  -305120.800755
          472.125000  -219303.105781 -1933711.338418  -305120.948842
          472.218750  -219303.550684 -1933711.747772  -305120.851420
          472.312500  -219304.444323 -1933712.014889  -305120.922533
          472.406250  -219304.664858 -1933712.686414  -305120.902084
          472.500000  -219305.554664 -1933713.314067  -305120.545999
          472.625000  -219306.003400 -1933713.362884  -305120.875776
          472.718750  -219306.672672 -1933713.892173  -305121.023862
          472.812500  -219307.341943 -1933714.230408  -305121.010708
          472.906250  -219308.011214 -1933714.568643  -305120.997554
          473.000000  -219308.680485 -1933714.906878  -305120.984399
          473.125000  -219309.349757 -1933715.245113  -305120.971245
          473.218750  -219310.019028 -1933715.583349  -305120.958091
          473.312500  -219310.463931 -1933716.183756  -305121.021910
          473.406250  -219311.133202 -1933716.521991  -305121.008755
          473.500000  -219311.802473 -1933716.860226  -305120.995601
          473.625000  -219312.247376 -1933717.269579  -305120.898179
          473.718750  -219312.692279 -1933717.678933  -305120.800757
          473.812500  -219313.361550 -1933718.017168  -305120.787603
          473.906250  -219313.806453 -1933718.426522  -305120.690181
          474.000000  -219314.475724 -1933718.764757  -305120.677026
          474.125000  -219315.144996 -1933719.102992  -305120.663872
          474.218750  -219315.589898 -1933719.703399  -305120.727691
          474.312500  -219316.259170 -1933720.041634  -305120.714536
          474.406250  -219316.479704 -1933720.522106  -305120.532847
          474.500000  -219317.373344 -1933720.789223  -305120.603960
          474.625000  -219318.042615 -1933721.127458  -305120.590806
          474.718750  -219318.711886 -1933721.465693  -305120.577652
          474.812500  -219319.156789 -1933722.066100  -305120.641470
          474.906250  -219319.826060 -1933722.404335  -305120.628316
          475.000000  -219320.495332 -1933722.742570  -305120.615162
          475.125000  -219320.940235 -1933723.151924  -305120.517740
          475.218750  -219321.609506 -1933723.490159  -305120.504585
          475.312500  -219322.278777 -1933724.019448  -305120.652672
          475.406250  -219322.719846 -1933724.789338  -305120.128051
          475.500000  -219323.168583 -1933724.838155  -305120.457828
          475.625000  -219323.837854 -1933725.176390  -305120.444674
          475.718750  -219324.507125 -1933725.705679  -305120.592760
          475.812500  -219325.176396 -1933726.043914  -305120.579606
          475.906250  -219325.845668 -1933726.382149  -305120.566452
          476.000000  -219326.739307 -1933726.649266  -305120.637565
          476.125000  -219327.184210 -1933727.249673  -305120.701384
          476.218750  -219328.077849 -1933727.516789  -305120.772497
          476.312500  -219328.522752 -1933727.926143  -305120.675075
          476.406250  -219329.416392 -1933728.384313  -305120.907430
          476.500000  -219330.085663 -1933728.722548  -305120.894275
          476.625000  -219330.534400 -1933728.771365  -305121.224052
          476.718750  -219331.203671 -1933729.300654  -305121.372138
          476.812500  -219332.093477 -1933729.928307  -305121.016053
          476.906250  -219332.766581 -1933729.906006  -305121.430098
          477.000000  -219333.435853 -1933730.435294  -305121.578184
          477.125000  -219334.325659 -1933731.062948  -305121.222099
          477.218750  -219334.774395 -1933731.302818  -305121.713116
          477.312500  -219335.443666 -1933731.641053  -305121.699962
          477.406250  -219336.333472 -1933732.459760  -305121.505118
          477.500000  -219337.002743 -1933732.797996  -305121.491964
          477.625000  -219337.675848 -1933732.966747  -305122.067249
          477.718750  -219338.341286 -1933733.665519  -305121.626896
          477.812500  -219339.010557 -1933734.194808  -305121.774982
          477.906250  -219339.679828 -1933734.724097  -305121.923069
          478.000000  -219340.349099 -1933735.062332  -305121.909915
          478.125000  -219341.018371 -1933735.591620  -305122.058001
          478.218750  -219341.912010 -1933736.049791  -305122.290355
          478.312500  -219342.581281 -1933736.388026  -305122.277201
          478.406250  -219343.254386 -1933736.556778  -305122.852486
          478.500000  -219343.699289 -1933737.157185  -305122.916305
          478.625000  -219344.592928 -1933737.615355  -305123.148659
          478.718750  -219345.486568 -1933737.882472  -305123.219773
          478.812500  -219346.155839 -1933738.411760  -305123.367859
          478.906250  -219346.825110 -1933738.941049  -305123.515946
          479.000000  -219347.718750 -1933739.208166  -305123.587059
          479.125000  -219348.388021 -1933739.737454  -305123.735146
          479.218750  -219349.281660 -1933740.004571  -305123.806259
          479.312500  -219349.950932 -1933740.533860  -305123.954346
          479.406250  -219350.620203 -1933740.872095  -305123.941192
          479.500000  -219351.513842 -1933741.330265  -305124.173546
          479.625000  -219352.183113 -1933741.668501  -305124.160392
          479.718750  -219352.852385 -1933742.006736  -305124.147237
          479.812500  -219353.521656 -1933742.536024  -305124.295324
          479.906250  -219354.190927 -1933742.874259  -305124.282170
          480.000000  -219354.860198 -1933743.403548  -305124.430256
          480.125000  -219355.529469 -1933743.741783  -305124.417102
          480.218750  -219356.423109 -1933744.008900  -305124.488215
          480.312500  -219356.643644 -1933744.680425  -305124.467766
          480.406250  -219357.537283 -1933744.947542  -305124.538880
          480.500000  -219358.206554 -1933745.476831  -305124.686966
          480.625000  -219358.875825 -1933746.006119  -305124.835053
          480.718750  -219359.545097 -1933746.344355  -305124.821899
          480.812500  -219360.214368 -1933746.873643  -305124.969985
          480.906250  -219360.883639 -1933747.402932  -305125.118072
          481.000000  -219361.777278 -1933747.861102  -305125.350426
          481.125000  -219362.222181 -1933748.461509  -305125.414245
          481.218750  -219362.891453 -1933748.990798  -305125.562331
          481.312500  -219363.560724 -1933749.329033  -305125.549177
          481.406250  -219364.678731 -1933749.716085  -305125.865799
          481.500000  -219365.351836 -1933749.884837  -305126.441084
          481.625000  -219366.021107 -1933750.414125  -305126.589170
          481.718750  -219366.690379 -1933751.134467  -305126.898498
          481.812500  -219367.359650 -1933751.663756  -305127.046584
          481.906250  -219368.028921 -1933752.193045  -305127.194671
          482.000000  -219368.698192 -1933752.722333  -305127.342757
          482.125000  -219369.367463 -1933753.251622  -305127.490844
          482.218750  -219370.036735 -1933753.780911  -305127.638930
          482.312500  -219370.481638 -1933754.572371  -305127.863989
          482.406250  -219371.150909 -1933755.101660  -305128.012076
          482.500000  -219371.820180 -1933755.630948  -305128.160162
          482.625000  -219372.489451 -1933756.160237  -305128.308249
          482.718750  -219372.938188 -1933756.591161  -305128.960507
          482.812500  -219373.607459 -1933757.120449  -305129.108593
          482.906250  -219374.276730 -1933757.840791  -305129.417920
          483.000000  -219375.626773 -1933758.773026  -305131.801893
          483.125000  -219376.296044 -1933759.493368  -305132.111220
          483.218750  -219376.740947 -1933760.284828  -305132.336279
          483.312500  -219377.189684 -1933760.715752  -305132.988537
          483.406250  -219377.858955 -1933761.436094  -305133.297864
          483.500000  -219378.303858 -1933762.036501  -305133.361683
          483.625000  -219378.748761 -1933762.827961  -305133.586742
          483.718750  -219379.418032 -1933763.548304  -305133.896069
          483.812500  -219380.087303 -1933764.459699  -305134.366637
          483.906250  -219380.532206 -1933765.060106  -305134.430456
          484.000000  -219380.977109 -1933765.851567  -305134.655515
          484.125000  -219381.201477 -1933766.353609  -305135.223505
          484.218750  -219381.866915 -1933767.243434  -305134.944393
          484.312500  -219382.536186 -1933767.963776  -305135.253721
          484.406250  -219382.756721 -1933768.826355  -305135.394512
          484.500000  -219383.205457 -1933769.257279  -305136.046770
          484.625000  -219383.425992 -1933770.119857  -305136.187562
          484.718750  -219383.870895 -1933770.720264  -305136.251380
          484.812500  -219384.315798 -1933771.511725  -305136.476440
          484.906250  -219384.760701 -1933772.303185  -305136.701499
          485.000000  -219385.205604 -1933773.094646  -305136.926558
          485.125000  -219385.426139 -1933773.957224  -305137.067350
          485.218750  -219385.871042 -1933774.748685  -305137.292409
          485.312500  -219386.315945 -1933775.540145  -305137.517469
          485.406250  -219386.540313 -1933776.042187  -305138.085459
          485.500000  -219386.760848 -1933776.904766  -305138.226250
          485.625000  -219387.205751 -1933777.696227  -305138.451310
          485.718750  -219387.650653 -1933778.296634  -305138.515128
          485.812500  -219387.875022 -1933778.798676  -305139.083118
          485.906250  -219388.095556 -1933779.661255  -305139.223910
          486.000000  -219388.540459 -1933780.452715  -305139.448969
          486.125000  -219388.764828 -1933781.145810  -305140.178200
          486.218750  -219389.209731 -1933781.937271  -305140.403259
          486.312500  -219389.434099 -1933782.248259  -305140.810009
          486.406250  -219389.654634 -1933782.919785  -305140.789559
          486.500000  -219390.099536 -1933783.711245  -305141.014619
          486.625000  -219390.323905 -1933784.022234  -305141.421368
          486.718750  -219390.544439 -1933784.884813  -305141.562160
          486.812500  -219389.418765 -1933786.747262  -305141.681066
          486.906250  -219389.643133 -1933787.058251  -305142.087816
          487.000000  -219389.863668 -1933787.538722  -305141.906126
          487.125000  -219390.088036 -1933787.467604  -305141.990394
          487.218750  -219389.863668 -1933788.302936  -305142.551089
          487.312500  -219389.639299 -1933788.565108  -305142.628062
          487.406250  -219390.091869 -1933789.208655  -305144.191240
          487.500000  -219390.091869 -1933789.781816  -305144.674962
          487.625000  -219390.091869 -1933790.163923  -305144.997444
          487.718750  -219390.091869 -1933790.737083  -305145.481166
          487.812500  -219390.091869 -1933791.119190  -305145.803647
          487.906250  -219390.091869 -1933791.692350  -305146.287370
          488.000000  -219390.091869 -1933792.265511  -305146.771092
          488.125000  -219389.867501 -1933792.527683  -305146.848065
          488.218750  -219389.867501 -1933792.909790  -305147.170546
          488.312500  -219389.643133 -1933793.363015  -305147.408760
          488.406250  -219389.422598 -1933794.219917  -305148.719135
          488.500000  -219389.198230 -1933794.673143  -305148.957348
          488.625000  -219389.198230 -1933795.055250  -305149.279830
          488.718750  -219388.973862 -1933795.317421  -305149.356803
          488.812500  -219388.749493 -1933795.197486  -305149.111294
          488.906250  -219388.525125 -1933795.077551  -305148.865786
          489.000000  -219387.840520 -1933794.079875  -305145.396498
          489.125000  -219387.840520 -1933793.888821  -305145.235257
          489.218750  -219387.395617 -1933793.670521  -305145.493920
          489.312500  -219387.395617 -1933794.052628  -305145.816401
          489.406250  -219387.171249 -1933794.123747  -305145.732134
          489.500000  -219386.946880 -1933794.194865  -305145.647866
          489.625000  -219386.722512 -1933794.265983  -305145.563598
          489.718750  -219386.722512 -1933794.839144  -305146.047320
          489.812500  -219386.277609 -1933795.194004  -305146.789705
          489.906250  -219386.064742 -1933794.374566  -305148.148273
          490.000000  -219385.840373 -1933794.254631  -305147.902765
          490.125000  -219385.391637 -1933794.014760  -305147.411748
          490.218750  -219385.380136 -1933793.567943  -305144.840226
          490.312500  -219385.844207 -1933793.703040  -305148.168723
          490.406250  -219384.714698 -1933795.926026  -305147.860431
          490.500000  -219385.395470 -1933793.463170  -305147.677706
          490.625000  -219384.950567 -1933792.671710  -305147.452646
          490.718750  -219384.722366 -1933792.530204  -305146.457458
          490.812500  -219384.277463 -1933792.120851  -305146.554880
          490.906250  -219384.045427 -1933791.575668  -305144.487530
          491.000000  -219383.600524 -1933790.784208  -305144.262470
          491.125000  -219383.151788 -1933790.735391  -305143.932694
          491.218750  -219382.703051 -1933790.686574  -305143.602918
          491.312500  -219382.478683 -1933790.757693  -305143.518650
          491.406250  -219382.033780 -1933790.539393  -305143.777313
          491.500000  -219381.132474 -1933791.375456  -305143.174283
          491.625000  -219380.683737 -1933791.517693  -305143.005748
          491.718750  -219380.459369 -1933791.588811  -305142.921480
          491.812500  -219379.790098 -1933791.250576  -305142.934634
          491.906250  -219379.565729 -1933791.130641  -305142.689126
          492.000000  -219379.345195 -1933790.841223  -305143.032056
          492.125000  -219378.896458 -1933790.792406  -305142.702280
          492.218750  -219378.451555 -1933790.574106  -305142.960943
          492.312500  -219378.002819 -1933790.525289  -305142.631166
          492.406250  -219377.554082 -1933790.476472  -305142.301390
          492.500000  -219377.109179 -1933790.258172  -305142.560053
          492.625000  -219376.660443 -1933790.209356  -305142.230276
          492.718750  -219376.211706 -1933790.351592  -305142.061741
          492.812500  -219375.762970 -1933790.302776  -305141.731964
          492.906250  -219375.093699 -1933790.155594  -305141.906359
          493.000000  -219374.869330 -1933790.226712  -305141.822091
          493.125000  -219374.420594 -1933790.177895  -305141.492315
          493.218750  -219373.971857 -1933790.320132  -305141.323779
          493.312500  -219373.523121 -1933790.462369  -305141.155244
          493.406250  -219373.078218 -1933790.053015  -305141.252666
          493.500000  -219372.853850 -1933790.124134  -305141.168398
          493.625000  -219372.629481 -1933790.195252  -305141.084130
          493.718750  -219372.180745 -1933790.337489  -305140.915594
          493.812500  -219371.735842 -1933790.119189  -305141.174257
          493.906250  -219371.511474 -1933790.381361  -305141.251230
          494.000000  -219371.066571 -1933790.163061  -305141.509893
          494.125000  -219370.842202 -1933790.234179  -305141.425625
          494.218750  -219370.617834 -1933790.496351  -305141.502598
          494.312500  -219370.172931 -1933790.278051  -305141.761261
          494.406250  -219369.948563 -1933790.540222  -305141.838234
          494.500000  -219369.279292 -1933790.393041  -305142.012629
          494.625000  -219369.054924 -1933790.464159  -305141.928361
          494.718750  -219368.830555 -1933790.535277  -305141.844093
          494.812500  -219368.606187 -1933790.606396  -305141.759825
          494.906250  -219368.161284 -1933790.388096  -305142.018488
          495.000000  -219367.716381 -1933790.551903  -305142.599632
          495.125000  -219367.492013 -1933790.623021  -305142.515364
          495.218750  -219367.047110 -1933790.404721  -305142.774027
          495.312500  -219366.822742 -1933790.475839  -305142.689759
          495.406250  -219366.598373 -1933790.738011  -305142.766732
          495.500000  -219366.374005 -1933790.618076  -305142.521224
          495.625000  -219365.925269 -1933790.760313  -305142.352688
          495.718750  -219365.480366 -1933790.542013  -305142.611351
          495.812500  -219365.255998 -1933790.613131  -305142.527083
          495.906250  -219365.031629 -1933790.684249  -305142.442815
          496.000000  -219364.362358 -1933790.537068  -305142.617210
          496.125000  -219364.137990 -1933790.417133  -305142.371701
          496.218750  -219363.913622 -1933790.488251  -305142.287434
          496.312500  -219363.464885 -1933790.630488  -305142.118898
          496.406250  -219363.019982 -1933790.412188  -305142.377561
          496.500000  -219362.795614 -1933790.483306  -305142.293293
          496.625000  -219362.571246 -1933790.554424  -305142.209025
          496.718750  -219362.346877 -1933790.625543  -305142.124757
          496.812500  -219361.901974 -1933790.407243  -305142.383420
          496.906250  -219361.677606 -1933790.478361  -305142.299152
          497.000000  -219361.232703 -1933790.260061  -305142.557815
          497.125000  -219361.008335 -1933790.331179  -305142.473547
          497.218750  -219360.559599 -1933790.473416  -305142.305011
          497.312500  -219360.114696 -1933790.255116  -305142.563674
          497.406250  -219359.890327 -1933790.326234  -305142.479406
          497.500000  -219359.665959 -1933790.588406  -305142.556379
          497.625000  -219358.996688 -1933790.441224  -305142.730774
          497.718750  -219358.772320 -1933790.512343  -305142.646506
          497.812500  -219358.323583 -1933790.463526  -305142.316730
          497.906250  -219357.878680 -1933790.436279  -305142.736634
          498.000000  -219357.429944 -1933790.387463  -305142.406857
          498.125000  -219357.205575 -1933790.458581  -305142.322589
          498.218750  -219356.756839 -1933790.600818  -305142.154054
          498.312500  -219356.087568 -1933790.453636  -305142.328449
          498.406250  -219355.863199 -1933790.524754  -305142.244181
          498.500000  -219355.414463 -1933790.475938  -305141.914404
          498.625000  -219354.965726 -1933790.427121  -305141.584628
          498.718750  -219354.516990 -1933790.569358  -305141.416092
          498.812500  -219354.072087 -1933790.351057  -305141.674755
          498.906250  -219353.623351 -1933790.302241  -305141.344979
          499.000000  -219352.954079 -1933790.155059  -305141.519374
          499.125000  -219352.505343 -1933790.297296  -305141.350838
          499.218750  -219352.060440 -1933790.078996  -305141.609501
          499.312500  -219351.611703 -1933790.221232  -305141.440965
          499.406250  -219350.942432 -1933790.074051  -305141.615360
          499.500000  -219350.493696 -1933790.216287  -305141.446824
          499.625000  -219350.044959 -1933790.358524  -305141.278289
          499.718750  -219349.375688 -1933790.020289  -305141.291443
          499.812500  -219348.926951 -1933790.162526  -305141.122907
          499.906250  -219348.257680 -1933790.015344  -305141.297302
          500.000000  -219347.812777 -1933789.797044  -305141.555965
          500.125000  -219347.364041 -1933789.939281  -305141.387429
          500.218750  -219346.694770 -1933789.792099  -305141.561824
          500.312500  -219346.246033 -1933789.934336  -305141.393289
          500.406250  -219345.797297 -1933789.885519  -305141.063512
          500.500000  -219345.128025 -1933789.738337  -305141.237907
          500.625000  -219344.679289 -1933789.880574  -305141.069372
          500.718750  -219344.010018 -1933789.733392  -305141.243767
          500.812500  -219343.561281 -1933789.875629  -305141.075231
          500.906250  -219342.892010 -1933789.728447  -305141.249626
          501.000000  -219342.443274 -1933789.870684  -305141.081090
          501.125000  -219341.994537 -1933789.821867  -305140.751314
          501.218750  -219341.325266 -1933789.674685  -305140.925709
          501.312500  -219340.655995 -1933789.527504  -305141.100104
          501.406250  -219340.207258 -1933789.669740  -305140.931568
          501.500000  -219339.537987 -1933789.522559  -305141.105963
          501.625000  -219339.089250 -1933789.664795  -305140.937427
          501.718750  -219338.419979 -1933789.517614  -305141.111822
          501.812500  -219337.971243 -1933789.659850  -305140.943287
          501.906250  -219337.301972 -1933789.512669  -305141.117682
          502.000000  -219336.632700 -1933789.365487  -305141.292077
          502.125000  -219336.183964 -1933789.507724  -305141.123541
          502.218750  -219335.514693 -1933789.360542  -305141.297936
          502.312500  -219335.065956 -1933789.502779  -305141.129400
          502.406250  -219334.617220 -1933789.645015  -305140.960865
          502.500000  -219333.944115 -1933789.667317  -305140.546820
          502.625000  -219333.274844 -1933789.329082  -305140.559975
          502.718750  -219332.826107 -1933789.471319  -305140.391439
          502.812500  -219332.160670 -1933789.536761  -305141.476755
          502.906250  -219331.491398 -1933789.389579  -305141.651150
          503.000000  -219331.042662 -1933789.340762  -305141.321373
          503.125000  -219330.593925 -1933789.482999  -305141.152838
          503.218750  -219329.924654 -1933789.335817  -305141.327233
          503.312500  -219329.700286 -1933789.406935  -305141.242965
          503.406250  -219329.031015 -1933789.259754  -305141.417360
          503.500000  -219328.582278 -1933789.401990  -305141.248824
          503.625000  -219327.913007 -1933789.254809  -305141.423219
          503.718750  -219327.464270 -1933789.397045  -305141.254683
          503.812500  -219326.794999 -1933789.249864  -305141.429078
          503.906250  -219326.346263 -1933789.392100  -305141.260543
          504.000000  -219325.897526 -1933789.343284  -305140.930766
          504.125000  -219325.228255 -1933789.196102  -305141.105161
          504.218750  -219324.779519 -1933789.338339  -305140.936625
          504.312500  -219324.330782 -1933789.289522  -305140.606849
          504.406250  -219323.661511 -1933789.142340  -305140.781244
          504.500000  -219323.212774 -1933789.284577  -305140.612708
          504.625000  -219322.543503 -1933789.137395  -305140.787103
          504.718750  -219322.094767 -1933789.279632  -305140.618568
          504.812500  -219321.425495 -1933789.132450  -305140.792963
          504.906250  -219320.976759 -1933789.274687  -305140.624427
          505.000000  -219320.083120 -1933789.198624  -305140.714554
          505.125000  -219319.634383 -1933789.340860  -305140.546018
          505.218750  -219318.965112 -1933789.193679  -305140.720413
          505.312500  -219318.295841 -1933788.855443  -305140.733568
          505.406250  -219317.622736 -1933789.068799  -305140.480764
          505.500000  -219316.953465 -1933788.921617  -305140.655159
          505.625000  -219316.504728 -1933789.063854  -305140.486623
          505.718750  -219315.611089 -1933788.987790  -305140.576751
          505.812500  -219315.162352 -1933788.938973  -305140.246974
          505.906250  -219314.268713 -1933788.862910  -305140.337101
          506.000000  -219313.599442 -1933788.715728  -305140.511496
          506.125000  -219313.150705 -1933788.857965  -305140.342961
          506.218750  -219312.257066 -1933788.590848  -305140.271847
          506.312500  -219311.587794 -1933788.443667  -305140.446242
          506.406250  -219310.914690 -1933788.465968  -305140.032198
          506.500000  -219310.245418 -1933788.127733  -305140.045352
          506.625000  -219309.576147 -1933787.980551  -305140.219747
          506.718750  -219308.903043 -1933788.002853  -305139.805703
          506.812500  -219308.233771 -1933787.664618  -305139.818857
          506.906250  -219307.340132 -1933787.588554  -305139.908984
          507.000000  -219306.670861 -1933787.250319  -305139.922138
          507.125000  -219306.222124 -1933787.201503  -305139.592362
          507.218750  -219305.328485 -1933786.934386  -305139.521248
          507.312500  -219304.659214 -1933786.787204  -305139.695643
          507.406250  -219304.210477 -1933786.738387  -305139.365867
          507.500000  -219303.316838 -1933786.471270  -305139.294753
          507.625000  -219302.647566 -1933786.324089  -305139.469148
          507.718750  -219301.974462 -1933786.346390  -305139.055104
          507.812500  -219301.305190 -1933786.008155  -305139.068258
          507.906250  -219300.411551 -1933785.741038  -305138.997145
          508.000000  -219299.962814 -1933785.883275  -305138.828609
          508.125000  -219299.069175 -1933785.616158  -305138.757495
          508.218750  -219298.399904 -1933785.277923  -305138.770650
          508.312500  -219297.726799 -1933785.491278  -305138.517846
          508.406250  -219297.057528 -1933785.153043  -305138.531000
          508.500000  -219296.388257 -1933784.814808  -305138.544155
          508.625000  -219295.494617 -1933784.738744  -305138.634282
          508.718750  -219295.045881 -1933784.689928  -305138.304505
          508.812500  -219294.372776 -1933784.712229  -305137.890461
          508.906250  -219293.479137 -1933784.445112  -305137.819348
          509.000000  -219292.585497 -1933784.177996  -305137.748234
          509.125000  -219292.136761 -1933784.320232  -305137.579698
          509.218750  -219291.467489 -1933783.981997  -305137.592852
          509.312500  -219290.577683 -1933783.545397  -305138.110178
          509.406250  -219289.904579 -1933783.567699  -305137.696134
          509.500000  -219289.235308 -1933783.229464  -305137.709288
          509.625000  -219288.341668 -1933783.153400  -305137.799415
          509.718750  -219287.672397 -1933782.815165  -305137.812570
          509.812500  -219287.003126 -1933782.476930  -305137.825724
          509.906250  -219286.330021 -1933782.690285  -305137.572920
          510.000000  -219285.660750 -1933782.352050  -305137.586074
          510.125000  -219284.767110 -1933782.084933  -305137.514961
          510.218750  -219284.097839 -1933781.937751  -305137.689356
          510.312500  -219283.424734 -1933781.960053  -305137.275312
          510.406250  -219282.751630 -1933781.982354  -305136.861267
          510.500000  -219281.865657 -1933781.185218  -305137.805792
          510.625000  -219281.196386 -1933781.038036  -305137.980186
          510.718750  -219280.527115 -1933780.699801  -305137.993341
          510.812500  -219279.854010 -1933780.722102  -305137.579296
          510.906250  -219278.960371 -1933780.454986  -305137.508183
          511.000000  -219278.291099 -1933780.307804  -305137.682578
          511.125000  -219277.617995 -1933780.330105  -305137.268534
          511.218750  -219276.948723 -1933779.991870  -305137.281688
          511.312500  -219276.279452 -1933779.844689  -305137.456083
          511.406250  -219275.385813 -1933779.577572  -305137.384969
          511.500000  -219274.712708 -1933779.599873  -305136.970925
          511.625000  -219274.043437 -1933779.452692  -305137.145320
          511.718750  -219273.374166 -1933779.114456  -305137.158474
          511.812500  -219272.701061 -1933779.136758  -305136.744430
          511.906250  -219272.031790 -1933778.989576  -305136.918825
          512.000000  -219271.138150 -1933778.722460  -305136.847711
          512.125000  -219270.468879 -1933778.384224  -305136.860866
          512.218750  -219269.575240 -1933778.308161  -305136.950993
          512.312500  -219269.126503 -1933778.259344  -305136.621216
          512.406250  -219268.232864 -1933777.992227  -305136.550103
          512.500000  -219267.563592 -1933777.653992  -305136.563257
          512.625000  -219267.114856 -1933777.605176  -305136.233481
          512.718750  -219266.221217 -1933777.529112  -305136.323608
          512.812500  -219265.551945 -1933777.190877  -305136.336762
          512.906250  -219264.882674 -1933776.852642  -305136.349916
          513.000000  -219264.209569 -1933776.874943  -305135.935872
          513.125000  -219263.540298 -1933776.536708  -305135.949026
          513.218750  -219262.871027 -1933776.198473  -305135.962180
          513.312500  -219261.977388 -1933775.931356  -305135.891067
          513.406250  -219261.308116 -1933775.402068  -305135.742980
          513.500000  -219260.859380 -1933775.353251  -305135.413204
          513.625000  -219260.190109 -1933775.015016  -305135.426358
          513.718750  -219259.520837 -1933774.676781  -305135.439512
          513.812500  -219258.851566 -1933774.338545  -305135.452667
          513.906250  -219258.178461 -1933774.169794  -305134.877382
          514.000000  -219257.509190 -1933773.831558  -305134.890536
          514.125000  -219256.839919 -1933773.493323  -305134.903690
          514.218750  -219256.170648 -1933772.964035  -305134.755604
          514.312500  -219255.501377 -1933772.625799  -305134.768758
          514.406250  -219255.052640 -1933772.385929  -305134.277741
          514.500000  -219254.383369 -1933772.047694  -305134.290895
          514.625000  -219253.714098 -1933771.518405  -305134.142809
          514.718750  -219253.044827 -1933771.180170  -305134.155963
          514.812500  -219252.596090 -1933770.940300  -305133.664946
          514.906250  -219251.926819 -1933770.602065  -305133.678100
          515.000000  -219251.257548 -1933770.072776  -305133.530013
          515.125000  -219250.588276 -1933769.734541  -305133.543168
          515.218750  -219249.919005 -1933769.396306  -305133.556322
          515.312500  -219249.470269 -1933769.156436  -305133.065305
          515.406250  -219248.576629 -1933768.889319  -305132.994191
          515.500000  -219247.907358 -1933768.551084  -305133.007345
          515.625000  -219247.238087 -1933768.212849  -305133.020500
          515.718750  -219246.789350 -1933768.164032  -305132.690723
          515.812500  -219245.895711 -1933767.896915  -305132.619610
          515.906250  -219245.226440 -1933767.749733  -305132.794005
          516.000000  -219244.777703 -1933767.700917  -305132.464228
          516.125000  -219243.884064 -1933767.624853  -305132.554355
          516.218750  -219243.214793 -1933767.286618  -305132.567510
          516.312500  -219242.766056 -1933767.237801  -305132.237733
          516.406250  -219241.872417 -1933766.970685  -305132.166620
          516.500000  -219241.423680 -1933767.112921  -305131.998084
          516.625000  -219240.530041 -1933766.845804  -305131.926970
          516.718750  -219239.860770 -1933766.698623  -305132.101365
          516.812500  -219239.191498 -1933766.360388  -305132.114520
          516.906250  -219238.518394 -1933766.382689  -305131.700475
          517.000000  -219237.849122 -1933766.044454  -305131.713630
          517.125000  -219237.176018 -1933766.257809  -305131.460826
          517.218750  -219236.506746 -1933765.919574  -305131.473980
          517.312500  -219235.833642 -1933766.132929  -305131.221177
          517.406250  -219235.164370 -1933765.794694  -305131.234331
          517.500000  -219234.270731 -1933765.718630  -305131.324458
          517.625000  -219233.821995 -1933765.860867  -305131.155923
          517.718750  -219232.928355 -1933765.593750  -305131.084809
          517.812500  -219232.479619 -1933765.735987  -305130.916273
          517.906250  -219231.585979 -1933765.468870  -305130.845160
          518.000000  -219230.916708 -1933765.321689  -305131.019555
          518.125000  -219230.243603 -1933765.535044  -305130.766751
          518.218750  -219229.574332 -1933765.387862  -305130.941146
          518.312500  -219228.901227 -1933765.601217  -305130.688343
          518.406250  -219228.231956 -1933765.454035  -305130.862738
          518.500000  -219227.338317 -1933765.569025  -305131.114105
          518.625000  -219226.889580 -1933765.711262  -305130.945570
          518.718750  -219225.995941 -1933765.826252  -305131.196938
          518.812500  -219225.547204 -1933765.968489  -305131.028402
          518.906250  -219224.877933 -1933766.012361  -305131.364038
          519.000000  -219224.204828 -1933766.225716  -305131.111234
          519.125000  -219223.311189 -1933766.340706  -305131.362602
          519.218750  -219222.862452 -1933766.482943  -305131.194066
          519.312500  -219222.413716 -1933766.625179  -305131.025531
          519.406250  -219217.751819 -1933766.106435  -305137.066857
          519.500000  -219217.078714 -1933766.319790  -305136.814053
          519.625000  -219216.409443 -1933766.363662  -305137.149689
          519.718750  -219221.500909 -1933767.587586  -305128.334702
          519.812500  -219220.607269 -1933767.702576  -305128.586070
          519.906250  -219219.029024 -1933769.876745  -305127.948002
          520.000000  -219218.363587 -1933769.369027  -305128.549596
          520.125000  -219217.690482 -1933769.964489  -305128.619274
          520.218750  -219217.458447 -1933770.756681  -305127.680609
          520.312500  -219217.009710 -1933771.281024  -305127.834554
          520.406250  -219216.336605 -1933771.685433  -305127.742992
          520.500000  -219215.891702 -1933772.040293  -305128.485377
          520.625000  -219215.439132 -1933772.925174  -305128.212124
          520.718750  -219215.210931 -1933773.547882  -305127.861898
          520.812500  -219214.762194 -1933774.263279  -305128.177085
          520.906250  -219214.313458 -1933774.787623  -305128.331031
          521.000000  -219213.864721 -1933775.311967  -305128.484976
          521.125000  -219213.640353 -1933775.956245  -305128.884431
          521.218750  -219213.191616 -1933776.480589  -305129.038377
          521.312500  -219212.742880 -1933777.004933  -305129.192322
          521.406250  -219212.522345 -1933777.097621  -305129.857735
          521.500000  -219212.073609 -1933777.621965  -305130.011680
          521.625000  -219211.628706 -1933777.785772  -305130.592825
          521.718750  -219211.404337 -1933778.238997  -305130.831038
          521.812500  -219211.176136 -1933779.052759  -305130.642053
          521.906250  -219210.951767 -1933779.505984  -305130.880267
          522.000000  -219210.503031 -1933779.839274  -305130.872972
          522.125000  -219210.499197 -1933780.581918  -305130.768255
          522.218750  -219210.270995 -1933781.395680  -305130.579270
          522.312500  -219209.826093 -1933781.368434  -305130.999174
          522.406250  -219210.274829 -1933781.035143  -305131.006469
          522.500000  -219210.046627 -1933782.039959  -305130.978724
          522.625000  -219209.377356 -1933782.274884  -305131.475601
          522.718750  -219209.373522 -1933783.017528  -305131.370884
          522.812500  -219208.924786 -1933783.541871  -305131.524830
          522.906250  -219208.700418 -1933783.995097  -305131.763043
          523.000000  -219208.251681 -1933784.710494  -305132.078230
          523.125000  -219207.582410 -1933784.945419  -305132.575106
          523.218750  -219207.133674 -1933785.660816  -305132.890293
          523.312500  -219206.909305 -1933786.305095  -305133.289747
          523.406250  -219206.460569 -1933786.829439  -305133.443693
          523.500000  -219205.791298 -1933787.255417  -305134.101810
          523.625000  -219205.566929 -1933787.708643  -305134.340024
          523.718750  -219205.118193 -1933788.424040  -305134.655210
          523.812500  -219204.448922 -1933789.041072  -305135.474568
          523.906250  -219204.224553 -1933789.685351  -305135.874022
          524.000000  -219203.551449 -1933790.471866  -305136.104941
          524.125000  -219203.106546 -1933790.826726  -305136.847326
          524.218750  -219202.661643 -1933791.372640  -305137.750952
          524.312500  -219202.212906 -1933791.896984  -305137.904898
          524.406250  -219201.543635 -1933792.322963  -305138.563015
          524.500000  -219201.098732 -1933792.868876  -305139.466641
          524.625000  -219200.649996 -1933793.584273  -305139.781827
          524.718750  -219200.201259 -1933794.299671  -305140.097014
          524.812500  -219199.531988 -1933794.534596  -305140.593890
          524.906250  -219199.083251 -1933795.249993  -305140.909076
          525.000000  -219198.634515 -1933795.774337  -305141.063022
          525.125000  -219198.410147 -1933796.227562  -305141.301236
          525.218750  -219197.737042 -1933796.823024  -305141.370914
          525.312500  -219197.067771 -1933797.057949  -305141.867790
          525.406250  -219196.619034 -1933797.582293  -305142.021736
          525.500000  -219196.170298 -1933797.915583  -305142.014441
          525.625000  -219195.497193 -1933798.319991  -305141.922878
          525.718750  -219195.048456 -1933798.844335  -305142.076824
          525.812500  -219195.288159 -1933796.948963  -305143.547404
          525.906250  -219195.508694 -1933796.856274  -305142.881992
          526.000000  -219193.706080 -1933799.101562  -305142.159656
          526.125000  -219192.584239 -1933800.221367  -305142.383280
          526.218750  -219191.686766 -1933801.079001  -305142.529931
          526.312500  -219190.789293 -1933801.745582  -305142.515341
          526.406250  -219190.340557 -1933802.269925  -305142.669287
          526.500000  -219189.222549 -1933802.647087  -305142.997628
          526.625000  -219188.773813 -1933803.171431  -305143.151573
          526.718750  -219188.104541 -1933803.406356  -305143.648450
          526.812500  -219187.655805 -1933803.739646  -305143.641155
          526.906250  -219187.207068 -1933804.263990  -305143.795101
          527.000000  -219186.762165 -1933804.236743  -305144.215004
          527.125000  -219186.537797 -1933804.498915  -305144.291977
          527.218750  -219186.092894 -1933804.662722  -305144.873121
          527.312500  -219185.868526 -1933804.924894  -305144.950094
          527.406250  -219185.647991 -1933804.635475  -305145.293025
          527.500000  -219185.423623 -1933804.897647  -305145.369998
          527.625000  -219185.199255 -1933804.968766  -305145.285730
          527.718750  -219184.978720 -1933804.870401  -305145.789901
          527.812500  -219184.978720 -1933805.061454  -305145.951142
          527.906250  -219184.978720 -1933805.061454  -305145.951142
          528.000000  -219184.758185 -1933804.963089  -305146.455313
          528.125000  -219184.533817 -1933805.034208  -305146.371046
          528.218750  -219184.313282 -1933804.935843  -305146.875217
          528.312500  -219184.313282 -1933804.935843  -305146.875217
          528.406250  -219184.313282 -1933804.935843  -305146.875217
          528.500000  -219184.092748 -1933804.837478  -305147.379388
          528.625000  -219184.092748 -1933804.837478  -305147.379388
          528.718750  -219183.872213 -1933804.739113  -305147.883560
          528.812500  -219183.872213 -1933804.739113  -305147.883560
          528.906250  -219183.651678 -1933804.640748  -305148.387731
          529.000000  -219183.651678 -1933804.640748  -305148.387731
          529.125000  -219183.431144 -1933804.542383  -305148.891902
          529.218750  -219183.655512 -1933804.471264  -305148.976170
          529.312500  -219183.434977 -1933804.372900  -305149.480342
          529.406250  -219183.434977 -1933804.563953  -305149.641582
          529.500000  -219183.214442 -1933804.274535  -305149.984513
          529.625000  -219183.214442 -1933804.465588  -305150.145754
          529.718750  -219183.218276 -1933804.296105  -305150.734193
          529.812500  -219182.997741 -1933804.006686  -305151.077124
          529.906250  -219182.997741 -1933804.197740  -305151.238364
          530.000000  -219183.001575 -1933804.028257  -305151.826804
          530.125000  -219182.781040 -1933803.738838  -305152.169734
          530.218750  -219183.005408 -1933803.858773  -305152.415243
          530.312500  -219182.784874 -1933803.760408  -305152.919414
          530.406250  -219182.788707 -1933803.399872  -305153.346613
          530.500000  -219182.568173 -1933803.301507  -305153.850784
          530.625000  -219182.792541 -1933803.230388  -305153.935052
          530.718750  -219182.572006 -1933803.132023  -305154.439223
          530.812500  -219182.796374 -1933803.251958  -305154.684732
          530.906250  -219182.575840 -1933802.962540  -305155.027663
          531.000000  -219182.579673 -1933802.793057  -305155.616102
          531.125000  -219182.804041 -1933802.721938  -305155.700370
          531.218750  -219182.583507 -1933802.623573  -305156.204541
          531.312500  -219182.362972 -1933802.525209  -305156.708712
          531.406250  -219182.587340 -1933802.454090  -305156.792980
          531.500000  -219182.366806 -1933802.355725  -305157.297152
          531.625000  -219182.591174 -1933802.475660  -305157.542660
          531.718750  -219182.370639 -1933802.186242  -305157.885591
          531.812500  -219182.374473 -1933802.016759  -305158.474030
          531.906250  -219182.374473 -1933802.207812  -305158.635271
          532.000000  -219182.153938 -1933802.109447  -305159.139442
          532.125000  -219182.378306 -1933802.038329  -305159.223710
          532.218750  -219182.382140 -1933801.868846  -305159.812149
          532.312500  -219182.161605 -1933801.579427  -305160.155080
          532.406250  -219182.385973 -1933801.699362  -305160.400588
          532.500000  -219182.165439 -1933801.600997  -305160.904760
          532.625000  -219182.169272 -1933801.240461  -305161.331958
          532.718750  -219182.173106 -1933801.070977  -305161.920398
          532.812500  -219182.173106 -1933801.262031  -305162.081638
          532.906250  -219182.176939 -1933800.901494  -305162.508837
          533.000000  -219182.401307 -1933801.021429  -305162.754345
          533.125000  -219182.405141 -1933800.660892  -305163.181544
          533.218750  -219182.408975 -1933800.491409  -305163.769983
          533.312500  -219182.408975 -1933800.491409  -305163.769983
          533.406250  -219182.412808 -1933800.321926  -305164.358422
          533.500000  -219182.192273 -1933800.223561  -305164.862594
          533.625000  -219182.416642 -1933800.152442  -305164.946861
          533.718750  -219182.420475 -1933799.982959  -305165.535301
          533.812500  -219182.644843 -1933799.911841  -305165.619569
          533.906250  -219182.424309 -1933799.622422  -305165.962499
          534.000000  -219182.648677 -1933799.742358  -305166.208008
          534.125000  -219182.428142 -1933799.452939  -305166.550938
          534.218750  -219182.428142 -1933799.643993  -305166.712179
          534.312500  -219182.652511 -1933799.572874  -305166.796447
          534.406250  -219182.431976 -1933799.283456  -305167.139378
          534.500000  -219182.431976 -1933799.474509  -305167.300618
          534.625000  -219182.656344 -1933799.403391  -305167.384886
          534.718750  -219182.435809 -1933799.113973  -305167.727817
          534.812500  -219182.435809 -1933799.113973  -305167.727817
          534.906250  -219182.435809 -1933799.305026  -305167.889058
          535.000000  -219182.439643 -1933798.944489  -305168.316256
          535.125000  -219182.439643 -1933798.944489  -305168.316256
          535.218750  -219182.443476 -1933798.775006  -305168.904695
          535.312500  -219182.443476 -1933798.775006  -305168.904695
          535.406250  -219182.667845 -1933798.703888  -305168.988963
          535.500000  -219182.447310 -1933798.605523  -305169.493135
          535.625000  -219182.447310 -1933798.605523  -305169.493135
          535.718750  -219182.671678 -1933798.534404  -305169.577402
          535.812500  -219182.451144 -1933798.436039  -305170.081574
          535.906250  -219182.451144 -1933798.436039  -305170.081574
          536.000000  -219182.675512 -1933798.555975  -305170.327082
          536.125000  -219182.454977 -1933798.266556  -305170.670013
          536.218750  -219182.454977 -1933798.266556  -305170.670013
          536.312500  -219182.458811 -1933798.097073  -305171.258452
          536.406250  -219182.683179 -1933798.025954  -305171.342720
          536.500000  -219182.683179 -1933798.217008  -305171.503961
          536.625000  -219184.261424 -1933795.660732  -305171.819548
          536.718750  -219184.485792 -1933795.589613  -305171.903815
          536.812500  -219184.265257 -1933795.300195  -305172.246746
          536.906250  -219184.489626 -1933795.420130  -305172.492255
          537.000000  -219184.489626 -1933795.420130  -305172.492255
          537.125000  -219184.493459 -1933795.059593  -305172.919453
          537.218750  -219184.493459 -1933795.250647  -305173.080694
          537.312500  -219183.371618 -1933796.370452  -305173.304318
          537.406250  -219183.595986 -1933796.299334  -305173.388585
          537.500000  -219183.375451 -1933796.009916  -305173.731516
          537.625000  -219183.375451 -1933796.009916  -305173.731516
          537.718750  -219183.599820 -1933796.129851  -305173.977025
          537.812500  -219183.824188 -1933796.058732  -305174.061292
          537.906250  -219183.603653 -1933795.769314  -305174.404223
          538.000000  -219183.603653 -1933795.960367  -305174.565464
          538.125000  -219184.052390 -1933795.436024  -305174.411518
          538.218750  -219183.607487 -1933795.599831  -305174.992662
          538.312500  -219183.831855 -1933795.528712  -305175.076930
          538.406250  -219185.889505 -1933790.901173  -305179.784844
          538.500000  -219185.889505 -1933790.901173  -305179.784844
          538.625000  -219185.889505 -1933790.710119  -305179.623603
          538.718750  -219185.889505 -1933790.901173  -305179.784844
          538.812500  -219185.885671 -1933790.879602  -305179.035164
          538.906250  -219185.889505 -1933790.710119  -305179.623603
          539.000000  -219185.889505 -1933790.710119  -305179.623603
          539.125000  -219186.113873 -1933790.830054  -305179.869112
          539.218750  -219185.893338 -1933790.540636  -305180.212043
          539.312500  -219185.893338 -1933790.731689  -305180.373283
          539.406250  -219185.893338 -1933790.540636  -305180.212043
          539.500000  -219185.672804 -1933790.824378  -305181.038695
          539.625000  -219185.672804 -1933791.015431  -305181.199936
          539.718750  -219185.452269 -1933790.917066  -305181.704108
          539.812500  -219185.452269 -1933791.299173  -305182.026589
          539.906250  -219185.227901 -1933791.561345  -305182.103562
          540.000000  -219185.224067 -1933791.348722  -305181.192641
          540.125000  -219185.448435 -1933791.659710  -305181.599391
          540.218750  -219185.227901 -1933791.561345  -305182.103562
          540.312500  -219185.227901 -1933791.752399  -305182.264803
          540.406250  -219185.007366 -1933791.654034  -305182.768974
          540.500000  -219185.007366 -1933791.845087  -305182.930215
          540.625000  -219185.007366 -1933791.654034  -305182.768974
          540.718750  -219184.790665 -1933791.577239  -305184.022825
          540.812500  -219184.566296 -1933791.648357  -305183.938558
          540.906250  -219184.790665 -1933791.577239  -305184.022825
          541.000000  -219184.790665 -1933791.768292  -305184.184066
          541.125000  -219184.570130 -1933791.478874  -305184.526997
          541.218750  -219184.570130 -1933791.478874  -305184.526997
          541.312500  -219184.570130 -1933791.478874  -305184.526997
          541.406250  -219184.349595 -1933791.189456  -305184.869927
          541.500000  -219184.573964 -1933791.118337  -305184.954195
          541.625000  -219184.573964 -1933791.309391  -305185.115436
          541.718750  -219184.577797 -1933790.948854  -305185.542635
          541.812500  -219184.357262 -1933791.041543  -305186.208047
          541.906250  -219184.581631 -1933790.970424  -305186.292314
          542.000000  -219184.581631 -1933790.970424  -305186.292314
          542.125000  -219184.361096 -1933790.681006  -305186.635245
          542.218750  -219184.364930 -1933790.511522  -305187.223684
          542.312500  -219184.144395 -1933790.413158  -305187.727856
          542.406250  -219183.691825 -1933791.489091  -305187.615844
          542.500000  -219183.459789 -1933792.090230  -305186.515938
          542.625000  -219183.459789 -1933792.090230  -305186.515938
          542.718750  -219183.687991 -1933791.658575  -305187.027405
          542.812500  -219183.471290 -1933791.199673  -305187.958774
          542.906250  -219183.695658 -1933791.128555  -305188.043042
          543.000000  -219183.923860 -1933790.696900  -305188.554509
          543.125000  -219183.703325 -1933790.598535  -305189.058680
          543.218750  -219183.707159 -1933790.429051  -305189.647119
          543.312500  -219183.707159 -1933790.429051  -305189.647119
          543.406250  -219183.710993 -1933790.259568  -305190.235558
          543.500000  -219183.714826 -1933789.899031  -305190.662757
          543.625000  -219183.714826 -1933790.090085  -305190.823998
          543.718750  -219183.718660 -1933789.729548  -305191.251196
          543.812500  -219183.943028 -1933789.658430  -305191.335464
          543.906250  -219184.167396 -1933789.587311  -305191.419732
          544.000000  -219184.171230 -1933789.226774  -305191.846930
          544.125000  -219184.175063 -1933789.057291  -305192.435369
          544.218750  -219184.178897 -1933788.696754  -305192.862568
          544.312500  -219184.178897 -1933788.696754  -305192.862568
          544.406250  -219184.182730 -1933788.527271  -305193.451007
          544.500000  -219184.407099 -1933788.456153  -305193.535275
          544.625000  -219184.186564 -1933788.166734  -305193.878206
          544.718750  -219184.410932 -1933788.095616  -305193.962474
          544.812500  -219184.635300 -1933788.024498  -305194.046741
          544.906250  -219184.194231 -1933787.827768  -305195.055084
          545.000000  -219184.418599 -1933787.756649  -305195.139352
          545.125000  -219184.198064 -1933787.658285  -305195.643523
          545.218750  -219184.422433 -1933787.587166  -305195.727791
          545.312500  -219184.422433 -1933787.587166  -305195.727791
          545.406250  -219184.426266 -1933787.226629  -305196.154990
          545.500000  -219184.426266 -1933787.417683  -305196.316230
          545.625000  -219184.430100 -1933787.057146  -305196.743429
          545.718750  -219184.430100 -1933787.248200  -305196.904670
          545.812500  -219184.654468 -1933787.177081  -305196.988937
          545.906250  -219184.433933 -1933786.887663  -305197.331868
          546.000000  -219184.658302 -1933787.007598  -305197.577377
          546.125000  -219184.437767 -1933786.718180  -305197.920307
          546.218750  -219184.662135 -1933786.838115  -305198.165816
          546.312500  -219184.441600 -1933786.548696  -305198.508747
          546.406250  -219184.441600 -1933786.739750  -305198.669987
          546.500000  -219184.665969 -1933786.668631  -305198.754255
          546.625000  -219184.445434 -1933786.379213  -305199.097186
          546.718750  -219184.669802 -1933786.499148  -305199.342694
          546.812500  -219184.449268 -1933786.209730  -305199.685625
          546.906250  -219184.673636 -1933786.329665  -305199.931134
          547.000000  -219184.453101 -1933786.040246  -305200.274064
          547.125000  -219184.677469 -1933786.160182  -305200.519573
          547.218750  -219184.677469 -1933786.160182  -305200.519573
          547.312500  -219184.456935 -1933786.061817  -305201.023744
          547.406250  -219184.681303 -1933785.990698  -305201.108012
          547.500000  -219184.460768 -1933785.701280  -305201.450943
          547.625000  -219184.685136 -1933785.821215  -305201.696451
          547.718750  -219184.685136 -1933785.821215  -305201.696451
          547.812500  -219184.464602 -1933785.722850  -305202.200623
          547.906250  -219184.917172 -1933785.220077  -305202.796357
          548.000000  -219184.696637 -1933785.121712  -305203.300528
          548.125000  -219184.696637 -1933785.121712  -305203.300528
          548.218750  -219184.700471 -1933784.952228  -305203.888967
          548.312500  -219184.700471 -1933784.952228  -305203.888967
          548.406250  -219184.700471 -1933784.952228  -305203.888967
          548.500000  -219184.704304 -1933784.782745  -305204.477407
          548.625000  -219184.704304 -1933784.782745  -305204.477407
          548.718750  -219184.928672 -1933784.711627  -305204.561674
          548.812500  -219184.704304 -1933784.782745  -305204.477407
          548.906250  -219184.704304 -1933784.782745  -305204.477407
          549.000000  -219184.704304 -1933784.591692  -305204.316166
          549.125000  -219184.704304 -1933784.591692  -305204.316166
          549.218750  -219184.479936 -1933784.662810  -305204.231898
          549.312500  -219184.700471 -1933784.952228  -305203.888967
          549.406250  -219184.700471 -1933784.952228  -305203.888967
          549.500000  -219184.479936 -1933784.662810  -305204.231898
          549.625000  -219184.700471 -1933784.952228  -305203.888967
          549.718750  -219184.700471 -1933785.143282  -305204.050208
          549.812500  -219184.476102 -1933785.214400  -305203.965940
          549.906250  -219184.476102 -1933785.214400  -305203.965940
          550.000000  -219184.476102 -1933785.214400  -305203.965940
          550.125000  -219184.476102 -1933785.214400  -305203.965940
          550.218750  -219184.476102 -1933785.214400  -305203.965940
          550.312500  -219184.251734 -1933785.476572  -305204.042913
          550.406250  -219184.251734 -1933785.476572  -305204.042913
          550.500000  -219184.251734 -1933785.476572  -305204.042913
          550.625000  -219184.251734 -1933785.476572  -305204.042913
          550.718750  -219184.027366 -1933785.547690  -305203.958645
          550.812500  -219184.247901 -1933786.028162  -305203.776955
          550.906250  -219184.247901 -1933786.028162  -305203.776955
          551.000000  -219184.023532 -1933786.099281  -305203.692688
          551.125000  -219184.023532 -1933786.290334  -305203.853928
          551.218750  -219184.023532 -1933786.290334  -305203.853928
          551.312500  -219184.247901 -1933786.219216  -305203.938196
          551.406250  -219184.247901 -1933786.410269  -305204.099437
          551.500000  -219184.247901 -1933786.410269  -305204.099437
          551.625000  -219184.247901 -1933786.410269  -305204.099437
          551.718750  -219184.472269 -1933786.339151  -305204.183705
          551.812500  -219184.692804 -1933786.819623  -305204.002015
          551.906250  -219184.692804 -1933786.819623  -305204.002015
          552.000000  -219184.917172 -1933786.748504  -305204.086283
          552.125000  -219185.141540 -1933786.868439  -305204.331791
          552.218750  -219185.141540 -1933786.868439  -305204.331791
          552.312500  -219185.362075 -1933787.348911  -305204.150101
          552.406250  -219185.586443 -1933787.277793  -305204.234369
          552.500000  -219185.586443 -1933787.468846  -305204.395610
          552.625000  -219186.031346 -1933787.687146  -305204.136947
          552.718750  -219186.031346 -1933787.687146  -305204.136947
          552.812500  -219186.031346 -1933787.687146  -305204.136947
          552.906250  -219186.476249 -1933788.096500  -305204.039525
          553.000000  -219186.476249 -1933788.096500  -305204.039525
          553.125000  -219186.476249 -1933788.096500  -305204.039525
          553.218750  -219186.476249 -1933788.096500  -305204.039525
          553.312500  -219186.921152 -1933788.505853  -305203.942103
          553.406250  -219186.696784 -1933788.576972  -305203.857835
          553.500000  -219186.921152 -1933788.505853  -305203.942103
          553.625000  -219186.917318 -1933788.675337  -305203.353664
          553.718750  -219187.137853 -1933788.964755  -305203.010733
          553.812500  -219186.913485 -1933789.035873  -305202.926465
          553.906250  -219186.685283 -1933789.467529  -305202.414999
          554.000000  -219186.685283 -1933789.467529  -305202.414999
          554.125000  -219186.905818 -1933789.565894  -305201.910827
          554.218750  -219186.905818 -1933789.565894  -305201.910827
          554.312500  -219186.681449 -1933789.637012  -305201.826560
          554.406250  -219186.905818 -1933789.565894  -305201.910827
          554.500000  -219187.126352 -1933789.855312  -305201.567897
          554.625000  -219186.901984 -1933789.735377  -305201.322388
          554.718750  -219186.901984 -1933789.926430  -305201.483629
          554.812500  -219186.901984 -1933789.926430  -305201.483629
          554.906250  -219186.677616 -1933789.806495  -305201.238120
          555.000000  -219186.677616 -1933789.806495  -305201.238120
          555.125000  -219186.898151 -1933790.095914  -305200.895190
          555.218750  -219186.898151 -1933790.095914  -305200.895190
          555.312500  -219186.898151 -1933790.095914  -305200.895190
          555.406250  -219186.673782 -1933790.167032  -305200.810922
          555.500000  -219186.673782 -1933790.167032  -305200.810922
          555.625000  -219186.673782 -1933790.167032  -305200.810922
          555.718750  -219186.453248 -1933789.877614  -305201.153853
          555.812500  -219186.228879 -1933789.948732  -305201.069585
          555.906250  -219186.228879 -1933789.948732  -305201.069585
          556.000000  -219186.449414 -1933790.047097  -305200.565413
          556.125000  -219186.004511 -1933789.828797  -305200.824076
          556.218750  -219186.004511 -1933789.637743  -305200.662835
          556.312500  -219185.780143 -1933789.899915  -305200.739808
          556.406250  -219185.780143 -1933789.708862  -305200.578568
          556.500000  -219185.559608 -1933789.419443  -305200.921498
          556.625000  -219185.559608 -1933789.419443  -305200.921498
          556.718750  -219185.559608 -1933789.419443  -305200.921498
          556.812500  -219185.559608 -1933789.419443  -305200.921498
          556.906250  -219185.335240 -1933789.490562  -305200.837230
          557.000000  -219185.114705 -1933789.201143  -305201.180161
          557.125000  -219185.335240 -1933789.490562  -305200.837230
          557.218750  -219185.114705 -1933789.201143  -305201.180161
          557.312500  -219185.110872 -1933789.370626  -305200.591722
          557.406250  -219185.335240 -1933789.299508  -305200.675990
          557.500000  -219185.110872 -1933789.370626  -305200.591722
          557.625000  -219185.110872 -1933789.370626  -305200.591722
          557.718750  -219184.890337 -1933789.272262  -305201.095893
          557.812500  -219184.886503 -1933789.441745  -305200.507454
          557.906250  -219184.886503 -1933789.632798  -305200.668695
          558.000000  -219184.886503 -1933789.632798  -305200.668695
          558.125000  -219184.665969 -1933789.534433  -305201.172866
          558.218750  -219184.662135 -1933789.894970  -305200.745668
          558.312500  -219184.662135 -1933789.894970  -305200.745668
          558.406250  -219184.437767 -1933790.157142  -305200.822641
          558.500000  -219184.437767 -1933790.157142  -305200.822641
          558.625000  -219184.213399 -1933790.419314  -305200.899613
          558.718750  -219184.213399 -1933790.610367  -305201.060854
          558.812500  -219184.209565 -1933790.970904  -305200.633656
          558.906250  -219183.989030 -1933790.872539  -305201.137827
          559.000000  -219183.985197 -1933791.424129  -305200.871869
          559.125000  -219183.760829 -1933791.686301  -305200.948842
          559.218750  -219183.536460 -1933791.948473  -305201.025815
          559.312500  -219183.756995 -1933792.428945  -305200.844125
          559.406250  -219183.312092 -1933792.401698  -305201.264029
          559.500000  -219183.312092 -1933792.592752  -305201.425269
          559.625000  -219183.087724 -1933792.854923  -305201.502242
          559.718750  -219183.308259 -1933793.335395  -305201.320552
          559.812500  -219183.308259 -1933793.526449  -305201.481793
          559.906250  -219182.863356 -1933793.499202  -305201.901697
          560.000000  -219183.083890 -1933793.979674  -305201.720007
          560.125000  -219183.083890 -1933794.170728  -305201.881247
          560.218750  -219182.859522 -1933794.432899  -305201.958220
          560.312500  -219182.635154 -1933794.695071  -305202.035193
          560.406250  -219182.635154 -1933794.886125  -305202.196434
          560.500000  -219182.410786 -1933795.148296  -305202.273407
          560.625000  -219182.410786 -1933795.339350  -305202.434648
          560.718750  -219182.410786 -1933795.530403  -305202.595888
          560.812500  -219182.186417 -1933795.792575  -305202.672861
          560.906250  -219181.962049 -1933796.054747  -305202.749834
          561.000000  -219181.962049 -1933796.245801  -305202.911075
          561.125000  -219181.958216 -1933796.797391  -305202.645117
          561.218750  -219181.958216 -1933796.797391  -305202.645117
          561.312500  -219181.733847 -1933797.059563  -305202.722090
          561.406250  -219181.509479 -1933797.321734  -305202.799063
          561.500000  -219181.509479 -1933797.512788  -305202.960304
          561.625000  -219181.285111 -1933797.774960  -305203.037276
          561.718750  -219181.285111 -1933798.157067  -305203.359758
          561.812500  -219181.060743 -1933798.228185  -305203.275490
          561.906250  -219181.060743 -1933798.419238  -305203.436731
          562.000000  -219180.836374 -1933798.872464  -305203.674944
          562.125000  -219180.832541 -1933799.233000  -305203.247746
          562.218750  -219180.832541 -1933799.615107  -305203.570227
          562.312500  -219180.608172 -1933799.877279  -305203.647200
          562.406250  -219180.608172 -1933800.068333  -305203.808441
          562.500000  -219180.383804 -1933800.139451  -305203.724173
          562.625000  -219180.383804 -1933800.330504  -305203.885414
          562.718750  -219180.159436 -1933800.592676  -305203.962387
          562.812500  -219180.159436 -1933800.783730  -305204.123628
          562.906250  -219180.159436 -1933800.783730  -305204.123628
          563.000000  -219179.935068 -1933800.854848  -305204.039360
          563.125000  -219179.935068 -1933801.045902  -305204.200600
          563.218750  -219179.935068 -1933801.045902  -305204.200600
          563.312500  -219179.935068 -1933801.045902  -305204.200600
          563.406250  -219179.935068 -1933801.045902  -305204.200600
          563.500000  -219179.935068 -1933801.045902  -305204.200600
          563.625000  -219179.935068 -1933800.854848  -305204.039360
          563.718750  -219179.935068 -1933800.854848  -305204.039360
          563.812500  -219179.935068 -1933800.854848  -305204.039360
          563.906250  -219179.935068 -1933800.663795  -305203.878119
          564.000000  -219180.159436 -1933800.592676  -305203.962387
          564.125000  -219180.159436 -1933800.401623  -305203.801146
          564.218750  -219180.159436 -1933800.210569  -305203.639905
          564.312500  -219180.383804 -1933800.139451  -305203.724173
          564.406250  -219180.383804 -1933799.948398  -305203.562932
          564.500000  -219180.608172 -1933799.686226  -305203.485960
          564.625000  -219180.608172 -1933799.495172  -305203.324719
          564.718750  -219180.608172 -1933799.304119  -305203.163478
          564.812500  -219180.832541 -1933799.041947  -305203.086505
          564.906250  -219180.836374 -1933798.490357  -305203.352463
          565.000000  -219180.836374 -1933798.299303  -305203.191222
          565.125000  -219181.060743 -1933798.037131  -305203.114249
          565.218750  -219181.060743 -1933797.846078  -305202.953009
          565.312500  -219181.285111 -1933797.392853  -305202.714795
          565.406250  -219181.509479 -1933797.130681  -305202.637822
          565.500000  -219181.509479 -1933796.939627  -305202.476581
          565.625000  -219181.513313 -1933796.196984  -305202.581298
          565.718750  -219181.737681 -1933795.934812  -305202.504326
          565.812500  -219181.962049 -1933795.672640  -305202.427353
          565.906250  -219181.962049 -1933795.290533  -305202.104871
          566.000000  -219182.186417 -1933795.028361  -305202.027898
          566.125000  -219182.410786 -1933794.766190  -305201.950925
          566.218750  -219182.190251 -1933794.094664  -305201.971375
          566.312500  -219182.414619 -1933793.832492  -305201.894402
          566.406250  -219182.638987 -1933793.379267  -305201.656188
          566.500000  -219182.863356 -1933793.117095  -305201.579215
          566.625000  -219183.087724 -1933792.854923  -305201.502242
          566.718750  -219182.867189 -1933792.183398  -305201.522691
          566.812500  -219183.091557 -1933791.921226  -305201.445719
          566.906250  -219183.315926 -1933791.468001  -305201.207505
          567.000000  -219183.540294 -1933791.205829  -305201.130532
          567.125000  -219183.764662 -1933790.752604  -305200.892318
          567.218750  -219183.544127 -1933790.272132  -305201.074008
          567.312500  -219183.768496 -1933789.818907  -305200.835795
          567.406250  -219183.992864 -1933789.365681  -305200.597581
          567.500000  -219184.217232 -1933789.103510  -305200.520608
          567.625000  -219184.441600 -1933788.650284  -305200.282395
          567.718750  -219184.665969 -1933788.388113  -305200.205422
          567.812500  -219184.669802 -1933787.645469  -305200.310139
          567.906250  -219184.669802 -1933787.454415  -305200.148898
          568.000000  -219184.894171 -1933787.001190  -305199.910684
          568.125000  -219185.118539 -1933786.739018  -305199.833712
          568.218750  -219185.342907 -1933786.476846  -305199.756739
          568.312500  -219185.567275 -1933786.023621  -305199.518525
          568.406250  -219185.791643 -1933785.761449  -305199.441552
          568.500000  -219185.795477 -1933785.209859  -305199.707510
          568.625000  -219186.019845 -1933784.947687  -305199.630537
          568.718750  -219186.244214 -1933784.494462  -305199.392323
          568.812500  -219186.244214 -1933784.303409  -305199.231083
          568.906250  -219186.468582 -1933784.041237  -305199.154110
          569.000000  -219186.692950 -1933783.779065  -305199.077137
          569.125000  -219186.917318 -1933783.516893  -305199.000164
          569.218750  -219187.141687 -1933783.254721  -305198.923191
          569.312500  -219187.366055 -1933782.992550  -305198.846218
          569.406250  -219187.590423 -1933782.539324  -305198.608005
          569.500000  -219187.814791 -1933782.277152  -305198.531032
          569.625000  -219187.814791 -1933782.086099  -305198.369791
          569.718750  -219187.818625 -1933781.534509  -305198.635749
          569.812500  -219188.042993 -1933781.272337  -305198.558776
          569.906250  -219188.267361 -1933781.010165  -305198.481803
          570.000000  -219188.491730 -1933780.747993  -305198.404830
          570.125000  -219188.716098 -1933780.485821  -305198.327857
          570.218750  -219188.940466 -1933780.223650  -305198.250884
          570.312500  -219188.940466 -1933780.032596  -305198.089643
          570.406250  -219189.161001 -1933780.130961  -305197.585472
          570.500000  -219189.385369 -1933779.868789  -305197.508499
          570.625000  -219189.609737 -1933779.606617  -305197.431526
          570.718750  -219189.834106 -1933779.344446  -305197.354553
          570.812500  -219187.427392 -1933775.504480  -305204.230227
          570.906250  -219187.651760 -1933775.242308  -305204.153255
          571.000000  -219187.876128 -1933774.980137  -305204.076282
          571.125000  -219188.321031 -1933775.007383  -305203.656378
          571.218750  -219188.324865 -1933774.455793  -305203.922336
          571.312500  -219188.324865 -1933774.264739  -305203.761095
          571.406250  -219188.549233 -1933774.002568  -305203.684122
          571.500000  -219188.773601 -1933773.740396  -305203.607149
          571.625000  -219188.997969 -1933773.478224  -305203.530176
          571.718750  -219189.222338 -1933773.216052  -305203.453204
          571.812500  -219189.446706 -1933772.953880  -305203.376231
          571.906250  -219189.446706 -1933772.762827  -305203.214990
          572.000000  -219189.671074 -1933772.500655  -305203.138017
          572.125000  -219189.671074 -1933772.309602  -305202.976776
          572.218750  -219189.891609 -1933772.599020  -305202.633846
          572.312500  -219190.115977 -1933772.336848  -305202.556873
          572.406250  -219190.336512 -1933772.435213  -305202.052701
          572.500000  -219190.336512 -1933772.435213  -305202.052701
          572.625000  -219190.557046 -1933772.533578  -305201.548530
          572.718750  -219190.785248 -1933772.101923  -305202.059996
          572.812500  -219191.005783 -1933772.391341  -305201.717066
          572.906250  -219191.005783 -1933772.391341  -305201.717066
          573.000000  -219190.781415 -1933772.462460  -305201.632798
          573.125000  -219190.781415 -1933772.462460  -305201.632798
          573.218750  -219190.781415 -1933772.462460  -305201.632798
          573.312500  -219190.781415 -1933772.462460  -305201.632798
          573.406250  -219190.777581 -1933772.822996  -305201.205599
          573.500000  -219190.773748 -1933773.374587  -305200.939642
          573.625000  -219190.773748 -1933773.374587  -305200.939642
          573.718750  -219190.549379 -1933773.636759  -305201.016615
          573.812500  -219190.545546 -1933774.188349  -305200.750657
          573.906250  -219190.321177 -1933774.259467  -305200.666389
          574.000000  -219190.096809 -1933774.521639  -305200.743362
          574.125000  -219190.092976 -1933775.073229  -305200.477404
          574.218750  -219189.868607 -1933775.335401  -305200.554377
          574.312500  -219189.419871 -1933775.668691  -305200.547082
          574.406250  -219189.195503 -1933776.121916  -305200.785296
          574.500000  -219188.971134 -1933776.575142  -305201.023509
          574.625000  -219188.522398 -1933776.908432  -305201.016214
          574.718750  -219188.298030 -1933777.170604  -305201.093187
          574.812500  -219188.073661 -1933777.623829  -305201.331401
          574.906250  -219187.845460 -1933778.246538  -305200.981175
          575.000000  -219187.621091 -1933778.699763  -305201.219389
          575.125000  -219187.396723 -1933778.961935  -305201.296362
          575.218750  -219186.947987 -1933779.486278  -305201.450308
          575.312500  -219186.723618 -1933779.939504  -305201.688521
          575.406250  -219186.274882 -1933780.272794  -305201.681226
          575.500000  -219186.050514 -1933780.726019  -305201.919440
          575.625000  -219185.822312 -1933781.539781  -305201.730455
          575.718750  -219185.373575 -1933781.873071  -305201.723160
          575.812500  -219185.149207 -1933782.326297  -305201.961374
          575.906250  -219184.692804 -1933783.571714  -305201.260922
          576.000000  -219184.244067 -1933783.905004  -305201.253627
          576.125000  -219184.240233 -1933784.647648  -305201.148910
          576.218750  -219183.567129 -1933785.243110  -305201.218588
          576.312500  -219183.342760 -1933785.696335  -305201.456802
          576.406250  -219182.894024 -1933786.029625  -305201.449507
          576.500000  -219182.890190 -1933786.772269  -305201.344790
          576.625000  -219182.441454 -1933787.296612  -305201.498736
          576.718750  -219182.217086 -1933787.749838  -305201.736949
          576.812500  -219181.543981 -1933788.154246  -305201.645387
          576.906250  -219181.547814 -1933788.175816  -305202.395067
          577.000000  -219181.091411 -1933789.421233  -305201.694615
          577.125000  -219180.867043 -1933789.874459  -305201.932829
          577.218750  -219180.870876 -1933789.896029  -305202.682509
          577.312500  -219180.422140 -1933790.420373  -305202.836455
          577.406250  -219180.197771 -1933790.682544  -305202.913428
          577.500000  -219179.749035 -1933791.206888  -305203.067373
          577.625000  -219179.524667 -1933791.660113  -305203.305587
          577.718750  -219179.075930 -1933792.184457  -305203.459533
          577.812500  -219178.627194 -1933792.517747  -305203.452238
          577.906250  -219178.178457 -1933793.042091  -305203.606184
          578.000000  -219177.954089 -1933793.495316  -305203.844397
          578.125000  -219177.729721 -1933793.948541  -305204.082611
          578.218750  -219177.501519 -1933794.762303  -305203.893626
          578.312500  -219176.824581 -1933795.527249  -305203.374865
          578.406250  -219176.596379 -1933796.341011  -305203.185880
          578.500000  -219176.372011 -1933796.794236  -305203.424094
          578.625000  -219175.923274 -1933797.127526  -305203.416799
          578.718750  -219175.698906 -1933797.580751  -305203.655012
          578.812500  -219175.250169 -1933798.105095  -305203.808958
          578.906250  -219174.801433 -1933798.629439  -305203.962904
          579.000000  -219174.577065 -1933798.891611  -305204.039877
          579.125000  -219174.573231 -1933799.634254  -305203.935160
          579.218750  -219174.124495 -1933799.967544  -305203.927865
          579.312500  -219173.900126 -1933800.420770  -305204.166078
          579.406250  -219173.451390 -1933800.754060  -305204.158783
          579.500000  -219173.002653 -1933801.278403  -305204.312729
          579.625000  -219172.998820 -1933802.021047  -305204.208012
          579.718750  -219172.774451 -1933802.283219  -305204.284985
          579.812500  -219172.325715 -1933802.807563  -305204.438931
          579.906250  -219172.101347 -1933803.069734  -305204.515904
          580.000000  -219171.652610 -1933803.403025  -305204.508609
          580.125000  -219171.428242 -1933803.856250  -305204.746822
          580.218750  -219171.424408 -1933804.407840  -305204.480865
          580.312500  -219171.200040 -1933804.861065  -305204.719078
          580.406250  -219170.975672 -1933805.123237  -305204.796051
          580.500000  -219170.526935 -1933805.456527  -305204.788756
          580.625000  -219170.302567 -1933805.909753  -305205.026970
          580.718750  -219170.078199 -1933806.171924  -305205.103943
          580.812500  -219169.849997 -1933806.794633  -305204.753717
          580.906250  -219169.625629 -1933807.247858  -305204.991931
          581.000000  -219169.401261 -1933807.510030  -305205.068904
          581.125000  -219169.176892 -1933807.772202  -305205.145876
          581.218750  -219168.952524 -1933808.034374  -305205.222849
          581.312500  -219168.728156 -1933808.296546  -305205.299822
          581.406250  -219168.724322 -1933808.848136  -305205.033864
          581.500000  -219168.507621 -1933808.580288  -305206.126475
          581.625000  -219168.283253 -1933808.842459  -305206.203448
          581.718750  -219168.058885 -1933809.104631  -305206.280421
          581.812500  -219168.055051 -1933809.656221  -305206.014463
          581.906250  -219167.834516 -1933809.366803  -305206.357394
          582.000000  -219167.830683 -1933809.918393  -305206.091436
          582.125000  -219167.606315 -1933809.989512  -305206.007168
          582.218750  -219167.606315 -1933809.989512  -305206.007168
          582.312500  -219167.381946 -1933810.060630  -305205.922900
          582.406250  -219166.933210 -1933810.393920  -305205.915605
          582.500000  -219166.933210 -1933810.202867  -305205.754365
          582.625000  -219166.933210 -1933810.202867  -305205.754365
          582.718750  -219166.708842 -1933810.273985  -305205.670097
          582.812500  -219166.484473 -1933810.345103  -305205.585829
          582.906250  -219166.260105 -1933810.416222  -305205.501561
          583.000000  -219166.035737 -1933810.487340  -305205.417293
          583.125000  -219165.811369 -1933810.367405  -305205.171785
          583.218750  -219165.590834 -1933810.077987  -305205.514715
          583.312500  -219165.366466 -1933809.958051  -305205.269207
          583.406250  -219165.142097 -1933810.029170  -305205.184939
          583.500000  -219164.917729 -1933809.909235  -305204.939430
          583.625000  -219164.472826 -1933809.690935  -305205.198093
          583.718750  -219164.248458 -1933809.571000  -305204.952585
          583.812500  -219163.799722 -1933809.713236  -305204.784049
          583.906250  -219163.354819 -1933809.303883  -305204.881471
          584.000000  -219163.130450 -1933809.183948  -305204.635962
          584.125000  -219162.685547 -1933808.965648  -305204.894625
          584.218750  -219162.236811 -1933808.916831  -305204.564849
          584.312500  -219162.012443 -1933808.796896  -305204.319340
          584.406250  -219161.567540 -1933808.387542  -305204.416762
          584.500000  -219161.118803 -1933808.338725  -305204.086986
          584.625000  -219160.673900 -1933807.929372  -305204.184408
          584.718750  -219160.225164 -1933807.880555  -305203.854632
          584.812500  -219159.780261 -1933807.471202  -305203.952054
          584.906250  -219159.331524 -1933807.422385  -305203.622277
          585.000000  -219158.658420 -1933807.444686  -305203.208233
          585.125000  -219158.434051 -1933807.324751  -305202.962725
          585.218750  -219157.764780 -1933806.986516  -305202.975879
          585.312500  -219157.316044 -1933806.746646  -305202.484862
          585.406250  -219156.867307 -1933806.697829  -305202.155085
          585.500000  -219156.418571 -1933806.457959  -305201.664068
          585.625000  -219155.969834 -1933806.409142  -305201.334292
          585.718750  -219155.521098 -1933806.169272  -305200.843275
          585.812500  -219154.847993 -1933806.000520  -305200.267990
          585.906250  -219154.399256 -1933805.951703  -305199.938213
          586.000000  -219153.950520 -1933805.711833  -305199.447196
          586.125000  -219153.277415 -1933805.543081  -305198.871911
          586.218750  -219152.828679 -1933805.303211  -305198.380894
          586.312500  -219152.379942 -1933805.254394  -305198.051118
          586.406250  -219152.151740 -1933805.303942  -305197.217170
          586.500000  -219151.703004 -1933805.064072  -305196.726153
          586.625000  -219151.254267 -1933804.824202  -305196.235135
          586.718750  -219150.581163 -1933804.846504  -305195.821091
          586.812500  -219150.136260 -1933804.246097  -305195.757273
          586.906250  -219149.463155 -1933804.077345  -305195.181988
          587.000000  -219149.014418 -1933804.028528  -305194.852211
          587.125000  -219148.565682 -1933803.788658  -305194.361194
          587.218750  -219148.116945 -1933803.548788  -305193.870177
          587.312500  -219147.447674 -1933803.210552  -305193.883331
          587.406250  -219146.998938 -1933802.970682  -305193.392314
          587.500000  -219146.550201 -1933802.730812  -305192.901297
          587.625000  -219146.101465 -1933802.681995  -305192.571520
          587.718750  -219145.432193 -1933802.152707  -305192.423434
          587.812500  -219144.983457 -1933802.103890  -305192.093658
          587.906250  -219144.534720 -1933801.864020  -305191.602640
          588.000000  -219143.865449 -1933801.334731  -305191.454554
          588.125000  -219143.192345 -1933801.357033  -305191.040510
          588.218750  -219142.747442 -1933800.756626  -305190.976691
          588.312500  -219142.298705 -1933800.516755  -305190.485674
          588.406250  -219141.849969 -1933800.467939  -305190.155898
          588.500000  -219140.956329 -1933800.009768  -305189.923543
          588.625000  -219140.511426 -1933799.409361  -305189.859725
          588.718750  -219140.062690 -1933799.360545  -305189.529948
          588.812500  -219139.169050 -1933798.902374  -305189.297594
          588.906250  -219138.944682 -1933798.782439  -305189.052085
          589.000000  -219138.051043 -1933798.324269  -305188.819731
          589.125000  -219137.602306 -1933798.275452  -305188.489955
          589.218750  -219136.933035 -1933797.746163  -305188.341868
          589.312500  -219136.263764 -1933797.407928  -305188.355022
          589.406250  -219135.815027 -1933797.168058  -305187.864005
          589.500000  -219135.145756 -1933796.829823  -305187.877159
          589.625000  -219134.476485 -1933796.491588  -305187.890314
          589.718750  -219133.803380 -1933796.513889  -305187.476269
          589.812500  -219133.134109 -1933796.175654  -305187.489424
          589.906250  -219132.464838 -1933795.837419  -305187.502578
          590.000000  -219131.791733 -1933795.859721  -305187.088534
          590.125000  -219131.122462 -1933795.521485  -305187.101688
          590.218750  -219130.453190 -1933795.183250  -305187.114842
          590.312500  -219129.780086 -1933795.205552  -305186.700798
          590.406250  -219129.110814 -1933794.867317  -305186.713952
          590.500000  -219128.441543 -1933794.529082  -305186.727106
          590.625000  -219127.768439 -1933794.551383  -305186.313062
          590.718750  -219127.099167 -1933794.213148  -305186.326216
          590.812500  -219126.429896 -1933793.874913  -305186.339371
          590.906250  -219125.756791 -1933793.897214  -305185.925326
          591.000000  -219125.087520 -1933793.558979  -305185.938481
          591.125000  -219124.193881 -1933793.100809  -305185.706126
          591.218750  -219123.745144 -1933793.051992  -305185.376350
          591.312500  -219122.851505 -1933792.784875  -305185.305236
          591.406250  -219122.182234 -1933792.446640  -305185.318391
          591.500000  -219121.509129 -1933792.468942  -305184.904346
          591.625000  -219120.839858 -1933792.130707  -305184.917501
          591.718750  -219120.166753 -1933792.153008  -305184.503456
          591.812500  -219119.497482 -1933791.623720  -305184.355370
          591.906250  -219118.824377 -1933791.646021  -305183.941326
          592.000000  -219118.151272 -1933791.668323  -305183.527281
          592.125000  -219117.482001 -1933791.139034  -305183.379195
          592.218750  -219116.808896 -1933791.161336  -305182.965151
          592.312500  -219116.135791 -1933790.992584  -305182.389866
          592.406250  -219115.462687 -1933790.823832  -305181.814581
          592.500000  -219114.789582 -1933790.846134  -305181.400536
          592.625000  -219114.340845 -1933790.606263  -305180.909519
          592.718750  -219113.667741 -1933790.628565  -305180.495475
          592.812500  -219112.994636 -1933790.459813  -305179.920190
          592.906250  -219112.321531 -1933790.482115  -305179.506146
          593.000000  -219111.872795 -1933790.242245  -305179.015129
          593.125000  -219111.199690 -1933790.073493  -305178.439844
          593.218750  -219110.306051 -1933789.806376  -305178.368730
          593.312500  -219109.857314 -1933789.566506  -305177.877713
          593.406250  -219109.184209 -1933789.588807  -305177.463669
          593.500000  -219108.735473 -1933789.348937  -305176.972652
          593.625000  -219108.062368 -1933789.371239  -305176.558607
          593.718750  -219107.389263 -1933789.393540  -305176.144563
          593.812500  -219106.940527 -1933789.153670  -305175.653546
          593.906250  -219106.046887 -1933788.886553  -305175.582432
          594.000000  -219105.598151 -1933788.837736  -305175.252656
          594.125000  -219104.925046 -1933788.668984  -305174.677371
          594.218750  -219104.476310 -1933788.620168  -305174.347595
          594.312500  -219103.575003 -1933788.883071  -305173.260843
          594.406250  -219103.126267 -1933788.834254  -305172.931067
          594.500000  -219102.677530 -1933788.785437  -305172.601290
          594.625000  -219102.004425 -1933788.616686  -305172.026005
          594.718750  -219101.335154 -1933788.278450  -305172.039160
          594.812500  -219100.662049 -1933788.300752  -305171.625115
          594.906250  -219100.213313 -1933788.251935  -305171.295339
          595.000000  -219099.764576 -1933788.203118  -305170.965563
          595.125000  -219099.315840 -1933788.154302  -305170.635786
          595.218750  -219098.642735 -1933788.176603  -305170.221742
          595.312500  -219097.973464 -1933787.838368  -305170.234896
          595.406250  -219097.300359 -1933787.860670  -305169.820852
          595.500000  -219096.851623 -1933787.811853  -305169.491076
          595.625000  -219096.402886 -1933787.763036  -305169.161299
          595.718750  -219095.729781 -1933787.785338  -305168.747255
          595.812500  -219095.281045 -1933787.736521  -305168.417479
          595.906250  -219094.832308 -1933787.687704  -305168.087702
          596.000000  -219094.159204 -1933787.710006  -305167.673658
          596.125000  -219093.710467 -1933787.852243  -305167.505122
          596.218750  -219093.261731 -1933787.803426  -305167.175346
          596.312500  -219092.588626 -1933787.634674  -305166.600061
          596.406250  -219092.139889 -1933787.776911  -305166.431525
          596.500000  -219091.466785 -1933787.799212  -305166.017481
          596.625000  -219091.018048 -1933787.750395  -305165.687704
          596.718750  -219090.569312 -1933787.701579  -305165.357928
          596.812500  -219089.896207 -1933787.723880  -305164.943884
          596.906250  -219089.226936 -1933787.385645  -305164.957038
          597.000000  -219088.774366 -1933787.697365  -305164.200063
          597.125000  -219088.105095 -1933787.359130  -305164.213217
          597.218750  -219087.656358 -1933787.310313  -305163.883441
          597.312500  -219087.207622 -1933787.452550  -305163.714905
          597.406250  -219086.538350 -1933787.114315  -305163.728060
          597.500000  -219085.865246 -1933787.327670  -305163.475256
          597.625000  -219085.195974 -1933786.989435  -305163.488410
          597.718750  -219084.747238 -1933787.131671  -305163.319875
          597.812500  -219084.077967 -1933786.793436  -305163.333029
          597.906250  -219083.629230 -1933786.935673  -305163.164493
          598.000000  -219082.959959 -1933786.788491  -305163.338888
          598.125000  -219082.511222 -1933786.930728  -305163.170352
          598.218750  -219081.841951 -1933786.783546  -305163.344747
          598.312500  -219081.393215 -1933786.925783  -305163.176212
          598.406250  -219080.723944 -1933786.778601  -305163.350607
          598.500000  -219080.050839 -1933786.991956  -305163.097803
          598.625000  -219079.602102 -1933787.134193  -305162.929268
          598.718750  -219078.932831 -1933787.178065  -305163.264903
          598.812500  -219078.484095 -1933787.320301  -305163.096368
          598.906250  -219077.814823 -1933787.364173  -305163.432003
          599.000000  -219077.362253 -1933787.866947  -305162.836269
          599.125000  -219076.692982 -1933787.719765  -305163.010664
          599.218750  -219076.244246 -1933787.862002  -305162.842128
          599.312500  -219075.571141 -1933788.266410  -305162.750566
          599.406250  -219075.346773 -1933788.337529  -305162.666298
          599.500000  -219074.673668 -1933788.359830  -305162.252254
          599.625000  -219074.449300 -1933788.430949  -305162.167986
          599.718750  -219073.996730 -1933789.124775  -305161.733492
          599.812500  -219073.772361 -1933789.004840  -305161.487984
          599.906250  -219073.323625 -1933789.147077  -305161.319448
          600.000000  -219073.319791 -1933789.507614  -305160.892250
          600.125000  -219073.091590 -1933789.748215  -305160.219542
          600.218750  -219072.642853 -1933790.081506  -305160.212248
          600.312500  -219072.639020 -1933790.442042  -305159.785049
          600.406250  -219072.414651 -1933790.322107  -305159.539540
          600.500000  -219072.410818 -1933790.682644  -305159.112342
          600.625000  -219071.962081 -1933790.633827  -305158.782566
          600.718750  -219072.182616 -1933790.923246  -305158.439635
          600.812500  -219071.958248 -1933790.803311  -305158.194126
          600.906250  -219071.954414 -1933791.163847  -305157.766928
          601.000000  -219071.954414 -1933790.972794  -305157.605687
          601.125000  -219071.950581 -1933791.333331  -305157.178489
          601.218750  -219071.726212 -1933791.213396  -305156.932980
          601.312500  -219071.722379 -1933791.573932  -305156.505782
          601.406250  -219071.722379 -1933791.382879  -305156.344541
          601.500000  -219071.718545 -1933791.743416  -305155.917342
          601.625000  -219071.718545 -1933791.552362  -305155.756102
          601.718750  -219071.714712 -1933791.912899  -305155.328903
          601.812500  -219071.490343 -1933791.984017  -305155.244635
          601.906250  -219071.265975 -1933791.864082  -305154.999127
          602.000000  -219071.486510 -1933792.153500  -305154.656196
          602.125000  -219071.262142 -1933792.033565  -305154.410688
          602.218750  -219071.037773 -1933792.104684  -305154.326420
          602.312500  -219071.033940 -1933792.274167  -305153.737980
          602.406250  -219070.813405 -1933791.984749  -305154.080911
          602.500000  -219070.589037 -1933792.055867  -305153.996643
          602.625000  -219070.585203 -1933792.416404  -305153.569445
          602.718750  -219070.364669 -1933792.126985  -305153.912375
          602.812500  -219070.140300 -1933792.007050  -305153.666867
          602.906250  -219070.140300 -1933792.007050  -305153.666867
          603.000000  -219069.915932 -1933792.078169  -305153.582599
          603.125000  -219069.471029 -1933791.859869  -305153.841262
          603.218750  -219069.246661 -1933791.930987  -305153.756994
          603.312500  -219069.022293 -1933791.811052  -305153.511485
          603.406250  -219068.797924 -1933791.882170  -305153.427218
          603.500000  -219068.573556 -1933791.953288  -305153.342950
          603.625000  -219068.128653 -1933791.543935  -305153.440372
          603.718750  -219068.128653 -1933791.543935  -305153.440372
          603.812500  -219067.904285 -1933791.615053  -305153.356104
          603.906250  -219067.463216 -1933791.036216  -305154.041965
          604.000000  -219067.242681 -1933790.555745  -305154.223655
          604.125000  -219066.797778 -1933790.337445  -305154.482318
          604.218750  -219066.573410 -1933790.217509  -305154.236809
          604.312500  -219066.573410 -1933790.217509  -305154.236809
          604.406250  -219065.911806 -1933789.349254  -305155.265601
          604.500000  -219066.565743 -1933790.365423  -305152.898690
          604.625000  -219066.345208 -1933789.884951  -305153.080380
          604.718750  -219066.345208 -1933789.693897  -305152.919139
          604.812500  -219066.120840 -1933789.573962  -305152.673631
          604.906250  -219066.120840 -1933789.382909  -305152.512390
          605.000000  -219065.238701 -1933788.416289  -305154.045354
          605.125000  -219065.238701 -1933788.225235  -305153.884113
          605.218750  -219065.014333 -1933788.105300  -305153.638604
          605.312500  -219065.018166 -1933787.553710  -305153.904562
          605.406250  -219064.793798 -1933787.242721  -305153.497813
          605.500000  -219064.793798 -1933787.051668  -305153.336572
          605.625000  -219064.797631 -1933786.500077  -305153.602530
          605.718750  -219064.793798 -1933786.669561  -305153.014090
          605.812500  -219064.797631 -1933786.117971  -305153.280048
          605.906250  -219065.018166 -1933786.025282  -305152.614636
          606.000000  -219064.797631 -1933785.544810  -305152.796326
          606.125000  -219065.022000 -1933785.282638  -305152.719353
          606.218750  -219065.022000 -1933785.091585  -305152.558112
          606.312500  -219065.022000 -1933784.709478  -305152.235631
          606.406250  -219065.022000 -1933784.518424  -305152.074390
          606.500000  -219065.025833 -1933783.966834  -305152.340348
          606.625000  -219065.025833 -1933783.584727  -305152.017867
          606.718750  -219065.025833 -1933783.393674  -305151.856626
          606.812500  -219065.466903 -1933783.399350  -305150.687042
          606.906250  -219065.687437 -1933783.306662  -305150.021630
          607.000000  -219065.687437 -1933782.924555  -305149.699149
          607.125000  -219065.907972 -1933782.831866  -305149.033737
          607.218750  -219065.254035 -1933781.433591  -305151.078166
          607.312500  -219065.691271 -1933781.608751  -305149.320144
          607.406250  -219065.470736 -1933781.128279  -305149.501834
          607.500000  -219065.915639 -1933780.773418  -305148.759449
          607.625000  -219065.919473 -1933780.221828  -305149.025406
          607.718750  -219065.919473 -1933779.648668  -305148.541684
          607.812500  -219066.581077 -1933779.943763  -305147.029170
          607.906250  -219068.120986 -1933780.610747  -305142.750290
          608.000000  -219068.341521 -1933780.518058  -305142.084878
          608.125000  -219068.124820 -1933779.677050  -305142.693767
          608.218750  -219068.128653 -1933778.934406  -305142.798484
          608.312500  -219066.805445 -1933777.771056  -305145.339790
          608.406250  -219066.368209 -1933776.831683  -305146.452850
          608.500000  -219066.368209 -1933776.449576  -305146.130368
          608.625000  -219066.151508 -1933775.608567  -305146.739256
          608.718750  -219065.710439 -1933775.029730  -305147.425118
          608.812500  -219065.273203 -1933773.899303  -305148.376937
          608.906250  -219065.493737 -1933773.615561  -305147.550284
          609.000000  -219065.273203 -1933773.135089  -305147.731974
          609.125000  -219066.375876 -1933773.435861  -305145.049876
          609.218750  -219064.394897 -1933771.425826  -305149.369654
          609.312500  -219063.516592 -1933770.098669  -305151.329816
          609.406250  -219063.961495 -1933769.743808  -305150.587431
          609.500000  -219063.961495 -1933769.361701  -305150.264950
          609.625000  -219064.182030 -1933769.077959  -305149.438297
          609.718750  -219064.185863 -1933768.335316  -305149.543014
          609.812500  -219063.744794 -1933767.374372  -305149.906394
          609.906250  -219064.185863 -1933767.571102  -305148.898051
          610.000000  -219063.311392 -1933765.883408  -305151.285411
          610.125000  -219062.433086 -1933764.365198  -305153.084332
          610.218750  -219061.775316 -1933763.327459  -305154.701564
          610.312500  -219061.334246 -1933762.557569  -305155.226184
          610.406250  -219061.117545 -1933761.716560  -305155.835073
          610.500000  -219060.676476 -1933760.946670  -305156.359693
          610.625000  -219060.680309 -1933760.204026  -305156.464410
          610.718750  -219060.239240 -1933759.434136  -305156.989031
          610.812500  -219061.117545 -1933759.997079  -305154.383906
          610.906250  -219061.338080 -1933759.904391  -305153.718494
          611.000000  -219061.341914 -1933758.970693  -305153.661970
          611.125000  -219061.562448 -1933758.686951  -305152.835317
          611.218750  -219061.562448 -1933758.304845  -305152.512836
          611.312500  -219061.562448 -1933757.922738  -305152.190354
          611.406250  -219061.566282 -1933756.989040  -305152.133831
          611.500000  -219061.566282 -1933756.606934  -305151.811349
          611.625000  -219061.570115 -1933756.055343  -305152.077307
          611.718750  -219061.570115 -1933755.482183  -305151.593585
          611.812500  -219061.790650 -1933755.007387  -305150.605691
          611.906250  -219061.794484 -1933754.455797  -305150.871649
          612.000000  -219061.573949 -1933753.784272  -305150.892098
          612.125000  -219060.262241 -1933751.348258  -305154.553759
          612.218750  -219060.262241 -1933750.966151  -305154.231278
          612.312500  -219060.486610 -1933750.321872  -305153.831823
          612.406250  -219060.266075 -1933749.841401  -305154.013513
          612.500000  -219060.266075 -1933749.268240  -305153.529791
          612.625000  -219060.045540 -1933748.787768  -305153.711481
          612.718750  -219060.269908 -1933748.334543  -305153.473267
          612.812500  -219060.049374 -1933747.663018  -305153.493716
          612.906250  -219060.049374 -1933747.089857  -305153.009994
          613.000000  -219060.049374 -1933746.707750  -305152.687513
          613.125000  -219060.273742 -1933746.254525  -305152.449299
          613.218750  -219060.273742 -1933745.872418  -305152.126818
          613.312500  -219060.053207 -1933745.009839  -305151.986026
          613.406250  -219060.277576 -1933744.556614  -305151.747813
          613.500000  -219060.277576 -1933744.174507  -305151.425331
          613.625000  -219060.277576 -1933743.601347  -305150.941609
          613.718750  -219060.501944 -1933743.148121  -305150.703395
          613.812500  -219060.281409 -1933742.285543  -305150.562604
          613.906250  -219060.281409 -1933741.903436  -305150.240122
          614.000000  -219060.726312 -1933741.548575  -305149.497737
          614.125000  -219060.726312 -1933741.166468  -305149.175256
          614.218750  -219060.505777 -1933740.303890  -305149.034464
          614.312500  -219060.950680 -1933739.949029  -305148.292079
          614.406250  -219060.513444 -1933738.818602  -305149.243898
          614.500000  -219062.266221 -1933740.878185  -305144.090173
          614.625000  -219062.045687 -1933740.206660  -305144.110622
          614.718750  -219062.045687 -1933739.633500  -305143.626900
          614.812500  -219062.490590 -1933739.278639  -305142.884515
          614.906250  -219062.490590 -1933738.705479  -305142.400792
          615.000000  -219062.494423 -1933737.962835  -305142.505509
          615.125000  -219062.273889 -1933737.291310  -305142.525959
          615.218750  -219062.498257 -1933736.838085  -305142.287745
          615.312500  -219060.966014 -1933734.112653  -305146.292336
          615.406250  -219062.281556 -1933735.423916  -305142.412911
          615.500000  -219062.064854 -1933734.391854  -305142.860559
          615.625000  -219061.194216 -1933732.343623  -305145.675118
          615.718750  -219061.198050 -1933731.600979  -305145.779835
          615.812500  -219062.072522 -1933732.333406  -305142.586271
          615.906250  -219061.201883 -1933730.285175  -305145.400830
          616.000000  -219062.296890 -1933731.498074  -305142.025576
          616.125000  -219062.300723 -1933730.564376  -305141.969052
          616.218750  -219062.745626 -1933730.209516  -305141.226667
          616.312500  -219062.749460 -1933729.466872  -305141.331384
          616.406250  -219062.973828 -1933729.013647  -305141.093170
          616.500000  -219062.973828 -1933728.440487  -305140.609448
          616.625000  -219063.198196 -1933727.987261  -305140.371235
          616.718750  -219063.202030 -1933727.053564  -305140.314711
          616.812500  -219063.205863 -1933726.310921  -305140.419428
          616.906250  -219063.430232 -1933725.857695  -305140.181214
          617.000000  -219063.437899 -1933724.754515  -305140.713130
          617.125000  -219063.441732 -1933724.202925  -305140.979088
          617.218750  -219063.225031 -1933723.170863  -305141.426735
          617.312500  -219063.449399 -1933722.717637  -305141.188522
          617.406250  -219063.677601 -1933721.903875  -305141.377506
          617.500000  -219063.681435 -1933721.161232  -305141.482223
          617.625000  -219063.685268 -1933720.418588  -305141.586941
          617.718750  -219063.689102 -1933719.675944  -305141.691658
          617.812500  -219064.137838 -1933719.151601  -305141.537712
          617.906250  -219064.362207 -1933718.698375  -305141.299498
          618.000000  -219064.586575 -1933718.245150  -305141.061285
          618.125000  -219064.810943 -1933717.600871  -305140.661830
          618.218750  -219065.035311 -1933717.147646  -305140.423617
          618.312500  -219065.484048 -1933716.623302  -305140.269671
          618.406250  -219065.708416 -1933715.979024  -305139.870216
          618.500000  -219065.932784 -1933715.525798  -305139.632003
          618.625000  -219066.381521 -1933714.810401  -305139.316816
          618.718750  -219066.826424 -1933714.646594  -305138.735672
          618.812500  -219067.054626 -1933713.832832  -305138.924657
          618.906250  -219067.499529 -1933713.669025  -305138.343513
          619.000000  -219067.948265 -1933712.953628  -305138.028326
          619.125000  -219068.393168 -1933712.789821  -305137.447182
          619.218750  -219068.841904 -1933712.265478  -305137.293236
          619.312500  -219069.066273 -1933711.812252  -305137.055022
          619.406250  -219069.515009 -1933711.287909  -305136.901077
          619.500000  -219069.963746 -1933710.763565  -305136.747131
          619.625000  -219070.412482 -1933710.239222  -305136.593185
          619.718750  -219070.636850 -1933709.785996  -305136.354971
          619.812500  -219071.085587 -1933709.261653  -305136.201026
          619.906250  -219071.534323 -1933708.737309  -305136.047080
          620.000000  -219071.979226 -1933708.573502  -305135.465936
          620.125000  -219072.203595 -1933708.120277  -305135.227722
          620.218750  -219072.880533 -1933707.164278  -305135.585243
          620.312500  -219073.329269 -1933706.639934  -305135.431297
          620.406250  -219073.553638 -1933706.377763  -305135.354324
          620.500000  -219074.226742 -1933705.782301  -305135.284646
          620.625000  -219074.451111 -1933705.329075  -305135.046432
          620.718750  -219074.899847 -1933704.804732  -305134.892486
          620.812500  -219075.348584 -1933704.471442  -305134.899781
          620.906250  -219075.797320 -1933703.947098  -305134.745836
          621.000000  -219076.246057 -1933703.422754  -305134.591890
          621.125000  -219076.694793 -1933703.089464  -305134.599185
          621.218750  -219076.922995 -1933702.275702  -305134.788170
          621.312500  -219077.371731 -1933701.751358  -305134.634224
          621.406250  -219077.820468 -1933701.418068  -305134.641519
          621.500000  -219078.269204 -1933700.893725  -305134.487573
          621.625000  -219078.717941 -1933700.560434  -305134.494868
          621.718750  -219079.166677 -1933700.036091  -305134.340922
          621.812500  -219079.615414 -1933699.511747  -305134.186976
          621.906250  -219080.064150 -1933699.178457  -305134.194271
          622.000000  -219080.512887 -1933698.654113  -305134.040326
          622.125000  -219080.961623 -1933698.320823  -305134.047621
          622.218750  -219081.410360 -1933697.796480  -305133.893675
          622.312500  -219081.638562 -1933697.173771  -305134.243900
          622.406250  -219082.311667 -1933696.578309  -305134.174222
          622.500000  -219082.760403 -1933696.245019  -305134.181517
          622.625000  -219083.433508 -1933695.649557  -305134.111839
          622.718750  -219083.882244 -1933695.316267  -305134.119134
          622.812500  -219084.110446 -1933694.502505  -305134.308119
          622.906250  -219084.559183 -1933694.169214  -305134.315414
          623.000000  -219085.007919 -1933693.835924  -305134.322709
          623.125000  -219085.456656 -1933693.311581  -305134.168763
          623.218750  -219085.905392 -1933692.978290  -305134.176058
          623.312500  -219086.354129 -1933692.645000  -305134.183353
          623.406250  -219086.802865 -1933692.120657  -305134.029407
          623.500000  -219087.251602 -1933691.787366  -305134.036702
          623.625000  -219087.700338 -1933691.263023  -305133.882757
          623.718750  -219088.149075 -1933690.929733  -305133.890052
          623.812500  -219088.597811 -1933690.596442  -305133.897347
          623.906250  -219089.046548 -1933690.263152  -305133.904641
          624.000000  -219089.495284 -1933689.738809  -305133.750696
          624.125000  -219089.944021 -1933689.405518  -305133.757991
          624.218750  -219090.392757 -1933689.072228  -305133.765286
          624.312500  -219090.841494 -1933688.738938  -305133.772581
          624.406250  -219091.510765 -1933688.504013  -305133.275704
          624.500000  -219091.738967 -1933687.881304  -305133.625930
          624.625000  -219092.408238 -1933687.837433  -305133.290294
          624.718750  -219093.081342 -1933687.433024  -305133.381857
          624.812500  -219093.530079 -1933686.908680  -305133.227911
          624.906250  -219093.754447 -1933686.646509  -305133.150938
          625.000000  -219094.203184 -1933686.313218  -305133.158233
          625.125000  -219094.651920 -1933685.979928  -305133.165528
          625.218750  -219095.321191 -1933685.936056  -305132.829892
          625.312500  -219095.769928 -1933685.411713  -305132.675946
          625.406250  -219096.218664 -1933685.078423  -305132.683241
          625.500000  -219096.667401 -1933684.745132  -305132.690536
          625.625000  -219097.116137 -1933684.411842  -305132.697831
          625.718750  -219097.785409 -1933684.367971  -305132.362196
          625.812500  -219098.009777 -1933683.914745  -305132.123982
          625.906250  -219098.458513 -1933683.581455  -305132.131277
          626.000000  -219098.907250 -1933683.248165  -305132.138572
          626.125000  -219099.355986 -1933682.914875  -305132.145867
          626.218750  -219099.800889 -1933682.942121  -305131.725963
          626.312500  -219100.473994 -1933682.537713  -305131.817526
          626.406250  -219100.922731 -1933682.204423  -305131.824821
          626.500000  -219101.147099 -1933681.942251  -305131.747848
          626.625000  -219101.820204 -1933681.537842  -305131.839411
          626.718750  -219102.489475 -1933681.493970  -305131.503775
          626.812500  -219102.938211 -1933681.160680  -305131.511070
          626.906250  -219103.383114 -1933681.187927  -305131.091167
          627.000000  -219103.831851 -1933680.854637  -305131.098462
          627.125000  -219104.280587 -1933680.330293  -305130.944516
          627.218750  -219104.729324 -1933679.997003  -305130.951811
          627.312500  -219105.398595 -1933679.953131  -305130.616175
          627.406250  -219105.847331 -1933679.619841  -305130.623470
          627.500000  -219106.296068 -1933679.286551  -305130.630765
          627.625000  -219106.740971 -1933679.313797  -305130.210861
          627.718750  -219107.189707 -1933678.980507  -305130.218156
          627.812500  -219107.638444 -1933678.647217  -305130.225451
          627.906250  -219108.307715 -1933678.412292  -305129.728575
          628.000000  -219108.756452 -1933678.079002  -305129.735870
          628.125000  -219109.201355 -1933678.106248  -305129.315966
          628.218750  -219109.650091 -1933677.772958  -305129.323261
          628.312500  -219110.098828 -1933677.439668  -305129.330556
          628.406250  -219110.768099 -1933677.395796  -305128.994920
          628.500000  -219111.216835 -1933677.062506  -305129.002215
          628.625000  -219111.661738 -1933677.089753  -305128.582312
          628.718750  -219112.110475 -1933676.565409  -305128.428366
          628.812500  -219112.779746 -1933676.521537  -305128.092730
          628.906250  -219113.004114 -1933676.259365  -305128.015757
          629.000000  -219113.452851 -1933675.926075  -305128.023052
          629.125000  -219114.122122 -1933675.882203  -305127.687417
          629.218750  -219114.346490 -1933675.620032  -305127.610444
          629.312500  -219114.795227 -1933675.095688  -305127.456498
          629.406250  -219115.464498 -1933675.051816  -305127.120862
          629.500000  -219115.913234 -1933674.718526  -305127.128157
          629.625000  -219116.361971 -1933674.385236  -305127.135452
          629.718750  -219116.806874 -1933674.412482  -305126.715549
          629.812500  -219117.255610 -1933674.079192  -305126.722844
          629.906250  -219117.479978 -1933673.817020  -305126.645871
          630.000000  -219118.153083 -1933673.412612  -305126.737433
          630.125000  -219118.597986 -1933673.439858  -305126.317530
          630.218750  -219119.046723 -1933673.106568  -305126.324825
          630.312500  -219119.715994 -1933673.062696  -305125.989189
          630.406250  -219119.940362 -1933672.609471  -305125.750976
          630.500000  -219120.389099 -1933672.276181  -305125.758271
          630.625000  -219121.058370 -1933672.232309  -305125.422635
          630.718750  -219121.507106 -1933671.899019  -305125.429930
          630.812500  -219121.952009 -1933671.926266  -305125.010026
          630.906250  -219122.400746 -1933671.592976  -305125.017321
          631.000000  -219123.070017 -1933671.549104  -305124.681685
          631.125000  -219123.294385 -1933671.286932  -305124.604713
          631.218750  -219123.743122 -1933670.953642  -305124.612007
          631.312500  -219124.412393 -1933670.909770  -305124.276372
          631.406250  -219124.861129 -1933670.576480  -305124.283667
          631.500000  -219125.530401 -1933670.532608  -305123.948031
          631.625000  -219125.754769 -1933670.079383  -305123.709817
          631.718750  -219126.424040 -1933670.035511  -305123.374182
          631.812500  -219126.872777 -1933669.702221  -305123.381477
          631.906250  -219127.542048 -1933669.658349  -305123.045841
          632.000000  -219127.990784 -1933669.325059  -305123.053136
          632.125000  -219128.435687 -1933669.352305  -305122.633232
          632.218750  -219128.884424 -1933669.210069  -305122.801768
          632.312500  -219129.553695 -1933669.166197  -305122.466132
          632.406250  -219130.002431 -1933668.832907  -305122.473427
          632.500000  -219130.671703 -1933668.980089  -305122.299032
          632.625000  -219130.896071 -1933668.717917  -305122.222059
          632.718750  -219131.789710 -1933668.793980  -305122.131932
          632.812500  -219132.014079 -1933668.531808  -305122.054959
          632.906250  -219132.683350 -1933668.487936  -305121.719324
          633.000000  -219133.132086 -1933668.345700  -305121.887859
          633.125000  -219133.801357 -1933668.301828  -305121.552224
          633.218750  -219134.250094 -1933668.159591  -305121.720759
          633.312500  -219134.919365 -1933668.115719  -305121.385124
          633.406250  -219135.368102 -1933667.973483  -305121.553659
          633.500000  -219136.037373 -1933668.120664  -305121.379264
          633.625000  -219136.486109 -1933667.787374  -305121.386559
          633.718750  -219136.931012 -1933668.005674  -305121.127896
          633.812500  -219137.604117 -1933667.792319  -305121.380700
          633.906250  -219138.049020 -1933667.819566  -305120.960796
          634.000000  -219138.722125 -1933667.606211  -305121.213600
          634.125000  -219139.170861 -1933667.463974  -305121.382136
          634.218750  -219139.840132 -1933667.611156  -305121.207741
          634.312500  -219140.288869 -1933667.277866  -305121.215036
          634.406250  -219140.958140 -1933667.425047  -305121.040641
          634.500000  -219141.406877 -1933667.282811  -305121.209176
          634.625000  -219141.855613 -1933667.140574  -305121.377712
          634.718750  -219142.524884 -1933667.287756  -305121.203317
          634.812500  -219142.749253 -1933667.025584  -305121.126344
          634.906250  -219143.422357 -1933666.812229  -305121.379148
          635.000000  -219144.091629 -1933666.959410  -305121.204753
          635.125000  -219144.540365 -1933666.817174  -305121.373288
          635.218750  -219145.209636 -1933666.964355  -305121.198893
          635.312500  -219145.658373 -1933666.822119  -305121.367429
          635.406250  -219146.107109 -1933666.679882  -305121.535965
          635.500000  -219146.555846 -1933666.537645  -305121.704500
          635.625000  -219147.225117 -1933666.684827  -305121.530105
          635.718750  -219147.673853 -1933666.542590  -305121.698641
          635.812500  -219148.343125 -1933666.689772  -305121.524246
          635.906250  -219148.791861 -1933666.547535  -305121.692782
          636.000000  -219149.240598 -1933666.405299  -305121.861317
          636.125000  -219149.909869 -1933666.552480  -305121.686922
          636.218750  -219150.358605 -1933666.410244  -305121.855458
          636.312500  -219150.807342 -1933666.459060  -305122.185235
          636.406250  -219151.476613 -1933666.606242  -305122.010840
          636.500000  -219151.925350 -1933666.464005  -305122.179375
          636.625000  -219152.374086 -1933666.321769  -305122.347911
          636.718750  -219153.043357 -1933666.468950  -305122.173516
          636.812500  -219153.492094 -1933666.326714  -305122.342052
          636.906250  -219154.161365 -1933666.473895  -305122.167657
          637.000000  -219154.610101 -1933666.522712  -305122.497433
          637.125000  -219155.058838 -1933666.380475  -305122.665969
          637.218750  -219155.728109 -1933666.527657  -305122.491574
          637.312500  -219156.176846 -1933666.385420  -305122.660109
          637.406250  -219156.625582 -1933666.434237  -305122.989886
          637.500000  -219157.294853 -1933666.581419  -305122.815491
          637.625000  -219157.743590 -1933666.439182  -305122.984027
          637.718750  -219157.964125 -1933666.919654  -305122.802337
          637.812500  -219158.412861 -1933666.777417  -305122.970872
          637.906250  -219159.082132 -1933667.115652  -305122.957718
          638.000000  -219159.530869 -1933666.973416  -305123.126254
          638.125000  -219159.975772 -1933667.382769  -305123.028832
          638.218750  -219160.200140 -1933667.502704  -305123.274340
          638.312500  -219160.873245 -1933667.480403  -305123.688384
          638.406250  -219161.318148 -1933667.889756  -305123.590962
          638.500000  -219161.766884 -1933667.938573  -305123.920739
          638.625000  -219161.987419 -1933668.419045  -305123.739049
          638.718750  -219162.436155 -1933668.467862  -305124.068825
          638.812500  -219163.105427 -1933668.806097  -305124.055671
          638.906250  -219163.329795 -1933669.117085  -305124.462420
          639.000000  -219163.550329 -1933669.597557  -305124.280730
          639.125000  -219163.999066 -1933669.837428  -305124.771748
          639.218750  -219164.219601 -1933670.317899  -305124.590058
          639.312500  -219164.443969 -1933670.437835  -305124.835566
          639.406250  -219167.604292 -1933667.639494  -305128.151308
          639.500000  -219167.828660 -1933667.950482  -305128.558058
          639.625000  -219168.049195 -1933668.430954  -305128.376368
          639.718750  -219168.497932 -1933668.479771  -305128.706144
          639.812500  -219168.265896 -1933669.463016  -305127.928720
          639.906250  -219168.486431 -1933670.134542  -305127.908271
          640.000000  -219168.482597 -1933670.686132  -305127.642313
          640.125000  -219168.927500 -1933671.095485  -305127.544891
          640.218750  -219169.148035 -1933671.575957  -305127.363201
          640.312500  -219169.148035 -1933671.958064  -305127.685683
          640.406250  -219169.368570 -1933672.438536  -305127.503993
          640.500000  -219169.589104 -1933672.919008  -305127.322303
          640.625000  -219169.809639 -1933673.590533  -305127.301854
          640.718750  -219170.254542 -1933673.999887  -305127.204431
          640.812500  -219170.931480 -1933673.617048  -305128.045674
          640.906250  -219170.927647 -1933674.168639  -305127.779716
          641.000000  -219171.596918 -1933674.506874  -305127.766562
          641.125000  -219171.821286 -1933674.626809  -305128.012071
          641.218750  -219172.266189 -1933675.036162  -305127.914649
          641.312500  -219172.939294 -1933675.013861  -305128.328693
          641.406250  -219173.388031 -1933675.062678  -305128.658469
          641.500000  -219173.832933 -1933675.472031  -305128.561047
          641.625000  -219174.281670 -1933675.520848  -305128.890824
          641.718750  -219174.954775 -1933675.307493  -305129.143627
          641.812500  -219175.399678 -1933675.716846  -305129.046205
          641.906250  -219175.848414 -1933675.765663  -305129.375981
          642.000000  -219176.297151 -1933675.814480  -305129.705758
          642.125000  -219176.970255 -1933675.601125  -305129.958561
          642.218750  -219177.867728 -1933675.507705  -305130.456873
          642.312500  -219178.537000 -1933675.845940  -305130.443719
          642.406250  -219178.757534 -1933676.326412  -305130.262029
          642.500000  -219179.430639 -1933676.304110  -305130.676074
          642.625000  -219180.103744 -1933676.090755  -305130.928877
          642.718750  -219180.776849 -1933676.068454  -305131.342921
          642.812500  -219181.225585 -1933676.117270  -305131.672698
          642.906250  -219181.670488 -1933676.335570  -305131.414035
          643.000000  -219182.339759 -1933676.673806  -305131.400881
          643.125000  -219182.784662 -1933677.083159  -305131.303459
          643.218750  -219183.457767 -1933676.869804  -305131.556262
          643.312500  -219183.902670 -1933677.279158  -305131.458840
          643.406250  -219184.571941 -1933677.426339  -305131.284445
          643.500000  -219185.020678 -1933677.475156  -305131.614221
          643.625000  -219185.689949 -1933677.622338  -305131.439826
          643.718750  -219186.583588 -1933677.889455  -305131.510940
          643.812500  -219187.028491 -1933678.107755  -305131.252277
          643.906250  -219187.697762 -1933678.254936  -305131.077882
          644.000000  -219188.142665 -1933678.664290  -305130.980460
          644.125000  -219188.587568 -1933678.882590  -305130.721797
          644.218750  -219189.032471 -1933679.291943  -305130.624375
          644.312500  -219189.701742 -1933679.439125  -305130.449980
          644.406250  -219190.595382 -1933679.706242  -305130.521094
          644.500000  -219191.040285 -1933679.924542  -305130.262431
          644.625000  -219191.260820 -1933680.405014  -305130.080741
          644.718750  -219191.926257 -1933680.912732  -305129.479148
          644.812500  -219192.371160 -1933681.322086  -305129.381726
          644.906250  -219192.591695 -1933681.802558  -305129.200036
          645.000000  -219190.773748 -1933684.725778  -305126.123943
          645.125000  -219191.218650 -1933685.135132  -305126.026521
          645.218750  -219191.887922 -1933685.282314  -305125.852126
          645.312500  -219192.553359 -1933685.981086  -305125.411773
          645.406250  -219192.773894 -1933686.461557  -305125.230083
          645.500000  -219193.214963 -1933687.040394  -305124.544222
          645.625000  -219193.659866 -1933687.449748  -305124.446800
          645.718750  -219193.880401 -1933687.930220  -305124.265110
          645.812500  -219194.545839 -1933688.437938  -305123.663516
          645.906250  -219194.766373 -1933688.918410  -305123.481826
          646.000000  -219195.435645 -1933689.256645  -305123.468672
          646.125000  -219195.880548 -1933689.474945  -305123.210009
          646.218750  -219196.325451 -1933689.884299  -305123.112587
          646.312500  -219196.770354 -1933690.293652  -305123.015165
          646.406250  -219197.215256 -1933690.703006  -305122.917743
          646.500000  -219197.660159 -1933690.921306  -305122.659080
          646.625000  -219198.325597 -1933691.620078  -305122.218727
          646.718750  -219198.994868 -1933691.767259  -305122.044332
          646.812500  -219199.439771 -1933692.176613  -305121.946910
          646.906250  -219200.109042 -1933692.514848  -305121.933756
          647.000000  -219200.553945 -1933692.733148  -305121.675093
          647.125000  -219200.998848 -1933693.142502  -305121.577671
          647.218750  -219201.668120 -1933693.480737  -305121.564517
          647.312500  -219202.113022 -1933693.699037  -305121.305854
          647.406250  -219202.557925 -1933694.108390  -305121.208432
          647.500000  -219203.227197 -1933694.446626  -305121.195278
          647.625000  -219204.573406 -1933694.019915  -305121.700885
          647.718750  -219204.117003 -1933695.074279  -305120.839193
          647.812500  -219204.786274 -1933695.412514  -305120.826039
          647.906250  -219205.231177 -1933695.630814  -305120.567376
          648.000000  -219205.900448 -1933695.969049  -305120.554222
          648.125000  -219206.345351 -1933696.378403  -305120.456800
          648.218750  -219207.010789 -1933697.077175  -305120.016447
          648.312500  -219207.455691 -1933697.486528  -305119.919025
          648.406250  -219209.030103 -1933696.628163  -305120.936098
          648.500000  -219209.699374 -1933696.966398  -305120.922944
          648.625000  -219210.148110 -1933697.015215  -305121.252720
          648.718750  -219210.817382 -1933697.162397  -305121.078325
          648.812500  -219211.486653 -1933697.500632  -305121.065171
          648.906250  -219212.155924 -1933697.838867  -305121.052017
          649.000000  -219212.825195 -1933698.177102  -305121.038863
          649.125000  -219213.273932 -1933698.225919  -305121.368639
          649.218750  -219213.943203 -1933698.564154  -305121.355485
          649.312500  -219214.836842 -1933699.022325  -305121.587839
          649.406250  -219215.285579 -1933699.071141  -305121.917615
          649.500000  -219216.179218 -1933699.338258  -305121.988729
          649.625000  -219216.852323 -1933699.315957  -305122.402773
          649.718750  -219217.521594 -1933699.654192  -305122.389619
          649.812500  -219218.194699 -1933699.822944  -305122.964904
          649.906250  -219218.863970 -1933700.161179  -305122.951750
          650.000000  -219219.312707 -1933700.209995  -305123.281526
          650.125000  -219220.206346 -1933700.668166  -305123.513881
          650.218750  -219220.875617 -1933701.006401  -305123.500726
          650.312500  -219221.324354 -1933701.055218  -305123.830503
          650.406250  -219222.217993 -1933701.513388  -305124.062857
          650.500000  -219222.887265 -1933701.851623  -305124.049703
          650.625000  -219223.336001 -1933701.900440  -305124.379479
          650.718750  -219224.005272 -1933702.429728  -305124.527566
          650.812500  -219224.898912 -1933702.696845  -305124.598679
          650.906250  -219225.568183 -1933703.226134  -305124.746766
          651.000000  -219226.016919 -1933703.274951  -305125.076542
          651.125000  -219226.686191 -1933703.804239  -305125.224629
          651.218750  -219227.579830 -1933704.071356  -305125.295742
          651.312500  -219228.249101 -1933704.409591  -305125.282588
          651.406250  -219228.697838 -1933704.649462  -305125.773605
          651.500000  -219229.591477 -1933704.916578  -305125.844719
          651.625000  -219230.260748 -1933705.445867  -305125.992805
          651.718750  -219230.930020 -1933705.784102  -305125.979651
          651.812500  -219231.378756 -1933706.023972  -305126.470668
          651.906250  -219232.272396 -1933706.291089  -305126.541782
          652.000000  -219232.941667 -1933706.629324  -305126.528627
          652.125000  -219233.158368 -1933707.661386  -305126.080980
          652.218750  -219233.831473 -1933707.639085  -305126.495024
          652.312500  -219234.500744 -1933708.168373  -305126.643110
          652.406250  -219234.945647 -1933708.577727  -305126.545688
          652.500000  -219235.839286 -1933709.035897  -305126.778043
          652.625000  -219236.284189 -1933709.445251  -305126.680621
          652.718750  -219236.953460 -1933709.974539  -305126.828707
          652.812500  -219237.622732 -1933710.312775  -305126.815553
          652.906250  -219238.292003 -1933710.842063  -305126.963639
          653.000000  -219238.961274 -1933711.180298  -305126.950485
          653.125000  -219239.854913 -1933711.638469  -305127.182839
          653.218750  -219240.756220 -1933711.184512  -305128.108350
          653.312500  -219241.425491 -1933711.522747  -305128.095196
          653.406250  -219242.094762 -1933711.860982  -305128.082041
          653.500000  -219242.764034 -1933712.390271  -305128.230128
          653.625000  -219243.653840 -1933713.017924  -305127.874043
          653.718750  -219243.870541 -1933713.858933  -305127.265155
          653.812500  -219245.216750 -1933713.623276  -305127.932002
          653.906250  -219245.886021 -1933713.961512  -305127.918848
          654.000000  -219246.555293 -1933714.490800  -305128.066935
          654.125000  -219247.224564 -1933714.829035  -305128.053780
          654.218750  -219248.114370 -1933715.456689  -305127.697696
          654.312500  -219248.331071 -1933716.297698  -305127.088807
          654.406250  -219248.775974 -1933716.707051  -305126.991385
          654.500000  -219249.445245 -1933717.045286  -305126.978231
          654.625000  -219250.110683 -1933717.744058  -305126.537878
          654.718750  -219250.779954 -1933718.082293  -305126.524724
          654.812500  -219251.449225 -1933718.420528  -305126.511570
          654.906250  -219252.571066 -1933718.255990  -305127.094149
          655.000000  -219252.783934 -1933719.457536  -305126.058063
          655.125000  -219253.453205 -1933719.795771  -305126.044908
          655.218750  -219254.118643 -1933720.494543  -305125.604556
          655.312500  -219254.787914 -1933720.832778  -305125.591401
          655.406250  -219255.232817 -1933721.242131  -305125.493979
          655.500000  -219255.902088 -1933721.580366  -305125.480825
          655.625000  -219256.791894 -1933722.208020  -305125.124740
          655.718750  -219257.236797 -1933722.617374  -305125.027318
          655.812500  -219257.902235 -1933723.316145  -305124.586965
          655.906250  -219258.571506 -1933723.463327  -305124.412570
          656.000000  -219259.016409 -1933723.872681  -305124.315148
          656.125000  -219259.685680 -1933724.210916  -305124.301994
          656.218750  -219260.351118 -1933724.909688  -305123.861641
          656.312500  -219260.796021 -1933725.319041  -305123.764219
          656.406250  -219261.465292 -1933725.657276  -305123.751065
          656.500000  -219262.130729 -1933726.164995  -305123.149471
          656.625000  -219262.800001 -1933726.503230  -305123.136317
          656.718750  -219263.244904 -1933726.912584  -305123.038895
          656.812500  -219263.910341 -1933727.611356  -305122.598542
          656.906250  -219264.579612 -1933727.949591  -305122.585388
          657.000000  -219265.024515 -1933728.167891  -305122.326725
          657.125000  -219265.914321 -1933728.795544  -305121.970640
          657.218750  -219266.359224 -1933729.204898  -305121.873218
          657.312500  -219266.804127 -1933729.614251  -305121.775796
          657.406250  -219267.473398 -1933729.761433  -305121.601401
          657.500000  -219268.138836 -1933730.460205  -305121.161049
          657.625000  -219268.808107 -1933730.798440  -305121.147894
          657.718750  -219269.253010 -1933731.207794  -305121.050472
          657.812500  -219269.697913 -1933731.426094  -305120.791809
          657.906250  -219270.363351 -1933732.124866  -305120.351457
          658.000000  -219271.032622 -1933732.463101  -305120.338302
          658.125000  -219271.477525 -1933732.872454  -305120.240880
          658.218750  -219271.690393 -1933734.074000  -305119.204793
          658.312500  -219272.359664 -1933734.221181  -305119.030398
          658.406250  -219273.028935 -1933734.559417  -305119.017244
          658.500000  -219273.473838 -1933734.968770  -305118.919822
          658.625000  -219274.139276 -1933735.476488  -305118.318229
          658.718750  -219274.812380 -1933735.454187  -305118.732273
          658.812500  -219275.253450 -1933736.224077  -305118.207652
          658.906250  -219275.698353 -1933736.633431  -305118.110230
          659.000000  -219276.367624 -1933736.780612  -305117.935835
          659.125000  -219277.713833 -1933736.544956  -305118.602683
          659.218750  -219278.383105 -1933736.692137  -305118.428288
          659.312500  -219278.828008 -1933737.101491  -305118.330866
          659.406250  -219279.493445 -1933737.800263  -305117.890513
          659.500000  -219279.938348 -1933738.209616  -305117.793091
          659.625000  -219280.607619 -1933738.356798  -305117.618696
          659.718750  -219281.276891 -1933738.695033  -305117.605542
          659.812500  -219281.942328 -1933739.393805  -305117.165189
          659.906250  -219282.611599 -1933739.732040  -305117.152035
          660.000000  -219283.280871 -1933740.070275  -305117.138881
          660.125000  -219283.725774 -1933740.288576  -305116.880218
          660.218750  -219284.170676 -1933740.888982  -305116.944036
          660.312500  -219284.615579 -1933741.298336  -305116.846614
          660.406250  -219285.281017 -1933741.997108  -305116.406262
          660.500000  -219285.729754 -1933742.045925  -305116.736038
          660.625000  -219286.399025 -1933742.575213  -305116.884125
          660.718750  -219286.847761 -1933742.624030  -305117.213901
          660.812500  -219287.517032 -1933743.153319  -305117.361987
          660.906250  -219288.186304 -1933743.491554  -305117.348833
          661.000000  -219288.635040 -1933743.731424  -305117.839850
          661.125000  -219289.083777 -1933747.028150  -305120.910719
          661.218750  -219289.528680 -1933747.055396  -305120.490816
          661.312500  -219289.068442 -1933745.795548  -305116.944555
          661.406250  -219290.426153 -1933747.917244  -305121.795331
          661.500000  -219290.871056 -1933749.090811  -305122.342872
          661.625000  -219291.095424 -1933747.873372  -305121.459696
          661.718750  -219291.764695 -1933748.593714  -305121.769023
          661.812500  -219291.540327 -1933749.429046  -305122.329718
          661.906250  -219292.205764 -1933748.026230  -305120.115717
          662.000000  -219292.209598 -1933748.429907  -305121.187879
          662.125000  -219292.878869 -1933749.341303  -305121.658447
          662.218750  -219292.878869 -1933750.105517  -305122.303409
          662.312500  -219293.103237 -1933750.607559  -305122.871399
          662.406250  -219293.323772 -1933748.222229  -305120.271099
          662.500000  -219293.110905 -1933753.516501  -305126.789370
          662.625000  -219293.335273 -1933754.782757  -305128.002323
          662.718750  -219293.110905 -1933755.427036  -305128.401778
          662.812500  -219293.335273 -1933755.738024  -305128.808527
          662.906250  -219293.114738 -1933755.830713  -305129.473939
          663.000000  -219293.563475 -1933756.070583  -305129.964956
          663.125000  -219295.814824 -1933753.300952  -305130.533346
          663.218750  -219295.362254 -1933754.567939  -305130.582575
          663.312500  -219296.039192 -1933753.994047  -305131.262577
          663.406250  -219296.043026 -1933754.015617  -305132.012257
          663.500000  -219296.940499 -1933753.540091  -305132.188088
          663.625000  -219297.393069 -1933753.228371  -305132.945063
          663.718750  -219297.617437 -1933753.539359  -305133.351812
          663.812500  -219297.393069 -1933753.992584  -305133.590026
          663.906250  -219297.393069 -1933754.565745  -305134.073748
          664.000000  -219297.617437 -1933754.685680  -305134.319256
          664.125000  -219297.841805 -1933754.805615  -305134.564765
          664.218750  -219299.818951 -1933757.367240  -305129.979029
          664.312500  -219300.039485 -1933757.656659  -305129.636099
          664.406250  -219300.484388 -1933757.874959  -305129.377436
          664.500000  -219299.374048 -1933756.384726  -305129.592729
          664.625000  -219299.157347 -1933757.072145  -305131.491543
          664.718750  -219299.157347 -1933758.027413  -305132.297747
          664.812500  -219298.712444 -1933757.618059  -305132.395169
          664.906250  -219298.932978 -1933757.907478  -305132.052238
          665.000000  -219299.377881 -1933758.698938  -305132.277298
          665.125000  -219299.822784 -1933759.490399  -305132.502357
          665.218750  -219299.826618 -1933765.243573  -305138.089259
          665.312500  -219299.822784 -1933765.986216  -305137.984542
          665.406250  -219299.377881 -1933766.341077  -305138.726927
          665.500000  -219298.932978 -1933766.695937  -305139.469312
          665.625000  -219298.047006 -1933766.471961  -305140.897558
          665.718750  -219297.602103 -1933766.635768  -305141.478703
          665.812500  -219296.495596 -1933773.191351  -305149.215787
          665.906250  -219295.605790 -1933775.238446  -305151.829242
          666.000000  -219295.362254 -1933759.535329  -305134.774834
          666.125000  -219294.917351 -1933760.272296  -305135.839701
          666.218750  -219294.027545 -1933760.982017  -305137.324471
          666.312500  -219293.578809 -1933762.270575  -305138.123379
          666.406250  -219292.909538 -1933762.505500  -305138.620256
          666.500000  -219292.240266 -1933762.549372  -305138.955892
          666.625000  -219291.570995 -1933762.593243  -305139.291527
          666.718750  -219291.122259 -1933763.117587  -305139.445473
          666.812500  -219290.452987 -1933763.543566  -305140.103590
          666.906250  -219290.004251 -1933764.450016  -305140.580017
          667.000000  -219289.779883 -1933764.712188  -305140.656990
          667.125000  -219289.106778 -1933765.307650  -305140.726668
          667.218750  -219288.437507 -1933765.733629  -305141.384785
          667.312500  -219287.988770 -1933766.257972  -305141.538731
          667.406250  -219287.319499 -1933766.492898  -305142.035608
          667.500000  -219286.429693 -1933766.438405  -305142.875415
          667.625000  -219285.760422 -1933766.673330  -305143.372291
          667.718750  -219285.091151 -1933766.717202  -305143.707927
          667.812500  -219285.741254 -1933768.093907  -305140.913817
          667.906250  -219285.071983 -1933767.946725  -305141.088212
          668.000000  -219284.623247 -1933767.897908  -305140.758436
          668.125000  -219283.950142 -1933767.920210  -305140.344392
          668.218750  -219283.501405 -1933767.871393  -305140.014615
          668.312500  -219283.060336 -1933766.910449  -305140.377995
          668.406250  -219282.391065 -1933766.763268  -305140.552390
          668.500000  -219272.043290 -1933780.009554  -305139.974068
          668.625000  -219271.815089 -1933780.250156  -305139.301361
          668.718750  -219279.017874 -1933770.652704  -305140.207623
          668.812500  -219278.572971 -1933770.625458  -305140.627527
          668.906250  -219277.683165 -1933770.570965  -305141.467334
          669.000000  -219275.048249 -1933767.544761  -305148.154023
          669.125000  -219273.713540 -1933767.271968  -305149.252493
          669.218750  -219273.040436 -1933767.676377  -305149.160930
          669.312500  -219272.591699 -1933767.818613  -305148.992395
          669.406250  -219272.135296 -1933768.490870  -305147.808221
          669.500000  -219271.907094 -1933768.922525  -305147.296755
          669.625000  -219271.233989 -1933769.135880  -305147.043951
          669.718750  -219271.005787 -1933769.376482  -305146.371244
          669.812500  -219270.332682 -1933769.589837  -305146.118441
          669.906250  -219270.104481 -1933770.021492  -305145.606975
          670.000000  -219269.651911 -1933770.333212  -305144.850000
          670.125000  -219269.203174 -1933770.475449  -305144.681464
          670.218750  -219268.750604 -1933770.978222  -305144.085730
          670.312500  -219268.301868 -1933771.120459  -305143.917194
          670.406250  -219267.849297 -1933771.623232  -305143.321460
          670.500000  -219267.400561 -1933771.765469  -305143.152924
          670.625000  -219266.947991 -1933772.268243  -305142.557190
          670.718750  -219266.499254 -1933772.410479  -305142.388654
          670.812500  -219265.826150 -1933772.623834  -305142.135851
          670.906250  -219265.377413 -1933772.766071  -305141.967315
          671.000000  -219264.704308 -1933772.979426  -305141.714512
          671.125000  -219264.255572 -1933773.312716  -305141.707217
          671.218750  -219263.361933 -1933773.427706  -305141.958585
          671.312500  -219262.692661 -1933773.280525  -305142.132980
          671.406250  -219262.019557 -1933773.684933  -305142.041417
          671.500000  -219261.125917 -1933773.799923  -305142.292785
          671.625000  -219260.456646 -1933773.652742  -305142.467180
          671.718750  -219259.783541 -1933774.057150  -305142.375617
          671.812500  -219259.110436 -1933774.270505  -305142.122813
          671.906250  -219258.437332 -1933774.674914  -305142.031251
          672.000000  -219257.768060 -1933774.527732  -305142.205646
          672.125000  -219256.874421 -1933774.642722  -305142.457013
          672.218750  -219256.201316 -1933774.856077  -305142.204210
          672.312500  -219256.452519 -1933772.452255  -305145.440108
          672.406250  -219255.566547 -1933771.846172  -305146.545873
          672.500000  -219254.901109 -1933771.338453  -305147.147466
          672.625000  -219254.011303 -1933770.901853  -305147.664792
          672.718750  -219253.345866 -1933770.585188  -305148.427626
          672.812500  -219252.676595 -1933770.438006  -305148.602021
          672.906250  -219252.007323 -1933770.290825  -305148.776416
          673.000000  -219251.334219 -1933770.695233  -305148.684853
          673.125000  -219250.440579 -1933770.619170  -305148.774980
          673.218750  -219249.767474 -1933771.023578  -305148.683418
          673.312500  -219249.094370 -1933771.427987  -305148.591855
          673.406250  -219248.200730 -1933771.542977  -305148.843223
          673.500000  -219247.527625 -1933771.947386  -305148.751660
          673.625000  -219245.740347 -1933772.177366  -305149.254396
          673.718750  -219245.717345 -1933774.149533  -305146.529964
          673.812500  -219248.344594 -1933777.323649  -305138.505156
          673.906250  -219247.895857 -1933777.656940  -305138.497861
          674.000000  -219247.222753 -1933778.061348  -305138.406298
          674.125000  -219247.431787 -1933779.050270  -305136.459290
          674.218750  -219245.656009 -1933778.771800  -305138.727344
          674.312500  -219245.865043 -1933779.760722  -305136.780336
          674.406250  -219245.195771 -1933779.995647  -305137.277213
          674.500000  -219244.963736 -1933780.787839  -305136.338548
          674.625000  -219243.412326 -1933780.247198  -305138.529628
          674.718750  -219243.396992 -1933781.498291  -305136.659594
          674.812500  -219242.727721 -1933781.542163  -305136.995229
          674.906250  -219241.176311 -1933781.192575  -305139.347550
          675.000000  -219236.765617 -1933778.461062  -305148.786015
          675.125000  -219236.088678 -1933779.034954  -305148.106013
          675.218750  -219235.856643 -1933779.827146  -305147.167348
          675.312500  -219235.404073 -1933780.329920  -305146.571614
          675.406250  -219234.951503 -1933780.832693  -305145.975880
          675.500000  -219234.498933 -1933781.335466  -305145.380146
          675.625000  -219234.270731 -1933781.767122  -305144.868680
          675.718750  -219233.593793 -1933782.532067  -305144.349918
          675.812500  -219232.920688 -1933782.745422  -305144.097115
          675.906250  -219232.468118 -1933783.248195  -305143.501381
          676.000000  -219231.795013 -1933783.652604  -305143.409818
          676.125000  -219231.121908 -1933783.674905  -305142.995774
          676.218750  -219230.673172 -1933783.817142  -305142.827238
          676.312500  -219229.775699 -1933784.292669  -305142.651407
          676.406250  -219229.326962 -1933784.243852  -305142.321631
          676.500000  -219228.878226 -1933784.195036  -305141.991854
          676.625000  -219228.205121 -1933784.408391  -305141.739051
          676.718750  -219227.756385 -1933784.359574  -305141.409275
          676.812500  -219227.307648 -1933784.310757  -305141.079498
          676.906250  -219226.634543 -1933784.524112  -305140.826695
          677.000000  -219225.737070 -1933784.999639  -305140.650864
          677.125000  -219224.843431 -1933785.114629  -305140.902232
          677.218750  -219224.170326 -1933785.327984  -305140.649428
          677.312500  -219223.721590 -1933785.470221  -305140.480893
          677.406250  -219223.276687 -1933784.869814  -305140.417074
          677.500000  -219222.603582 -1933785.274222  -305140.325511
          677.625000  -219221.930477 -1933785.487578  -305140.072708
          677.718750  -219221.481741 -1933785.820868  -305140.065413
          677.812500  -219220.588101 -1933785.744804  -305140.155540
          677.906250  -219220.139365 -1933786.078095  -305140.148245
          678.000000  -219219.473927 -1933785.570376  -305140.749838
          678.125000  -219218.576454 -1933786.236956  -305140.735249
          678.218750  -219218.348252 -1933786.477558  -305140.062541
          678.312500  -219217.678981 -1933786.521430  -305140.398177
          678.406250  -219216.785342 -1933786.636420  -305140.649545
          678.500000  -219216.336605 -1933786.587603  -305140.319769
          678.625000  -219216.336605 -1933786.205496  -305139.997287
          678.718750  -219215.439132 -1933786.872077  -305139.982697
          678.812500  -219214.766028 -1933787.085432  -305139.729894
          678.906250  -219214.317291 -1933787.418722  -305139.722599
          679.000000  -219213.423652 -1933787.342658  -305139.812726
          679.125000  -219212.750547 -1933787.556014  -305139.559922
          679.218750  -219212.526179 -1933787.436078  -305139.314414
          679.312500  -219211.628706 -1933787.911605  -305139.138583
          679.406250  -219210.947934 -1933788.846034  -305138.031383
          679.500000  -219210.050461 -1933789.130507  -305137.694311
          679.625000  -219209.597891 -1933789.824334  -305137.259818
          679.718750  -219208.704251 -1933789.748271  -305137.349945
          679.812500  -219208.251681 -1933790.251044  -305136.754211
          679.906250  -219207.358042 -1933790.366034  -305137.005579
          680.000000  -219206.684937 -1933790.579390  -305136.752775
          680.125000  -219205.791298 -1933790.694380  -305137.004143
          680.218750  -219205.342561 -1933790.836616  -305136.835607
          680.312500  -219204.889991 -1933791.339390  -305136.239873
          680.406250  -219206.433734 -1933792.027944  -305132.710674
          680.500000  -219204.874657 -1933792.017323  -305133.886116
          680.625000  -219203.981017 -1933792.323367  -305134.298725
          680.718750  -219203.087378 -1933792.629410  -305134.711334
          680.812500  -219202.414273 -1933793.033819  -305134.619771
          680.906250  -219201.520634 -1933793.339862  -305135.032379
          681.000000  -219200.847529 -1933793.935324  -305135.102057
          681.125000  -219200.178258 -1933794.170249  -305135.598934
          681.218750  -219199.957723 -1933793.880831  -305135.941864
          681.312500  -219199.288452 -1933793.924703  -305136.277500
          681.406250  -219198.615347 -1933794.520165  -305136.347178
          681.500000  -219197.717874 -1933795.377799  -305136.493829
          681.625000  -219197.044769 -1933795.782207  -305136.402266
          681.718750  -219196.151130 -1933796.088251  -305136.814875
          681.812500  -219195.702393 -1933796.421541  -305136.807580
          681.906250  -219194.801087 -1933797.448658  -305136.365791
          682.000000  -219194.356184 -1933797.421411  -305136.785695
          682.125000  -219193.462545 -1933797.727455  -305137.198304
          682.218750  -219192.789440 -1933798.131864  -305137.106741
          682.312500  -219192.120169 -1933798.366789  -305137.603617
          682.406250  -219191.671432 -1933798.700079  -305137.596322
          682.500000  -219191.447064 -1933798.771197  -305137.512054
          682.625000  -219190.549591 -1933799.819885  -305137.819946
          682.718750  -219189.876486 -1933800.224293  -305137.728383
          682.812500  -219189.427750 -1933800.748637  -305137.882329
          682.906250  -219188.754645 -1933801.153045  -305137.790766
          683.000000  -219188.305908 -1933801.868442  -305138.105953
          683.125000  -219187.632804 -1933802.272851  -305138.014390
          683.218750  -219187.184067 -1933802.797195  -305138.168336
          683.312500  -219186.290428 -1933803.294292  -305138.742185
          683.406250  -219185.841691 -1933803.818635  -305138.896131
          683.500000  -219185.168586 -1933804.223044  -305138.804568
          683.625000  -219184.495482 -1933804.818506  -305138.874246
          683.718750  -219183.822377 -1933805.413968  -305138.943924
          683.812500  -219183.153106 -1933805.839946  -305139.602041
          683.906250  -219182.480001 -1933806.435408  -305139.671719
          684.000000  -219181.806896 -1933806.839817  -305139.580156
          684.125000  -219181.358160 -1933807.364161  -305139.734102
          684.218750  -219180.685055 -1933808.150676  -305139.965021
          684.312500  -219179.791416 -1933808.456720  -305140.377629
          684.406250  -219179.342679 -1933808.981063  -305140.531575
          684.500000  -219178.669574 -1933809.576525  -305140.601253
          684.625000  -219177.996470 -1933809.980934  -305140.509690
          684.718750  -219177.323365 -1933810.576396  -305140.579368
          684.812500  -219176.654094 -1933810.811321  -305141.076245
          684.906250  -219175.980989 -1933811.406783  -305141.145923
          685.000000  -219175.307884 -1933812.002245  -305141.215601
          685.125000  -219174.634779 -1933812.597707  -305141.285279
          685.218750  -219174.186043 -1933813.122051  -305141.439224
          685.312500  -219173.512938 -1933813.717513  -305141.508902
          685.406250  -219172.843667 -1933813.952438  -305142.005779
          685.500000  -219172.170562 -1933814.547900  -305142.075457
          685.625000  -219171.497457 -1933815.143362  -305142.145135
          685.718750  -219170.824353 -1933815.738824  -305142.214813
          685.812500  -219170.375616 -1933816.263167  -305142.368758
          685.906250  -219169.702511 -1933816.858629  -305142.438436
          686.000000  -219168.808872 -1933817.164673  -305142.851045
          686.125000  -219168.360135 -1933817.689017  -305143.004991
          686.218750  -219167.687031 -1933818.284479  -305143.074669
          686.312500  -219167.017759 -1933818.519404  -305143.571545
          686.406250  -219166.344655 -1933819.305919  -305143.802464
          686.500000  -219165.451015 -1933819.611963  -305144.215072
          686.625000  -219165.002279 -1933820.136307  -305144.369018
          686.718750  -219164.333008 -1933820.562285  -305145.027135
          686.812500  -219163.439368 -1933820.868329  -305145.439744
          686.906250  -219162.990632 -1933821.392673  -305145.593690
          687.000000  -219162.321360 -1933821.818651  -305146.251807
          687.125000  -219161.427721 -1933822.124695  -305146.664415
          687.218750  -219160.978984 -1933822.840092  -305146.979602
          687.312500  -219160.309713 -1933823.075017  -305147.476478
          687.406250  -219159.636609 -1933823.670479  -305147.546156
          687.500000  -219158.967337 -1933824.096458  -305148.204273
          687.625000  -219158.298066 -1933824.331383  -305148.701150
          687.718750  -219157.624961 -1933824.926845  -305148.770828
          687.812500  -219156.955690 -1933825.352824  -305149.428945
          687.906250  -219156.282585 -1933825.948286  -305149.498623
          688.000000  -219155.613314 -1933826.183211  -305149.995499
          688.125000  -219155.164578 -1933826.898608  -305150.310686
          688.218750  -219154.270938 -1933827.204652  -305150.723294
          688.312500  -219153.597834 -1933827.800114  -305150.792972
          688.406250  -219152.928562 -1933828.035039  -305151.289849
          688.500000  -219152.479826 -1933828.559383  -305151.443795
          688.625000  -219151.806721 -1933829.154845  -305151.513473
          688.718750  -219150.913082 -1933829.460888  -305151.926081
          688.812500  -219150.464345 -1933829.985232  -305152.080027
          688.906250  -219149.791240 -1933830.580694  -305152.149705
          689.000000  -219148.897601 -1933830.886737  -305152.562314
          689.125000  -219148.224496 -1933831.291146  -305152.470751
          689.218750  -219147.551391 -1933831.886608  -305152.540429
          689.312500  -219146.882120 -1933831.930480  -305152.876064
          689.406250  -219145.984647 -1933832.406007  -305152.700234
          689.500000  -219145.311543 -1933832.810415  -305152.608671
          689.625000  -219144.638438 -1933833.214824  -305152.517108
          689.718750  -219143.744798 -1933833.329814  -305152.768476
          689.812500  -219143.071694 -1933833.543169  -305152.515673
          689.906250  -219142.178054 -1933833.658159  -305152.767040
          690.000000  -219141.729318 -1933833.800396  -305152.598505
          690.125000  -219140.835678 -1933833.724332  -305152.688632
          690.218750  -219140.162573 -1933833.937687  -305152.435828
          690.312500  -219139.493302 -1933833.599452  -305152.448983
          690.406250  -219138.820197 -1933833.812807  -305152.196179
          690.500000  -219138.150926 -1933833.665625  -305152.370574
          690.625000  -219137.481655 -1933833.327390  -305152.383728
          690.718750  -219136.812384 -1933832.989155  -305152.396883
          690.812500  -219136.363647 -1933832.940338  -305152.067106
          690.906250  -219135.694376 -1933832.602103  -305152.080260
          691.000000  -219135.025105 -1933832.263868  -305152.093415
          691.125000  -219134.800737 -1933831.952879  -305151.686665
          691.218750  -219134.131466 -1933831.614644  -305151.699820
          691.312500  -219130.169508 -1933827.976681  -305160.661857
          691.406250  -219129.504070 -1933827.468963  -305161.263451
          691.500000  -219126.857654 -1933825.142263  -305166.346063
          691.625000  -219134.328999 -1933831.583588  -305146.697568
          691.718750  -219132.123652 -1933829.835725  -305151.094319
          691.812500  -219128.157861 -1933826.367245  -305159.467918
          691.906250  -219129.252867 -1933827.389090  -305155.931423
          692.000000  -219129.906804 -1933827.832098  -305153.080790
          692.125000  -219130.344040 -1933827.816204  -305151.161526
          692.218750  -219132.089150 -1933830.214754  -305144.830922
          692.312500  -219131.207011 -1933829.248134  -305146.363885
          692.406250  -219129.005498 -1933826.757627  -305150.865353
          692.500000  -219129.876136 -1933827.850590  -305147.244591
          692.625000  -219128.986330 -1933827.413990  -305147.761916
          692.718750  -219128.541427 -1933827.004636  -305147.859339
          692.812500  -219127.872156 -1933826.666401  -305147.872493
          692.906250  -219127.202885 -1933826.137112  -305147.724406
          693.000000  -219126.978516 -1933825.826124  -305147.317657
          693.125000  -219126.754148 -1933825.515135  -305146.910908
          693.218750  -219126.309245 -1933825.105782  -305147.008330
          693.312500  -219125.639974 -1933824.576493  -305146.860243
          693.406250  -219125.415606 -1933824.265505  -305146.453494
          693.500000  -219125.187404 -1933824.315053  -305145.619546
          693.625000  -219124.963036 -1933824.004064  -305145.212797
          693.718750  -219124.514299 -1933823.573140  -305144.560539
          693.812500  -219124.289931 -1933823.262152  -305144.153790
          693.906250  -219123.841194 -1933823.022282  -305143.662773
          694.000000  -219123.616826 -1933822.520240  -305143.094783
          694.125000  -219123.168090 -1933822.280369  -305142.603765
          694.218750  -219122.947555 -1933821.608844  -305142.624215
          694.312500  -219122.494985 -1933821.729511  -305141.705999
          694.406250  -219122.050082 -1933820.938050  -305141.480940
          694.500000  -219121.821880 -1933820.987598  -305140.646992
          694.625000  -219120.057603 -1933819.054358  -305143.712919
          694.718750  -219119.167797 -1933818.617758  -305144.230244
          694.812500  -219119.160130 -1933818.956724  -305143.053366
          694.906250  -219118.270324 -1933818.329071  -305143.409451
          695.000000  -219117.380518 -1933817.892471  -305143.926776
          695.125000  -219116.490712 -1933817.455871  -305144.444102
          695.218750  -219115.600906 -1933816.828217  -305144.800187
          695.312500  -219115.156003 -1933816.609917  -305145.058850
          695.406250  -219114.707267 -1933816.370047  -305144.567832
          695.500000  -219113.593092 -1933816.004565  -305145.000890
          695.625000  -219112.923821 -1933815.857383  -305145.175285
          695.718750  -219112.258383 -1933815.158611  -305145.615638
          695.812500  -219111.589112 -1933814.820376  -305145.628792
          695.906250  -219110.695473 -1933814.744313  -305145.718919
          696.000000  -219110.246736 -1933814.695496  -305145.389143
          696.125000  -219109.577465 -1933814.357261  -305145.402297
          696.218750  -219108.908194 -1933814.019026  -305145.415451
          696.312500  -219108.238923 -1933813.680791  -305145.428606
          696.406250  -219107.790186 -1933813.631974  -305145.098829
          696.500000  -219106.896547 -1933813.173804  -305144.866475
          696.625000  -219106.447810 -1933813.124987  -305144.536699
          696.718750  -219105.778539 -1933812.786752  -305144.549853
          696.812500  -219105.329803 -1933812.737935  -305144.220076
          696.906250  -219104.436163 -1933812.470818  -305144.148963
          697.000000  -219103.766892 -1933812.132583  -305144.162117
          697.125000  -219103.318155 -1933812.083766  -305143.832341
          697.218750  -219102.648884 -1933811.745531  -305143.845495
          697.312500  -219102.420682 -1933811.604026  -305142.850306
          697.406250  -219101.751411 -1933811.456844  -305143.024701
          697.500000  -219100.857772 -1933810.998674  -305142.792347
          697.625000  -219100.409035 -1933810.949857  -305142.462571
          697.718750  -219099.739764 -1933810.611622  -305142.475725
          697.812500  -219098.846125 -1933810.344505  -305142.404611
          697.906250  -219098.176853 -1933810.006270  -305142.417765
          698.000000  -219097.507582 -1933809.668035  -305142.430920
          698.125000  -219096.613943 -1933809.400918  -305142.359806
          698.218750  -219096.165206 -1933809.352101  -305142.030030
          698.312500  -219095.495935 -1933809.013866  -305142.043184
          698.406250  -219094.602296 -1933808.746749  -305141.972070
          698.500000  -219093.933024 -1933808.408514  -305141.985225
          698.625000  -219093.039385 -1933807.950344  -305141.752870
          698.718750  -219092.370114 -1933807.803162  -305141.927265
          698.812500  -219091.700843 -1933807.273873  -305141.779179
          698.906250  -219090.807203 -1933807.006757  -305141.708065
          699.000000  -219090.137932 -1933806.668522  -305141.721219
          699.125000  -219089.468661 -1933806.330286  -305141.734374
          699.218750  -219088.795556 -1933806.352588  -305141.320329
          699.312500  -219088.126285 -1933806.014353  -305141.333484
          699.406250  -219087.232645 -1933805.747236  -305141.262370
          699.500000  -219086.563374 -1933805.409001  -305141.275524
          699.625000  -219085.669735 -1933805.141884  -305141.204411
          699.718750  -219084.779929 -1933804.705284  -305141.721736
          699.812500  -219084.331192 -1933804.656467  -305141.391960
          699.906250  -219083.437553 -1933804.389350  -305141.320846
          700.000000  -219082.768282 -1933804.051115  -305141.334001
          700.125000  -219081.874642 -1933803.783998  -305141.262887
          700.218750  -219081.205371 -1933803.445763  -305141.276041
          700.312500  -219080.311732 -1933803.178646  -305141.204928
          700.406250  -219079.418092 -1933802.911530  -305141.133814
          700.500000  -219078.748821 -1933802.573294  -305141.146968
          700.625000  -219077.855181 -1933802.306178  -305141.075855
          700.718750  -219076.961542 -1933802.039061  -305141.004741
          700.812500  -219076.292271 -1933801.700826  -305141.017895
          700.906250  -219075.398631 -1933801.433709  -305140.946782
          701.000000  -219074.504992 -1933801.166592  -305140.875668
          701.125000  -219073.835721 -1933800.828357  -305140.888822
          701.218750  -219072.942081 -1933800.561240  -305140.817709
          701.312500  -219072.272810 -1933800.223005  -305140.830863
          701.406250  -219071.379171 -1933799.764835  -305140.598509
          701.500000  -219070.709899 -1933799.235546  -305140.450422
          701.625000  -219070.040628 -1933798.897311  -305140.463577
          701.718750  -219069.371357 -1933798.368022  -305140.315490
          701.812500  -219068.702086 -1933797.838734  -305140.167404
          701.906250  -219068.032815 -1933797.309445  -305140.019317
          702.000000  -219067.587912 -1933796.709038  -305139.955498
          702.125000  -219067.143009 -1933796.108631  -305139.891680
          702.218750  -219066.694272 -1933795.868761  -305139.400663
          702.312500  -219066.249369 -1933795.268354  -305139.336844
          702.406250  -219065.804466 -1933794.667947  -305139.273025
          702.500000  -219065.580098 -1933794.165905  -305138.705035
          702.625000  -219065.135195 -1933793.565498  -305138.641217
          702.718750  -219064.690292 -1933792.965091  -305138.577398
          702.812500  -219064.465924 -1933792.654102  -305138.170649
          702.906250  -219064.245389 -1933791.791523  -305138.029857
          703.000000  -219063.800486 -1933791.191116  -305137.966039
          703.125000  -219063.576118 -1933790.880128  -305137.559289
          703.218750  -219063.131215 -1933790.088667  -305137.334230
          703.312500  -219062.686312 -1933789.488260  -305137.270411
          703.406250  -219062.686312 -1933789.106153  -305136.947930
          703.500000  -219062.241409 -1933788.505746  -305136.884111
          703.625000  -219061.796506 -1933787.714286  -305136.659052
          703.718750  -219061.572138 -1933787.403297  -305136.252302
          703.812500  -219061.127235 -1933786.802890  -305136.188484
          703.906250  -219060.682332 -1933786.202483  -305136.124665
          704.000000  -219060.682332 -1933785.820377  -305135.802184
          704.125000  -219060.237429 -1933785.219970  -305135.738365
          704.218750  -219059.792526 -1933784.619563  -305135.674546
          704.312500  -219059.347623 -1933784.019156  -305135.610728
          704.406250  -219059.123255 -1933783.708167  -305135.203978
          704.500000  -219058.678352 -1933783.107760  -305135.140160
          704.625000  -219058.233449 -1933782.507353  -305135.076341
          704.718750  -219057.788546 -1933781.906946  -305135.012523
          704.812500  -219057.788546 -1933781.524839  -305134.690041
          704.906250  -219057.343643 -1933780.924432  -305134.626222
          705.000000  -219057.119275 -1933780.422390  -305134.058232
          705.125000  -219056.674372 -1933779.821983  -305133.994414
          705.218750  -219056.229469 -1933779.412630  -305134.091836
          705.312500  -219056.008934 -1933778.741104  -305134.112285
          705.406250  -219055.784566 -1933778.239062  -305133.544295
          705.500000  -219055.339663 -1933777.829709  -305133.641717
          705.625000  -219054.894760 -1933777.038248  -305133.416658
          705.718750  -219054.894760 -1933776.656141  -305133.094176
          705.812500  -219054.449857 -1933776.055734  -305133.030358
          705.906250  -219054.229322 -1933775.384209  -305133.050807
          706.000000  -219054.004954 -1933775.073220  -305132.644058
          706.125000  -219053.784419 -1933774.401695  -305132.664507
          706.218750  -219053.784419 -1933773.828535  -305132.180785
          706.312500  -219053.339517 -1933773.228128  -305132.116966
          706.406250  -219053.339517 -1933772.846021  -305131.794484
          706.500000  -219053.118982 -1933772.174495  -305131.814934
          706.625000  -219052.674079 -1933771.383035  -305131.589874
          706.718750  -219052.898447 -1933770.929810  -305131.351661
          706.812500  -219052.453544 -1933770.329403  -305131.287842
          706.906250  -219052.233009 -1933769.657877  -305131.308291
          707.000000  -219052.012475 -1933768.986352  -305131.328740
          707.125000  -219051.791940 -1933768.314827  -305131.349190
          707.218750  -219051.791940 -1933767.741666  -305130.865467
          707.312500  -219051.571405 -1933767.261194  -305131.047157
          707.406250  -219051.350871 -1933766.398616  -305130.906366
          707.500000  -219051.350871 -1933766.016509  -305130.583884
          707.625000  -219051.799607 -1933765.301112  -305130.268698
          707.718750  -219051.799607 -1933764.919005  -305129.946216
          707.812500  -219051.579072 -1933764.247479  -305129.966665
          707.906250  -219051.803441 -1933763.794254  -305129.728452
          708.000000  -219051.803441 -1933763.221094  -305129.244730
          708.125000  -219051.807274 -1933762.478450  -305129.349447
          708.218750  -219051.807274 -1933761.905290  -305128.865725
          708.312500  -219051.811108 -1933761.162646  -305128.970442
          708.406250  -219051.811108 -1933760.780539  -305128.647960
          708.500000  -219052.039310 -1933759.966777  -305128.836945
          708.625000  -219052.259844 -1933759.874088  -305128.171533
          708.718750  -219052.484213 -1933759.229810  -305127.772078
          708.812500  -219052.488046 -1933758.487166  -305127.876796
          708.906250  -219051.187839 -1933755.160595  -305132.981293
          709.000000  -219051.195506 -1933754.248468  -305133.674449
          709.125000  -219051.419875 -1933753.986297  -305133.597476
          709.218750  -219051.864777 -1933753.631436  -305132.855091
          709.312500  -219051.868611 -1933752.888793  -305132.959808
          709.406250  -219052.317348 -1933752.364449  -305132.805862
          709.500000  -219052.762250 -1933752.200642  -305132.224718
          709.625000  -219053.207153 -1933752.036835  -305131.643574
          709.718750  -219053.655890 -1933751.512492  -305131.489628
          709.812500  -219054.100793 -1933751.348685  -305130.908484
          709.906250  -219054.541862 -1933751.545415  -305129.900141
          710.000000  -219055.211133 -1933751.119436  -305129.242024
          710.125000  -219055.656036 -1933751.146682  -305128.822120
          710.218750  -219056.325308 -1933750.911757  -305128.325244
          710.312500  -219056.770211 -1933750.747950  -305127.744099
          710.406250  -219057.880551 -1933750.900808  -305126.400121
          710.500000  -219058.545989 -1933751.026420  -305125.476046
          710.625000  -219058.994725 -1933750.693130  -305125.483341
          710.718750  -219059.663997 -1933750.649258  -305125.147705
          710.812500  -219060.112733 -1933750.315968  -305125.155000
          710.906250  -219060.561470 -1933750.173731  -305125.323536
          711.000000  -219061.010206 -1933749.840441  -305125.330831
          711.125000  -219061.679477 -1933749.796569  -305124.995195
          711.218750  -219062.128214 -1933749.654332  -305125.163731
          711.312500  -219062.797485 -1933749.610461  -305124.828095
          711.406250  -219063.246221 -1933749.468224  -305124.996631
          711.500000  -219063.694958 -1933749.134934  -305125.003926
          711.625000  -219064.364229 -1933749.282116  -305124.829531
          711.718750  -219064.812966 -1933748.948825  -305124.836826
          711.812500  -219065.265536 -1933748.446052  -305125.432560
          711.906250  -219065.714272 -1933748.303815  -305125.601095
          712.000000  -219065.942474 -1933747.872160  -305126.112562
          712.125000  -219066.615579 -1933747.658805  -305126.365365
          712.218750  -219067.064315 -1933747.325515  -305126.372660
          712.312500  -219067.513052 -1933747.183278  -305126.541196
          712.406250  -219068.186156 -1933746.969923  -305126.793999
          712.500000  -219068.414358 -1933746.538268  -305127.305466
          712.625000  -219069.307998 -1933746.614331  -305127.215339
          712.718750  -219069.536199 -1933745.991623  -305127.565564
          712.812500  -219070.429839 -1933746.067686  -305127.475437
          712.906250  -219070.878575 -1933745.734396  -305127.482732
          713.000000  -219071.551680 -1933745.521041  -305127.735536
          713.125000  -219072.445320 -1933745.406051  -305127.484168
          713.218750  -219072.894056 -1933745.263814  -305127.652703
          713.312500  -219073.787696 -1933745.148824  -305127.401336
          713.406250  -219074.681335 -1933745.033834  -305127.149968
          713.500000  -219075.354440 -1933744.820479  -305127.402771
          713.625000  -219076.023711 -1933744.776607  -305127.067135
          713.718750  -219076.917350 -1933744.661617  -305126.815768
          713.812500  -219077.590455 -1933744.448262  -305127.068571
          713.906250  -219078.484095 -1933744.524325  -305126.978444
          714.000000  -219079.377734 -1933744.409335  -305126.727076
          714.125000  -219080.271374 -1933744.485398  -305126.636949
          714.218750  -219081.165013 -1933744.370408  -305126.385581
          714.312500  -219082.058652 -1933744.446472  -305126.295454
          714.406250  -219082.952292 -1933744.331481  -305126.044086
          714.500000  -219084.070300 -1933744.145373  -305125.876986
          714.625000  -219084.739571 -1933744.101501  -305125.541350
          714.718750  -219085.637044 -1933743.817028  -305125.878422
          714.812500  -219086.530683 -1933743.702038  -305125.627054
          714.906250  -219087.648691 -1933743.706983  -305125.621195
          715.000000  -219088.542330 -1933743.591993  -305125.369827
          715.125000  -219089.215435 -1933743.378637  -305125.622630
          715.218750  -219090.333443 -1933743.192529  -305125.455530
          715.312500  -219091.451451 -1933743.006421  -305125.288430
          715.406250  -219092.345090 -1933743.082484  -305125.198303
          715.500000  -219093.463098 -1933742.896375  -305125.031203
          715.625000  -219094.356737 -1933742.781385  -305124.779835
          715.718750  -219095.474745 -1933742.786330  -305124.773976
          715.812500  -219096.372218 -1933742.310803  -305124.949806
          715.906250  -219097.490226 -1933742.315748  -305124.943947
          716.000000  -219098.387699 -1933742.031275  -305125.281018
          716.125000  -219099.505706 -1933741.845166  -305125.113918
          716.218750  -219100.403179 -1933741.560693  -305125.450990
          716.312500  -219101.521187 -1933741.565638  -305125.445131
          716.406250  -219102.418660 -1933741.090111  -305125.620961
          716.500000  -219103.536668 -1933740.904003  -305125.453861
          716.625000  -219104.434141 -1933740.619529  -305125.790932
          716.718750  -219105.552148 -1933740.624474  -305125.785073
          716.812500  -219106.449621 -1933740.148947  -305125.960904
          716.906250  -219107.567629 -1933740.153892  -305125.955044
          717.000000  -219108.685637 -1933739.967784  -305125.787944
          717.125000  -219109.583110 -1933739.492257  -305125.963775
          717.218750  -219110.701117 -1933739.497202  -305125.957916
          717.312500  -219111.819125 -1933739.311094  -305125.790816
          717.406250  -219112.716598 -1933739.026620  -305126.127887
          717.500000  -219113.834606 -1933738.840512  -305125.960787
          717.625000  -219114.952613 -1933738.654403  -305125.793687
          717.718750  -219116.070621 -1933738.468295  -305125.626587
          717.812500  -219116.968094 -1933737.992768  -305125.802418
          717.906250  -219118.086102 -1933737.997713  -305125.796558
          718.000000  -219118.983575 -1933737.522186  -305125.972389
          718.125000  -219120.101583 -1933737.336077  -305125.805289
          718.218750  -219120.999056 -1933736.669497  -305125.819879
          718.312500  -219121.892695 -1933736.554507  -305125.568511
          718.406250  -219122.790168 -1933736.078980  -305125.744342
          718.500000  -219123.683807 -1933735.772937  -305125.331733
          718.625000  -219124.581280 -1933735.106356  -305125.346323
          718.718750  -219125.254385 -1933734.701948  -305125.437886
          718.812500  -219126.148025 -1933734.395904  -305125.025277
          718.906250  -219126.821129 -1933733.800442  -305124.955599
          719.000000  -219127.494234 -1933733.013927  -305124.724680
          719.125000  -219128.167339 -1933732.418465  -305124.655003
          719.218750  -219129.060978 -1933732.112421  -305124.242394
          719.312500  -219129.734083 -1933731.516959  -305124.172716
          719.406250  -219130.407188 -1933730.921497  -305124.103038
          719.500000  -219131.080293 -1933730.326035  -305124.033360
          719.625000  -219131.753397 -1933729.539520  -305123.802441
          719.718750  -219132.647037 -1933729.233476  -305123.389833
          719.812500  -219133.320142 -1933728.446961  -305123.158914
          719.906250  -219133.993246 -1933727.851499  -305123.089236
          720.000000  -219134.441983 -1933727.327155  -305122.935290
          720.125000  -219135.115088 -1933726.540639  -305122.704372
          720.218750  -219135.788192 -1933725.754124  -305122.473453
          720.312500  -219136.236929 -1933725.229780  -305122.319507
          720.406250  -219136.910034 -1933724.443265  -305122.088589
          720.500000  -219137.358770 -1933723.727868  -305121.773402
          720.625000  -219137.807507 -1933723.012471  -305121.458216
          720.718750  -219138.256243 -1933722.488127  -305121.304270
          720.812500  -219138.704980 -1933721.772730  -305120.989083
          720.906250  -219139.157550 -1933720.696796  -305121.101095
          721.000000  -219139.606286 -1933719.981399  -305120.785909
          721.125000  -219140.055023 -1933719.457055  -305120.631963
          721.218750  -219140.503759 -1933718.741658  -305120.316776
          721.312500  -219140.952496 -1933718.026261  -305120.001590
          721.406250  -219141.401232 -1933717.310864  -305119.686403
          721.500000  -219141.849969 -1933716.595467  -305119.371217
          721.625000  -219142.523073 -1933716.000005  -305119.301539
          721.718750  -219142.751275 -1933714.995189  -305119.329283
          721.812500  -219143.200012 -1933714.279792  -305119.014097
          721.906250  -219143.420546 -1933713.996050  -305118.187444
          722.000000  -219143.869283 -1933713.280653  -305117.872257
          722.125000  -219144.318019 -1933712.565256  -305117.557071
          722.218750  -219144.770589 -1933711.489322  -305117.669083
          722.312500  -219145.219326 -1933710.773925  -305117.353896
          722.406250  -219145.668062 -1933710.058528  -305117.038710
          722.500000  -219146.341167 -1933709.272013  -305116.807791
          722.625000  -219146.789904 -1933708.747669  -305116.653845
          722.718750  -219147.238640 -1933708.032272  -305116.338659
          722.812500  -219147.911745 -1933707.245756  -305116.107740
          722.906250  -219148.139947 -1933706.240941  -305116.135484
          723.000000  -219148.813051 -1933705.454425  -305115.904565
          723.125000  -219149.486156 -1933704.667910  -305115.673647
          723.218750  -219149.714358 -1933703.663095  -305115.701391
          723.312500  -219150.387463 -1933702.876579  -305115.470472
          723.406250  -219150.836199 -1933702.161182  -305115.155286
          723.500000  -219151.284936 -1933701.445785  -305114.840099
          723.625000  -219151.958040 -1933700.659269  -305114.609181
          723.718750  -219152.631145 -1933699.872754  -305114.378262
          723.812500  -219153.079882 -1933699.157357  -305114.063075
          723.906250  -219153.528618 -1933698.441960  -305113.747889
          724.000000  -219153.981188 -1933697.366026  -305113.859901
          724.125000  -219154.654293 -1933696.579510  -305113.628982
          724.218750  -219155.327398 -1933695.792995  -305113.398063
          724.312500  -219155.776134 -1933695.077598  -305113.082877
          724.406250  -219156.449239 -1933694.291082  -305112.851958
          724.500000  -219156.897975 -1933693.575685  -305112.536772
          724.625000  -219157.350546 -1933692.308698  -305112.487543
          724.718750  -219158.023650 -1933691.522183  -305112.256624
          724.812500  -219158.472387 -1933690.806785  -305111.941438
          724.906250  -219159.145491 -1933690.020270  -305111.710519
          725.000000  -219159.594228 -1933689.304873  -305111.395333
          725.125000  -219160.267333 -1933688.518357  -305111.164414
          725.218750  -219160.716069 -1933687.802960  -305110.849227
          725.312500  -219161.389174 -1933687.016445  -305110.618309
          725.406250  -219161.617376 -1933685.820576  -305110.484812
          725.500000  -219161.628876 -1933684.356859  -305111.443926
          725.625000  -219162.301981 -1933683.570343  -305111.213008
          725.718750  -219162.530183 -1933682.565528  -305111.240752
          725.812500  -219162.978919 -1933681.850131  -305110.925565
          725.906250  -219163.207121 -1933680.845315  -305110.953309
          726.000000  -219163.652024 -1933680.299401  -305110.049684
          726.125000  -219163.655858 -1933679.365704  -305109.993160
          726.218750  -219163.884060 -1933678.360889  -305110.020904
          726.312500  -219163.887893 -1933677.427191  -305109.964380
          726.406250  -219164.112261 -1933676.782913  -305109.564926
          726.500000  -219164.116095 -1933675.849216  -305109.508402
          726.625000  -219164.116095 -1933675.085002  -305108.863439
          726.718750  -219163.899394 -1933674.052940  -305109.311087
          726.812500  -219163.899394 -1933673.479779  -305108.827365
          726.906250  -219163.678859 -1933672.617200  -305108.686573
          727.000000  -219163.237790 -1933671.465203  -305108.888712
          727.125000  -219163.237790 -1933671.083096  -305108.566231
          727.218750  -219163.017255 -1933670.220517  -305108.425439
          727.312500  -219162.792887 -1933669.718475  -305107.857449
          727.406250  -219162.347984 -1933669.118068  -305107.793631
          727.500000  -219161.906914 -1933668.157125  -305108.157011
          727.625000  -219161.462011 -1933667.556718  -305108.093192
          727.718750  -219161.017108 -1933666.956311  -305108.029373
          727.812500  -219160.792740 -1933666.645322  -305107.622624
          727.906250  -219159.690067 -1933665.007177  -305109.176037
          728.000000  -219159.245164 -1933664.406770  -305109.112218
          728.125000  -219158.796427 -1933664.166899  -305108.621201
          728.218750  -219158.572059 -1933663.855911  -305108.214451
          728.312500  -219157.902788 -1933663.326622  -305108.066365
          728.406250  -219157.674586 -1933663.185117  -305107.071176
          728.500000  -219157.450218 -1933662.683075  -305106.503186
          728.625000  -219157.005315 -1933662.273721  -305106.600608
          728.718750  -219156.336044 -1933661.744433  -305106.452522
          728.812500  -219155.887307 -1933661.313509  -305105.800264
          728.906250  -219155.218036 -1933660.975274  -305105.813418
          729.000000  -219154.773133 -1933660.374867  -305105.749600
          729.125000  -219154.103862 -1933659.845578  -305105.601513
          729.218750  -219153.879493 -1933659.534590  -305105.194764
          729.312500  -219153.210222 -1933659.005301  -305105.046677
          729.406250  -219152.540951 -1933658.476012  -305104.898591
          729.500000  -219152.096048 -1933657.875605  -305104.834772
          729.625000  -219151.647312 -1933657.635735  -305104.343755
          729.718750  -219150.978040 -1933657.106447  -305104.195669
          729.812500  -219150.529304 -1933656.866576  -305103.704652
          729.906250  -219149.860033 -1933656.528341  -305103.717806
          730.000000  -219149.411296 -1933656.288471  -305103.226789
          730.125000  -219148.962560 -1933656.048601  -305102.735772
          730.218750  -219147.856053 -1933654.770992  -305103.861986
          730.312500  -219147.844552 -1933655.279442  -305102.096668
          730.406250  -219147.171447 -1933655.301744  -305101.682624
          730.500000  -219146.722711 -1933655.061873  -305101.191607
          730.625000  -219146.049606 -1933655.084175  -305100.777562
          730.718750  -219145.600870 -1933654.844305  -305100.286545
          730.812500  -219144.927765 -1933654.866606  -305099.872501
          730.906250  -219144.254660 -1933654.888908  -305099.458457
          731.000000  -219143.805924 -1933654.840091  -305099.128680
          731.125000  -219143.132819 -1933654.862393  -305098.714636
          731.218750  -219142.459714 -1933654.884694  -305098.300592
          731.312500  -219142.010978 -1933655.026931  -305098.132056
          731.406250  -219141.117338 -1933654.759814  -305098.060942
          731.500000  -219140.444233 -1933654.782116  -305097.646898
          731.625000  -219139.774962 -1933654.443881  -305097.660052
          731.718750  -219139.101857 -1933654.466182  -305097.246008
          731.812500  -219138.208218 -1933654.390119  -305097.336135
          731.906250  -219137.538947 -1933654.051884  -305097.349290
          732.000000  -219136.645307 -1933653.784767  -305097.278176
          732.125000  -219136.196571 -1933653.735950  -305096.948400
          732.218750  -219135.302931 -1933653.659887  -305097.038527
          732.312500  -219134.633660 -1933653.321652  -305097.051681
          732.406250  -219133.960555 -1933653.343953  -305096.637637
          732.500000  -219133.291284 -1933653.005718  -305096.650791
          732.625000  -219132.397645 -1933652.929655  -305096.740918
          732.718750  -219131.948908 -1933652.880838  -305096.411142
          732.812500  -219131.055269 -1933652.804775  -305096.501269
          732.906250  -219130.382164 -1933652.827076  -305096.087225
          733.000000  -219129.712893 -1933652.679894  -305096.261620
          733.125000  -219129.039788 -1933652.893250  -305096.008816
          733.218750  -219128.146149 -1933652.817186  -305096.098943
          733.312500  -219127.476877 -1933652.670005  -305096.273338
          733.406250  -219126.803773 -1933652.883360  -305096.020535
          733.500000  -219126.134501 -1933652.736178  -305096.194930
          733.625000  -219125.240862 -1933652.851168  -305096.446298
          733.718750  -219124.567757 -1933653.064523  -305096.193494
          733.812500  -219123.898486 -1933652.917341  -305096.367889
          733.906250  -219123.225381 -1933653.321750  -305096.276326
          734.000000  -219122.556110 -1933653.174568  -305096.450721
          734.125000  -219121.662471 -1933653.289558  -305096.702089
          734.218750  -219121.213734 -1933653.431795  -305096.533553
          734.312500  -219120.320095 -1933653.546785  -305096.784921
          734.406250  -219119.646990 -1933653.760140  -305096.532118
          734.500000  -219118.087913 -1933653.558465  -305097.546320
          734.625000  -219117.418642 -1933653.602337  -305097.881956
          734.718750  -219116.525002 -1933653.717327  -305098.133323
          734.812500  -219116.521169 -1933653.886811  -305097.544884
          734.906250  -219116.072432 -1933654.029047  -305097.376348
          735.000000  -219115.399327 -1933654.433456  -305097.284786
          735.125000  -219114.505688 -1933654.548446  -305097.536154
          735.218750  -219114.056952 -1933654.881736  -305097.528859
          735.312500  -219113.383847 -1933655.286145  -305097.437296
          735.406250  -219112.714576 -1933655.330016  -305097.772932
          735.500000  -219112.041471 -1933655.734425  -305097.681369
          735.625000  -219111.147831 -1933655.849415  -305097.932737
          735.718750  -219110.699095 -1933656.182705  -305097.925442
          735.812500  -219110.250358 -1933656.515995  -305097.918147
          735.906250  -219109.356719 -1933656.630985  -305098.169515
          736.000000  -219108.683614 -1933657.035394  -305098.077952
          736.125000  -219108.234878 -1933657.368684  -305098.070657
          736.218750  -219106.675801 -1933657.358063  -305099.246100
          736.312500  -219106.227064 -1933657.691353  -305099.238805
          736.406250  -219105.778328 -1933658.024643  -305099.231510
          736.500000  -219104.884688 -1933658.330687  -305099.644118
          736.625000  -219104.435952 -1933658.855030  -305099.798064
          736.718750  -219103.542312 -1933659.161074  -305100.210673
          736.812500  -219103.093576 -1933659.494364  -305100.203378
          736.906250  -219102.424304 -1933659.729289  -305100.700254
          737.000000  -219102.203770 -1933659.821978  -305101.365666
          737.125000  -219101.310130 -1933660.319075  -305101.939516
          737.218750  -219101.085762 -1933660.772300  -305102.177729
          737.312500  -219100.188289 -1933661.629934  -305102.324380
          737.406250  -219099.739553 -1933662.154278  -305102.478326
          737.500000  -219099.290816 -1933662.678621  -305102.632272
          737.625000  -219099.066448 -1933663.131847  -305102.870485
          737.718750  -219098.617711 -1933663.656190  -305103.024431
          737.812500  -219098.168975 -1933664.180534  -305103.178377
          737.906250  -219097.499704 -1933664.415459  -305103.675253
          738.000000  -219097.050967 -1933664.939803  -305103.829199
          738.125000  -219096.826599 -1933665.584081  -305104.228653
          738.218750  -219096.377862 -1933666.108425  -305104.382599
          738.312500  -219095.929126 -1933666.632769  -305104.536545
          738.406250  -219095.259855 -1933666.676640  -305104.872181
          738.500000  -219094.811118 -1933667.392038  -305105.187367
          738.625000  -219094.362382 -1933667.916381  -305105.341313
          738.718750  -219093.913645 -1933668.440725  -305105.495259
          738.812500  -219093.461075 -1933669.325605  -305105.222006
          738.906250  -219093.012339 -1933669.849949  -305105.375952
          739.000000  -219092.787970 -1933670.303174  -305105.614166
          739.125000  -219092.339234 -1933670.827518  -305105.768111
          739.218750  -219091.886664 -1933671.712398  -305105.494859
          739.312500  -219091.437927 -1933672.236742  -305105.648804
          739.406250  -219091.213559 -1933672.689967  -305105.887018
          739.500000  -219090.540454 -1933673.285429  -305105.956696
          739.625000  -219090.316086 -1933673.738654  -305106.194910
          739.718750  -219089.642981 -1933674.143063  -305106.103347
          739.812500  -219089.194245 -1933674.858460  -305106.418533
          739.906250  -219088.745508 -1933675.382804  -305106.572479
          740.000000  -219088.296772 -1933675.907147  -305106.726425
          740.125000  -219087.848035 -1933676.431491  -305106.880371
          740.218750  -219087.399299 -1933676.955835  -305107.034316
          740.312500  -219087.171097 -1933677.769597  -305106.845332
          740.406250  -219086.501826 -1933678.004522  -305107.342208
          740.500000  -219086.273624 -1933679.009337  -305107.314464
          740.625000  -219085.824888 -1933679.533681  -305107.468410
          740.718750  -219085.376151 -1933680.058025  -305107.622355
          740.812500  -219084.927415 -1933680.582368  -305107.776301
          740.906250  -219084.699213 -1933681.396130  -305107.587316
          741.000000  -219084.474845 -1933682.040409  -305107.986771
          741.125000  -219084.250476 -1933682.493634  -305108.224984
          741.218750  -219083.801740 -1933683.017978  -305108.378930
          741.312500  -219083.797906 -1933683.951675  -305108.435454
          741.406250  -219083.573538 -1933684.404900  -305108.673667
          741.500000  -219083.569704 -1933685.338598  -305108.730191
          741.625000  -219083.345336 -1933685.791823  -305108.968405
          741.718750  -219083.120968 -1933686.245048  -305109.206618
          741.812500  -219083.124801 -1933691.807169  -305114.632279
          741.906250  -219082.676065 -1933692.522566  -305114.947466
          742.000000  -219082.676065 -1933692.904673  -305115.269947
          742.125000  -219082.664564 -1933689.018893  -305109.796093
          742.218750  -219082.440196 -1933689.472118  -305110.034307
          742.312500  -219082.436363 -1933690.214762  -305109.929590
          742.406250  -219082.211994 -1933690.859041  -305110.329044
          742.500000  -219081.987626 -1933691.312266  -305110.567258
          742.625000  -219081.763258 -1933691.956545  -305110.966712
          742.718750  -219081.759424 -1933692.699188  -305110.861995
          742.812500  -219081.310688 -1933693.414586  -305111.177181
          742.906250  -219081.082486 -1933694.419401  -305111.149437
          743.000000  -219080.858118 -1933694.872626  -305111.387651
          743.125000  -219080.633749 -1933695.516905  -305111.787105
          743.218750  -219080.637583 -1933696.111636  -305113.020507
          743.312500  -219080.185013 -1933696.614409  -305112.424773
          743.406250  -219079.736276 -1933697.329806  -305112.739960
          743.500000  -219079.732443 -1933698.072450  -305112.635243
          743.625000  -219079.736276 -1933698.858234  -305114.029886
          743.718750  -219079.508075 -1933699.289889  -305113.518419
          743.812500  -219079.511908 -1933699.884620  -305114.751821
          743.906250  -219079.508075 -1933700.436210  -305114.485864
          744.000000  -219079.055505 -1933700.938983  -305113.890129
          744.125000  -219079.051671 -1933701.681627  -305113.785412
          744.218750  -219079.051671 -1933702.063734  -305114.107894
          744.312500  -219079.047838 -1933702.806378  -305114.003177
          744.406250  -219078.823469 -1933703.259603  -305114.241390
          744.500000  -219079.047838 -1933704.143752  -305115.131862
          744.625000  -219079.047838 -1933704.525859  -305115.454343
          744.718750  -219079.044004 -1933705.459556  -305115.510867
          744.812500  -219079.044004 -1933706.032716  -305115.994589
          744.906250  -219079.040170 -1933706.775360  -305115.889872
          745.000000  -219079.040170 -1933707.348521  -305116.373594
          745.125000  -219078.815802 -1933707.992799  -305116.773049
          745.218750  -219079.036337 -1933708.855378  -305116.913840
          745.312500  -219078.811969 -1933709.499657  -305117.313295
          745.406250  -219079.032503 -1933710.171182  -305117.292846
          745.500000  -219079.032503 -1933710.744343  -305117.776568
          745.625000  -219078.808135 -1933711.388621  -305118.176022
          745.718750  -219079.028670 -1933712.251200  -305118.316814
          745.812500  -219079.028670 -1933712.633307  -305118.639295
          745.906250  -219079.024836 -1933713.567004  -305118.695819
          746.000000  -219079.249205 -1933714.069046  -305119.263809
          746.125000  -219079.245371 -1933715.002743  -305119.320332
          746.218750  -219079.465906 -1933715.865322  -305119.461124
          746.312500  -219079.690274 -1933716.558418  -305120.190355
          746.406250  -219079.690274 -1933717.322632  -305120.835318
          746.500000  -219079.910809 -1933717.994157  -305120.814869
          746.625000  -219079.910809 -1933718.567317  -305121.298591
          746.718750  -219080.131343 -1933719.429896  -305121.439382
          746.812500  -219080.576246 -1933720.221357  -305121.664442
          746.906250  -219080.800615 -1933720.723399  -305122.232432
          747.000000  -219081.245517 -1933721.514859  -305122.457491
          747.125000  -219081.466052 -1933722.377438  -305122.598283
          747.218750  -219081.690420 -1933722.688426  -305123.005032
          747.312500  -219082.135323 -1933723.479887  -305123.230091
          747.406250  -219082.580226 -1933724.271347  -305123.455151
          747.500000  -219082.804595 -1933724.582336  -305123.861900
          747.625000  -219083.025129 -1933725.444915  -305124.002691
          747.718750  -219083.470032 -1933726.236375  -305124.227751
          747.812500  -219083.694400 -1933726.738417  -305124.795741
          747.906250  -219084.139303 -1933727.338824  -305124.859560
          748.000000  -219084.584206 -1933728.130285  -305125.084619
          748.125000  -219085.029109 -1933728.921745  -305125.309678
          748.218750  -219085.029109 -1933729.494905  -305125.793400
          748.312500  -219085.474012 -1933730.286366  -305126.018460
          748.406250  -219085.918915 -1933731.077826  -305126.243519
          748.500000  -219086.363818 -1933731.678233  -305126.307338
          748.625000  -219086.588186 -1933732.180275  -305126.875328
          748.718750  -219086.808721 -1933733.042854  -305127.016119
          748.812500  -219087.253624 -1933733.834315  -305127.241179
          748.906250  -219087.698527 -1933734.625775  -305127.466238
          749.000000  -219088.143430 -1933735.417236  -305127.691298
          749.125000  -219088.367798 -1933735.728224  -305128.098047
          749.218750  -219088.812701 -1933736.519685  -305128.323106
          749.312500  -219089.481972 -1933737.240027  -305128.632433
          749.406250  -219089.926875 -1933738.031487  -305128.857493
          749.500000  -219090.371778 -1933738.631894  -305128.921311
          749.625000  -219091.041050 -1933739.161183  -305129.069398
          749.718750  -219091.265418 -1933739.663225  -305129.637388
          749.812500  -219091.710321 -1933740.263632  -305129.701207
          749.906250  -219092.379592 -1933740.983974  -305130.010534
          750.000000  -219092.824495 -1933741.584381  -305130.074352
          750.125000  -219093.493766 -1933742.113669  -305130.222439
          750.218750  -219093.938669 -1933742.905130  -305130.447498
          750.312500  -219094.383572 -1933743.505537  -305130.511317
          750.406250  -219094.604107 -1933744.368116  -305130.652109
          750.500000  -219095.273378 -1933745.088458  -305130.961436
          750.625000  -219095.718281 -1933745.688865  -305131.025254
          750.718750  -219096.163184 -1933746.480325  -305131.250314
          750.812500  -219096.832455 -1933747.009614  -305131.398400
          750.906250  -219097.056823 -1933747.511656  -305131.966390
          751.000000  -219097.726094 -1933748.231998  -305132.275717
          751.125000  -219098.170997 -1933749.023458  -305132.500777
          751.218750  -219098.615900 -1933749.623865  -305132.564596
          751.312500  -219099.285172 -1933750.344208  -305132.873923
          751.406250  -219099.730074 -1933751.135668  -305133.098982
          751.500000  -219100.399346 -1933751.664957  -305133.247069
          751.625000  -219100.623714 -1933752.166999  -305133.815059
          751.718750  -219101.292985 -1933752.887341  -305134.124386
          751.812500  -219101.962256 -1933753.607683  -305134.433713
          751.906250  -219102.407159 -1933754.399143  -305134.658772
          752.000000  -219102.852062 -1933754.999550  -305134.722591
          752.125000  -219103.521333 -1933755.719892  -305135.031918
          752.218750  -219103.966236 -1933756.511353  -305135.256978
          752.312500  -219104.414973 -1933756.942276  -305135.909236
          752.406250  -219104.859876 -1933757.542683  -305135.973054
          752.500000  -219105.529147 -1933758.263026  -305136.282381
          752.625000  -219105.974050 -1933759.054486  -305136.507441
          752.718750  -219106.643321 -1933759.774828  -305136.816768
          752.812500  -219107.088224 -1933760.566289  -305137.041827
          752.906250  -219107.533127 -1933761.166696  -305137.105646
          753.000000  -219108.202398 -1933761.887038  -305137.414973
          753.125000  -219108.647301 -1933762.678498  -305137.640033
          753.218750  -219109.316572 -1933763.398840  -305137.949360
          753.312500  -219109.540941 -1933763.709829  -305138.356109
          753.406250  -219110.210212 -1933764.430171  -305138.665436
          753.500000  -219110.655115 -1933765.221631  -305138.890496
          753.625000  -219111.324386 -1933765.941973  -305139.199823
          753.718750  -219111.769289 -1933766.733434  -305139.424882
          753.812500  -219112.438560 -1933767.262722  -305139.572969
          753.906250  -219112.883463 -1933768.054183  -305139.798028
          754.000000  -219113.552734 -1933768.774525  -305140.107355
          754.125000  -219113.997637 -1933769.565985  -305140.332415
          754.218750  -219114.446374 -1933769.805856  -305140.823432
          754.312500  -219114.891277 -1933770.597316  -305141.048491
          754.406250  -219115.336180 -1933771.388777  -305141.273551
          754.500000  -219116.005451 -1933771.918065  -305141.421637
          754.625000  -219116.674722 -1933772.638407  -305141.730964
          754.718750  -219117.119625 -1933773.429868  -305141.956024
          754.812500  -219117.564528 -1933774.221328  -305142.181083
          754.906250  -219118.233799 -1933774.941670  -305142.490410
          755.000000  -219118.903070 -1933775.470959  -305142.638497
          755.125000  -219119.347973 -1933776.262419  -305142.863556
          755.218750  -219120.017245 -1933776.982761  -305143.172883
          755.312500  -219120.686516 -1933777.512050  -305143.320970
          755.406250  -219121.131419 -1933778.303511  -305143.546029
          755.500000  -219121.800690 -1933778.832799  -305143.694116
          755.625000  -219122.469961 -1933779.362088  -305143.842202
          755.718750  -219122.918698 -1933779.793011  -305144.494460
          755.812500  -219123.808504 -1933780.420665  -305144.138375
          755.906250  -219124.481608 -1933780.589417  -305144.713660
          756.000000  -219125.150879 -1933781.118706  -305144.861747
          756.125000  -219125.139379 -1933781.245048  -305142.773947
          756.218750  -219126.033018 -1933781.512165  -305142.845061
          756.312500  -219126.702289 -1933781.659347  -305142.670666
          756.406250  -219127.595929 -1933781.926464  -305142.741780
          756.500000  -219128.265200 -1933782.073646  -305142.567385
          756.625000  -219129.615243 -1933782.432719  -305144.467635
          756.718750  -219129.607576 -1933782.007472  -305142.645793
          756.812500  -219130.501216 -1933782.274589  -305142.716907
          756.906250  -219130.949952 -1933781.941299  -305142.724202
          757.000000  -219131.619223 -1933782.088480  -305142.549807
          757.125000  -219133.646205 -1933782.446823  -305145.613781
          757.218750  -219133.642371 -1933782.043146  -305144.541620
          757.312500  -219134.988581 -1933782.380650  -305145.692189
          757.406250  -219135.661685 -1933782.167295  -305145.944993
          757.500000  -219136.555325 -1933782.434411  -305146.016107
          757.625000  -219137.228429 -1933782.221056  -305146.268910
          757.718750  -219137.445131 -1933783.444172  -305145.982503
          757.812500  -219138.114402 -1933781.871872  -305144.356942
          757.906250  -219138.787507 -1933783.186945  -305145.899671
          758.000000  -219139.460611 -1933783.928857  -305146.958678
          758.125000  -219140.129883 -1933783.502879  -305146.300561
          758.218750  -219141.476092 -1933779.446153  -305143.742594
          758.312500  -219141.920995 -1933778.327078  -305142.355246
          758.406250  -219142.590266 -1933778.474260  -305142.180851
          758.500000  -219142.806967 -1933777.213681  -305139.798315
          758.625000  -219143.480072 -1933776.236112  -305139.406155
          758.718750  -219143.928809 -1933775.711768  -305139.252210
          758.812500  -219144.822448 -1933775.214671  -305138.678360
          758.906250  -219145.271185 -1933774.881381  -305138.685655
          759.000000  -219145.719921 -1933774.357037  -305138.531709
          759.125000  -219146.393026 -1933773.761575  -305138.462031
          759.218750  -219147.290499 -1933772.903941  -305138.315381
          759.312500  -219147.739235 -1933772.379598  -305138.161435
          759.406250  -219148.187972 -1933771.855254  -305138.007489
          759.500000  -219148.636708 -1933771.330910  -305137.853543
          759.625000  -219149.085445 -1933770.806567  -305137.699597
          759.718750  -219149.754716 -1933770.571642  -305137.202721
          759.812500  -219150.203452 -1933770.047298  -305137.048775
          759.906250  -219150.652189 -1933769.522954  -305136.894829
          760.000000  -219151.100925 -1933768.998611  -305136.740884
          760.125000  -219151.549662 -1933768.474267  -305136.586938
          760.218750  -219152.222767 -1933767.878805  -305136.517260
          760.312500  -219152.671503 -1933767.354461  -305136.363314
          760.406250  -219153.344608 -1933766.758999  -305136.293636
          760.500000  -219153.793344 -1933766.425709  -305136.300931
          760.625000  -219154.466449 -1933765.830247  -305136.231253
          760.718750  -219154.915186 -1933765.305904  -305136.077307
          760.812500  -219155.588290 -1933764.710442  -305136.007630
          760.906250  -219156.037027 -1933763.995045  -305135.692443
          761.000000  -219156.710132 -1933763.399583  -305135.622765
          761.125000  -219157.383236 -1933762.804121  -305135.553087
          761.218750  -219157.831973 -1933762.279777  -305135.399141
          761.312500  -219158.725612 -1933761.973733  -305134.986533
          761.406250  -219159.398717 -1933761.187218  -305134.755614
          761.500000  -219159.847454 -1933760.662874  -305134.601668
          761.625000  -219160.520558 -1933760.067412  -305134.531990
          761.718750  -219161.193663 -1933759.280897  -305134.301072
          761.812500  -219161.866768 -1933758.685435  -305134.231394
          761.906250  -219162.539873 -1933758.089973  -305134.161716
          762.000000  -219163.212977 -1933757.494511  -305134.092038
          762.125000  -219163.886082 -1933756.707995  -305133.861119
          762.218750  -219164.559187 -1933756.112533  -305133.791441
          762.312500  -219165.232292 -1933755.517071  -305133.721763
          762.406250  -219165.905396 -1933754.730556  -305133.490845
          762.500000  -219166.578501 -1933754.135094  -305133.421167
          762.625000  -219167.251606 -1933753.539632  -305133.351489
          762.718750  -219167.924711 -1933752.753116  -305133.120570
          762.812500  -219168.597815 -1933752.157654  -305133.050892
          762.906250  -219169.270920 -1933751.371139  -305132.819973
          763.000000  -219169.944025 -1933750.775677  -305132.750295
          763.125000  -219170.841498 -1933750.109097  -305132.764885
          763.218750  -219171.735137 -1933749.612000  -305132.191036
          763.312500  -219172.408242 -1933749.016538  -305132.121358
          763.406250  -219173.081347 -1933748.230022  -305131.890439
          763.500000  -219173.978820 -1933747.372388  -305131.743789
          763.625000  -219174.651925 -1933746.776926  -305131.674111
          763.718750  -219175.325029 -1933745.990411  -305131.443192
          763.812500  -219176.222502 -1933745.323831  -305131.457782
          763.906250  -219176.895607 -1933744.537315  -305131.226863
          764.000000  -219177.793080 -1933743.679681  -305131.080212
          764.125000  -219178.466185 -1933742.893166  -305130.849294
          764.218750  -219179.139289 -1933742.297704  -305130.779616
          764.312500  -219180.036762 -1933741.440070  -305130.632965
          764.406250  -219180.709867 -1933740.653555  -305130.402046
          764.500000  -219181.607340 -1933739.986974  -305130.416636
          764.625000  -219182.280445 -1933739.200459  -305130.185717
          764.718750  -219183.398453 -1933738.632243  -305129.696136
          764.812500  -219184.071557 -1933737.845728  -305129.465217
          764.906250  -219184.969030 -1933737.179148  -305129.479807
          765.000000  -219185.642135 -1933736.392632  -305129.248888
          765.125000  -219186.539608 -1933735.534998  -305129.102238
          765.218750  -219187.212713 -1933734.748483  -305128.871319
          765.312500  -219188.110186 -1933733.890849  -305128.724668
          765.406250  -219188.783291 -1933733.104334  -305128.493749
          765.500000  -219189.680764 -1933732.246700  -305128.347099
          765.625000  -219190.353868 -1933731.460184  -305128.116180
          765.718750  -219191.251341 -1933730.602551  -305127.969529
          765.812500  -219192.148814 -1933729.935970  -305127.984119
          765.906250  -219192.821919 -1933728.958401  -305127.591960
          766.000000  -219193.495024 -1933728.362939  -305127.522282
          766.125000  -219194.392497 -1933727.505305  -305127.375631
          766.218750  -219195.286136 -1933727.008208  -305126.801781
          766.312500  -219196.183609 -1933726.150575  -305126.655131
          766.406250  -219196.856714 -1933725.364059  -305126.424212
          766.500000  -219197.754187 -1933724.506425  -305126.277561
          766.625000  -219198.427292 -1933723.719910  -305126.046642
          766.718750  -219199.324765 -1933722.862276  -305125.899992
          766.812500  -219199.997870 -1933722.075761  -305125.669073
          766.906250  -219200.895343 -1933721.218127  -305125.522422
          767.000000  -219201.568447 -1933720.431611  -305125.291503
          767.125000  -219202.465920 -1933719.573978  -305125.144853
          767.218750  -219203.139025 -1933718.787462  -305124.913934
          767.312500  -219204.036498 -1933717.929828  -305124.767283
          767.406250  -219204.709603 -1933717.143313  -305124.536364
          767.500000  -219205.382708 -1933716.547851  -305124.466686
          767.625000  -219206.280181 -1933715.690217  -305124.320036
          767.718750  -219206.953285 -1933714.903702  -305124.089117
          767.812500  -219207.850758 -1933714.046068  -305123.942466
          767.906250  -219208.523863 -1933713.259552  -305123.711547
          768.000000  -219209.196968 -1933712.473037  -305123.480629
          768.125000  -219209.870073 -1933711.686521  -305123.249710
          768.218750  -219210.543177 -1933710.900006  -305123.018791
          768.312500  -219211.216282 -1933710.113490  -305122.787873
          768.406250  -219212.113755 -1933709.255857  -305122.641222
          768.500000  -219212.786860 -1933708.469341  -305122.410303
          768.625000  -219213.459965 -1933707.491772  -305122.018144
          768.718750  -219214.133069 -1933706.705257  -305121.787225
          768.812500  -219214.581806 -1933705.989860  -305121.472039
          768.906250  -219215.254911 -1933705.203344  -305121.241120
          769.000000  -219215.703647 -1933704.487947  -305120.925933
          769.125000  -219216.601120 -1933703.630313  -305120.779283
          769.218750  -219217.049857 -1933702.723863  -305120.302855
          769.312500  -219217.278058 -1933701.719047  -305120.330599
          769.406250  -219217.951163 -1933700.932532  -305120.099681
          769.500000  -219218.399900 -1933700.217135  -305119.784494
          769.625000  -219219.073004 -1933699.430619  -305119.553576
          769.718750  -219219.301206 -1933698.425804  -305119.581320
          769.812500  -219219.974311 -1933697.448235  -305119.189160
          769.906250  -219220.198679 -1933696.803956  -305118.789706
          770.000000  -219220.647416 -1933696.088559  -305118.474519
          770.125000  -219221.099986 -1933695.012625  -305118.586531
          770.218750  -219221.548722 -1933694.106175  -305118.110104
          770.312500  -219221.552556 -1933693.172477  -305118.053581
          770.406250  -219222.001292 -1933692.457080  -305117.738394
          770.500000  -219222.005126 -1933691.523383  -305117.681870
          770.625000  -219222.229494 -1933690.879104  -305117.282416
          770.718750  -219222.008959 -1933690.016526  -305117.141624
          770.812500  -219222.233328 -1933689.372247  -305116.742170
          770.906250  -219222.233328 -1933688.799086  -305116.258448
          771.000000  -219222.233328 -1933688.225926  -305115.774726
          771.125000  -219222.008959 -1933687.723884  -305115.206736
          771.218750  -219221.788425 -1933686.861305  -305115.065944
          771.312500  -219221.564056 -1933686.550317  -305114.659195
          771.406250  -219221.560223 -1933686.146639  -305113.587033
          771.500000  -219218.321206 -1933676.844130  -305127.710492
          771.625000  -219218.093004 -1933676.702624  -305126.715303
          771.718750  -219218.093004 -1933676.320517  -305126.392822
          771.812500  -219222.377191 -1933690.376582  -305102.373085
          771.906250  -219222.148990 -1933690.235077  -305101.377896
          772.000000  -219220.864117 -1933685.466360  -305108.191187
          772.125000  -219219.769110 -1933683.298194  -305110.760237
          772.218750  -219219.328041 -1933682.528304  -305111.284858
          772.312500  -219218.666437 -1933681.660049  -305112.313650
          772.406250  -219217.784298 -1933680.502375  -305113.685373
          772.500000  -219216.898326 -1933679.705238  -305114.629897
          772.625000  -219216.232888 -1933679.197520  -305115.231490
          772.718750  -219215.567450 -1933678.689801  -305115.833084
          772.812500  -219214.681478 -1933677.892664  -305116.777608
          772.906250  -219214.677644 -1933678.062148  -305116.189169
          773.000000  -219214.449443 -1933678.493803  -305115.677702
          773.125000  -219213.776338 -1933678.707158  -305115.424899
          773.218750  -219213.327601 -1933678.849395  -305115.256363
          773.312500  -219212.878865 -1933678.800578  -305114.926587
          773.406250  -219212.205760 -1933679.204986  -305114.835024
          773.500000  -219211.757024 -1933679.347223  -305114.666488
          773.625000  -219211.308287 -1933679.489460  -305114.497953
          773.718750  -219210.635182 -1933679.893868  -305114.406390
          773.812500  -219209.965911 -1933679.746687  -305114.580785
          773.906250  -219209.292806 -1933680.151095  -305114.489222
          774.000000  -219208.623535 -1933680.003913  -305114.663617
          774.125000  -219207.950431 -1933680.408322  -305114.572054
          774.218750  -219207.501694 -1933680.550559  -305114.403518
          774.312500  -219206.828589 -1933680.954967  -305114.311956
          774.406250  -219206.155485 -1933681.168322  -305114.059152
          774.500000  -219205.482380 -1933681.572731  -305113.967589
          774.625000  -219204.809275 -1933681.977139  -305113.876027
          774.718750  -219204.136170 -1933682.190494  -305113.623223
          774.812500  -219203.463066 -1933682.594903  -305113.531660
          774.906250  -219202.569426 -1933682.709893  -305113.783028
          775.000000  -219202.120690 -1933683.043183  -305113.775733
          775.125000  -219201.447585 -1933683.256538  -305113.522930
          775.218750  -219200.553945 -1933683.371528  -305113.774298
          775.312500  -219199.880841 -1933683.775937  -305113.682735
          775.406250  -219199.428271 -1933684.278710  -305113.087001
          775.500000  -219198.755166 -1933684.683119  -305112.995438
          775.625000  -219197.637158 -1933684.869227  -305113.162538
          775.718750  -219196.964053 -1933685.273636  -305113.070975
          775.812500  -219196.070414 -1933685.388626  -305113.322343
          775.906250  -219194.956240 -1933685.214198  -305113.916641
          776.000000  -219194.507503 -1933685.356434  -305113.748106
          776.125000  -219193.389496 -1933685.542543  -305113.915206
          776.218750  -219192.495856 -1933685.657533  -305114.166574
          776.312500  -219191.822751 -1933685.870888  -305113.913770
          776.406250  -219190.929112 -1933685.794825  -305114.003897
          776.500000  -219190.259841 -1933685.647643  -305114.178292
          776.625000  -219189.366201 -1933685.380526  -305114.107179
          776.718750  -219188.472562 -1933685.304463  -305114.197306
          776.812500  -219187.799457 -1933685.517818  -305113.944502
          776.906250  -219187.130186 -1933685.179583  -305113.957657
          777.000000  -219186.236546 -1933684.912466  -305113.886543
          777.125000  -219185.563442 -1933685.125821  -305113.633739
          777.218750  -219184.669802 -1933685.049758  -305113.723867
          777.312500  -219183.776163 -1933684.782641  -305113.652753
          777.406250  -219183.106892 -1933684.635459  -305113.827148
          777.500000  -219182.209419 -1933684.728879  -305113.328836
          777.625000  -219181.536314 -1933684.942234  -305113.076032
          777.718750  -219180.642674 -1933684.675117  -305113.004919
          777.812500  -219179.969570 -1933684.697419  -305112.590875
          777.906250  -219179.075930 -1933684.621356  -305112.681002
          778.000000  -219178.402825 -1933684.643657  -305112.266957
          778.125000  -219177.733554 -1933684.305422  -305112.280112
          778.218750  -219177.060450 -1933684.518777  -305112.027308
          778.312500  -219176.166810 -1933684.251660  -305111.956195
          778.406250  -219175.273171 -1933683.984543  -305111.885081
          778.500000  -219174.603899 -1933683.646308  -305111.898235
          778.625000  -219173.930795 -1933683.859663  -305111.645432
          778.718750  -219173.037155 -1933683.592547  -305111.574318
          778.812500  -219172.143516 -1933683.325430  -305111.503204
          778.906250  -219171.249876 -1933683.058313  -305111.432091
          779.000000  -219170.801140 -1933683.009496  -305111.102314
          779.125000  -219169.907500 -1933682.933433  -305111.192442
          779.218750  -219169.013861 -1933682.666316  -305111.121328
          779.312500  -219168.120221 -1933682.399199  -305111.050214
          779.406250  -219167.226582 -1933682.132082  -305110.979101
          779.500000  -219166.332943 -1933681.864966  -305110.907987
          779.625000  -219165.439303 -1933681.788902  -305110.998114
          779.718750  -219164.545664 -1933681.521785  -305110.927001
          779.812500  -219163.872559 -1933681.544087  -305110.512957
          779.906250  -219162.978919 -1933681.468024  -305110.603084
          780.000000  -219162.085280 -1933681.200907  -305110.531970
          780.125000  -219160.967272 -1933681.004908  -305110.376589
          780.218750  -219160.073633 -1933680.737792  -305110.305475
          780.312500  -219159.400528 -1933680.951147  -305110.052672
          780.406250  -219158.282520 -1933680.755148  -305109.897290
          780.500000  -219157.388881 -1933680.488031  -305109.826177
          780.625000  -219156.495242 -1933680.220915  -305109.755063
          780.718750  -219155.601602 -1933680.144851  -305109.845190
          780.812500  -219154.704129 -1933680.238271  -305109.346878
          780.906250  -219153.810490 -1933679.971154  -305109.275764
          781.000000  -219152.916850 -1933679.704038  -305109.204651
          781.125000  -219152.023211 -1933679.627974  -305109.294778
          781.218750  -219150.905203 -1933679.431976  -305109.139397
          781.312500  -219150.011564 -1933679.164859  -305109.068283
          781.406250  -219149.338459 -1933679.187161  -305108.654239
          781.500000  -219148.444819 -1933678.920044  -305108.583125
          781.625000  -219147.326812 -1933678.724045  -305108.427744
          781.718750  -219146.433172 -1933678.456928  -305108.356630
          781.812500  -219145.539533 -1933678.380865  -305108.446757
          781.906250  -219144.645893 -1933678.113748  -305108.375644
          782.000000  -219143.748420 -1933678.207168  -305107.877332
          782.125000  -219142.854781 -1933677.940051  -305107.806218
          782.218750  -219141.961141 -1933677.863988  -305107.896345
          782.312500  -219140.843134 -1933677.667990  -305107.740964
          782.406250  -219139.949494 -1933677.400873  -305107.669850
          782.500000  -219139.276390 -1933677.423174  -305107.255806
          782.625000  -219138.382750 -1933677.347111  -305107.345933
          782.718750  -219137.489111 -1933677.079994  -305107.274819
          782.812500  -219136.595471 -1933676.812877  -305107.203706
          782.906250  -219135.922366 -1933677.026233  -305106.950902
          783.000000  -219134.804359 -1933676.830234  -305106.795521
          783.125000  -219133.910719 -1933676.754171  -305106.885648
          783.218750  -219133.237615 -1933676.967526  -305106.632844
          783.312500  -219132.343975 -1933676.891462  -305106.722972
          783.406250  -219131.670870 -1933677.104817  -305106.470168
          783.500000  -219130.777231 -1933677.028754  -305106.560295
          783.625000  -219130.104126 -1933677.433163  -305106.468732
          783.718750  -219129.431021 -1933677.837571  -305106.377170
          783.812500  -219128.537382 -1933677.761508  -305106.467297
          783.906250  -219128.088645 -1933678.094798  -305106.460002
          784.000000  -219127.415541 -1933678.499207  -305106.368439
          784.125000  -219126.521901 -1933678.805250  -305106.781048
          784.218750  -219126.073165 -1933679.138540  -305106.773753
          784.312500  -219125.400060 -1933679.542949  -305106.682190
          784.406250  -219124.730789 -1933679.586821  -305107.017826
          784.500000  -219124.053851 -1933680.542819  -305106.660305
          784.625000  -219123.605114 -1933680.876110  -305106.653010
          784.718750  -219122.932009 -1933681.471572  -305106.722688
          784.812500  -219122.262738 -1933681.515443  -305107.058324
          784.906250  -219121.589633 -1933681.919852  -305106.966761
          785.000000  -219120.916529 -1933682.515314  -305107.036439
          785.125000  -219120.467792 -1933682.848604  -305107.029144
          785.218750  -219119.794687 -1933683.444066  -305107.098822
          785.312500  -219119.125416 -1933683.487938  -305107.434458
          785.406250  -219118.452311 -1933684.083400  -305107.504136
          785.500000  -219118.003575 -1933684.416690  -305107.496841
          785.625000  -219117.109935 -1933684.722733  -305107.909449
          785.718750  -219116.665032 -1933684.886540  -305108.490593
          785.812500  -219115.995761 -1933685.121466  -305108.987470
          785.906250  -219115.322657 -1933685.525874  -305108.895907
          786.000000  -219114.653385 -1933685.760799  -305109.392784
          786.125000  -219113.980281 -1933686.356261  -305109.462462
          786.218750  -219113.086641 -1933686.662305  -305109.875070
          786.312500  -219112.417370 -1933686.897230  -305110.371947
          786.406250  -219111.748099 -1933687.132155  -305110.868823
          786.500000  -219111.299362 -1933687.656499  -305111.022769
          786.625000  -219110.405723 -1933687.962543  -305111.435377
          786.718750  -219109.736452 -1933688.197468  -305111.932254
          786.812500  -219109.067180 -1933688.432393  -305112.429130
          786.906250  -219108.397909 -1933688.667318  -305112.926007
          787.000000  -219107.504270 -1933688.973362  -305113.338615
          787.125000  -219106.834999 -1933689.208287  -305113.835492
          787.218750  -219106.165727 -1933689.443212  -305114.332368
          787.312500  -219105.272088 -1933689.749256  -305114.744977
          787.406250  -219104.602817 -1933689.984181  -305115.241853
          787.500000  -219103.929712 -1933690.579643  -305115.311531
          787.625000  -219103.260441 -1933690.814568  -305115.808408
          787.718750  -219102.595003 -1933690.688957  -305116.732483
          787.812500  -219101.701364 -1933690.995001  -305117.145091
          787.906250  -219101.032092 -1933691.038872  -305117.480727
          788.000000  -219100.138453 -1933691.535969  -305118.054576
          788.125000  -219099.469182 -1933691.770895  -305118.551453
          788.218750  -219098.799911 -1933692.005820  -305119.048329
          788.312500  -219097.906271 -1933692.311863  -305119.460938
          788.406250  -219097.012632 -1933692.617907  -305119.873546
          788.500000  -219096.343360 -1933692.852832  -305120.370423
          788.625000  -219095.449721 -1933693.349929  -305120.944272
          788.718750  -219094.780450 -1933693.584854  -305121.441148
          788.812500  -219093.886810 -1933693.890898  -305121.853757
          788.906250  -219092.989337 -1933694.748532  -305122.000408
          789.000000  -219092.323900 -1933694.431867  -305122.763242
          789.125000  -219091.426427 -1933695.289501  -305122.909893
          789.218750  -219090.532787 -1933695.595544  -305123.322501
          789.312500  -219089.867350 -1933695.469933  -305124.246576
          789.406250  -219088.973710 -1933695.775976  -305124.659185
          789.500000  -219088.080071 -1933696.082020  -305125.071794
          789.625000  -219087.410800 -1933696.507999  -305125.729911
          789.718750  -219086.517160 -1933696.814042  -305126.142519
          789.812500  -219085.623521 -1933697.120086  -305126.555128
          789.906250  -219084.954249 -1933697.355011  -305127.052004
          790.000000  -219084.060610 -1933697.852108  -305127.625854
          790.125000  -219083.166971 -1933698.158152  -305128.038462
          790.218750  -219082.273331 -1933698.464195  -305128.451071
          790.312500  -219081.604060 -1933698.699121  -305128.947947
          790.406250  -219080.710420 -1933699.196218  -305129.521797
          790.500000  -219078.501240 -1933697.999945  -305133.652590
          790.625000  -219078.926975 -1933699.447768  -305130.774212
          790.718750  -219078.033336 -1933699.753812  -305131.186821
          790.812500  -219077.139696 -1933700.250909  -305131.760670
          790.906250  -219076.470425 -1933700.485834  -305132.257547
          791.000000  -219075.576786 -1933700.791877  -305132.670155
          791.125000  -219074.683146 -1933701.097921  -305133.082764
          791.218750  -219073.789507 -1933701.403965  -305133.495373
          791.312500  -219073.120235 -1933701.829943  -305134.153490
          791.406250  -219072.226596 -1933702.135987  -305134.566098
          791.500000  -219071.332957 -1933702.442031  -305134.978707
          791.625000  -219070.439317 -1933702.939128  -305135.552556
          791.718750  -219069.770046 -1933703.174053  -305136.049433
          791.812500  -219068.876406 -1933703.480096  -305136.462041
          791.906250  -219068.207135 -1933703.715022  -305136.958918
          792.000000  -219067.313496 -1933704.021065  -305137.371526
          792.125000  -219066.419856 -1933704.518162  -305137.945376
          792.218750  -219065.526217 -1933704.824206  -305138.357984
          792.312500  -219064.632577 -1933705.130249  -305138.770593
          792.406250  -219063.738938 -1933705.627347  -305139.344442
          792.500000  -219063.069667 -1933705.862272  -305139.841319
          792.625000  -219062.176027 -1933706.168315  -305140.253927
          792.718750  -219061.282388 -1933706.665412  -305140.827777
          792.812500  -219060.388748 -1933706.971456  -305141.240385
          792.906250  -219059.719477 -1933707.206381  -305141.737262
          793.000000  -219058.601469 -1933707.774597  -305142.226843
          793.125000  -219057.932198 -1933708.009522  -305142.723719
          793.218750  -219057.038559 -1933708.315565  -305143.136328
          793.312500  -219056.144919 -1933708.621609  -305143.548937
          793.406250  -219055.030745 -1933708.829288  -305144.465717
          793.500000  -219054.357640 -1933709.424750  -305144.535395
          793.625000  -219053.688369 -1933709.659675  -305145.032271
          793.718750  -219052.574195 -1933709.867354  -305145.949051
          793.812500  -219051.901090 -1933710.462816  -305146.018729
          793.906250  -219050.786916 -1933710.670494  -305146.935509
          794.000000  -219050.117645 -1933710.905419  -305147.432385
          794.125000  -219048.999637 -1933711.282581  -305147.760726
          794.218750  -219048.330366 -1933711.517507  -305148.257603
          794.312500  -219047.436727 -1933712.014604  -305148.831452
          794.406250  -219046.543087 -1933712.320647  -305149.244061
          794.500000  -219045.649448 -1933712.626691  -305149.656669
          794.625000  -219044.755808 -1933713.123788  -305150.230518
          794.718750  -219044.086537 -1933713.358713  -305150.727395
          794.812500  -219043.192898 -1933713.664757  -305151.140003
          794.906250  -219042.299258 -1933713.970800  -305151.552612
          795.000000  -219041.405619 -1933714.467897  -305152.126461
          795.125000  -219040.511979 -1933714.773941  -305152.539070
          795.218750  -219039.842708 -1933715.008866  -305153.035946
          795.312500  -219038.945235 -1933715.675447  -305153.021357
          795.406250  -219038.275964 -1933715.910372  -305153.518233
          795.500000  -219037.382324 -1933716.216415  -305153.930842
          795.625000  -219036.488685 -1933716.522459  -305154.343450
          795.718750  -219035.815580 -1933717.117921  -305154.413128
          795.812500  -219034.921941 -1933717.232911  -305154.664496
          795.906250  -219034.248836 -1933717.828373  -305154.734174
          796.000000  -219033.355197 -1933718.134417  -305155.146783
          796.125000  -219032.682092 -1933718.538825  -305155.055220
          796.218750  -219032.008987 -1933719.134287  -305155.124898
          796.312500  -219031.115348 -1933719.249277  -305155.376266
          796.406250  -219030.442243 -1933719.844739  -305155.445944
          796.500000  -219029.769138 -1933720.249148  -305155.354381
          796.625000  -219028.875499 -1933720.364138  -305155.605749
          796.718750  -219027.978026 -1933721.030718  -305155.591159
          796.812500  -219027.304921 -1933721.435127  -305155.499596
          796.906250  -219026.411282 -1933721.741170  -305155.912205
          797.000000  -219025.738177 -1933722.145579  -305155.820642
          797.125000  -219025.065072 -1933722.549987  -305155.729079
          797.218750  -219024.171433 -1933722.856031  -305156.141688
          797.312500  -219023.498328 -1933723.260440  -305156.050125
          797.406250  -219022.604688 -1933723.375430  -305156.301493
          797.500000  -219021.931584 -1933723.779838  -305156.209930
          797.625000  -219021.037944 -1933723.894828  -305156.461298
          797.718750  -219020.140471 -1933724.370355  -305156.285467
          797.812500  -219016.395215 -1933721.382347  -305164.477375
          797.906250  -219016.820950 -1933722.830171  -305161.598998
          798.000000  -219015.927311 -1933723.136214  -305162.011607
          798.125000  -219015.474741 -1933723.638988  -305161.415872
          798.218750  -219014.356733 -1933723.825096  -305161.582972
          798.312500  -219017.854620 -1933728.474283  -305150.259883
          798.406250  -219016.307043 -1933727.764158  -305153.039403
          798.500000  -219015.192869 -1933727.589730  -305153.633701
          798.625000  -219013.861994 -1933727.147453  -305155.320610
          798.718750  -219012.527285 -1933726.874660  -305156.419080
          798.812500  -219011.416944 -1933726.530748  -305157.601818
          798.906250  -219010.523305 -1933726.645738  -305157.853186
          799.000000  -219009.629665 -1933726.760729  -305158.104554
          799.125000  -219008.736026 -1933726.684665  -305158.194681
          799.218750  -219008.062921 -1933726.898020  -305157.941877
          799.312500  -219007.614185 -1933727.040257  -305157.773342
          799.406250  -219006.720545 -1933726.773140  -305157.702228
          799.500000  -219006.047441 -1933726.986495  -305157.449425
          799.625000  -219005.374336 -1933727.008797  -305157.035380
          799.718750  -219004.701231 -1933727.222152  -305156.782577
          799.812500  -219004.248661 -1933727.533872  -305156.025602
          799.906250  -219003.579390 -1933727.195637  -305156.038756
          800.000000  -219002.906285 -1933727.408992  -305155.785953
          800.125000  -219002.237014 -1933727.070757  -305155.799107
          800.218750  -219001.563909 -1933727.284112  -305155.546304
          800.312500  -219000.894638 -1933726.945876  -305155.559458
          800.406250  -219000.217700 -1933727.137661  -305154.556974
          800.500000  -218999.765130 -1933727.449381  -305153.799999
          800.625000  -218999.316393 -1933727.400565  -305153.470223
          800.718750  -218998.867657 -1933727.351748  -305153.140447
          800.812500  -218998.198385 -1933727.013513  -305153.153601
          800.906250  -218997.525281 -1933726.844761  -305152.578316
          801.000000  -218997.076544 -1933726.795944  -305152.248539
          801.125000  -218996.627808 -1933726.747127  -305151.918763
          801.218750  -218995.958536 -1933726.217839  -305151.770677
          801.312500  -218995.734168 -1933726.097904  -305151.525168
          801.406250  -218995.285432 -1933725.858033  -305151.034151
          801.500000  -218995.061063 -1933725.547045  -305150.627402
          801.625000  -218994.616160 -1933724.946638  -305150.563583
          801.718750  -218994.391792 -1933724.635649  -305150.156834
          801.812500  -218994.167424 -1933724.515714  -305149.911325
          801.906250  -218993.722521 -1933723.915307  -305149.847506
          802.000000  -218993.498153 -1933723.604319  -305149.440757
          802.125000  -218993.498153 -1933723.222212  -305149.118276
          802.218750  -218993.053250 -1933722.812858  -305149.215698
          802.312500  -218993.053250 -1933722.430751  -305148.893216
          802.406250  -218992.619848 -1933721.130841  -305150.433475
          802.500000  -218989.609033 -1933711.396676  -305165.068399
          802.625000  -218989.833401 -1933711.134504  -305164.991426
          802.718750  -218991.616846 -1933712.411381  -305165.028937
          802.812500  -218995.176070 -1933706.133536  -305156.187523
          802.906250  -218997.891490 -1933725.279097  -305178.465853
          803.000000  -218986.247342 -1933716.497144  -305167.940117
          803.125000  -218986.920447 -1933716.474842  -305168.354161
          803.218750  -218988.042288 -1933716.119251  -305168.775501
          803.312500  -218989.167963 -1933715.403122  -305169.624038
          803.406250  -218990.711706 -1933716.664837  -305166.578561
          803.500000  -218992.943888 -1933716.653157  -305165.817162
          803.625000  -218993.616993 -1933716.630855  -305166.231206
          803.718750  -218994.514466 -1933716.346382  -305166.568278
          803.812500  -218993.826027 -1933717.046617  -305163.800477
          803.906250  -218994.479964 -1933717.680678  -305161.111084
          804.000000  -218995.362103 -1933718.265191  -305159.255639
          804.125000  -218995.807006 -1933718.292438  -305158.835736
          804.218750  -218996.480110 -1933717.888029  -305158.927298
          804.312500  -218997.369916 -1933718.324629  -305158.409973
          804.406250  -218997.818653 -1933717.800286  -305158.256027
          804.500000  -218998.480257 -1933718.286434  -305156.904754
          804.625000  -218998.921326 -1933718.483164  -305155.896411
          804.718750  -218999.582930 -1933718.778259  -305154.383897
          804.812500  -219000.024000 -1933719.166042  -305153.536795
          804.906250  -219000.689437 -1933719.482707  -305152.773960
          805.000000  -219001.134340 -1933719.509954  -305152.354057
          805.125000  -219001.807445 -1933719.296599  -305152.606860
          805.218750  -219002.256182 -1933718.963308  -305152.614155
          805.312500  -219002.925453 -1933719.110490  -305152.439760
          805.406250  -219003.819092 -1933718.995500  -305152.188393
          805.500000  -219004.488363 -1933718.951628  -305151.852757
          805.625000  -219005.161468 -1933718.738273  -305152.105560
          805.718750  -219006.055108 -1933718.814337  -305152.015433
          805.812500  -219006.724379 -1933718.770465  -305151.679798
          805.906250  -219007.393650 -1933718.726593  -305151.344162
          806.000000  -219008.283456 -1933718.972140  -305150.665595
          806.125000  -219008.952727 -1933718.928268  -305150.329960
          806.218750  -219009.625832 -1933718.714913  -305150.582763
          806.312500  -219010.295103 -1933718.862095  -305150.408368
          806.406250  -219011.188743 -1933718.747104  -305150.157000
          806.500000  -219011.637479 -1933718.604868  -305150.325536
          806.625000  -219012.531118 -1933718.489878  -305150.074168
          806.718750  -219013.424758 -1933718.374887  -305149.822800
          806.812500  -219014.094029 -1933718.522069  -305149.648405
          806.906250  -219015.208203 -1933718.696497  -305149.054107
          807.000000  -219016.101843 -1933718.581507  -305148.802739
          807.125000  -219016.995482 -1933718.466517  -305148.551371
          807.218750  -219018.113490 -1933718.280409  -305148.384271
          807.312500  -219019.227664 -1933718.454837  -305147.789973
          807.406250  -219019.900769 -1933718.241482  -305148.042776
          807.500000  -219021.018776 -1933717.864320  -305147.714435
          807.625000  -219022.813722 -1933716.913266  -305148.066097
          807.718750  -219023.935564 -1933716.366621  -305148.326195
          807.812500  -219025.057405 -1933715.628922  -305148.425053
          807.906250  -219026.179246 -1933715.082277  -305148.685151
          808.000000  -219027.301087 -1933714.535632  -305148.945250
          808.125000  -219028.198560 -1933714.060105  -305149.121080
          808.218750  -219029.320402 -1933713.513460  -305149.381179
          808.312500  -219030.442243 -1933712.775761  -305149.480036
          808.406250  -219031.339716 -1933712.300234  -305149.655867
          808.500000  -219032.682092 -1933712.043007  -305149.573035
          808.625000  -219033.579565 -1933711.376427  -305149.587625
          808.718750  -219034.477038 -1933710.900900  -305149.763455
          808.812500  -219035.374511 -1933710.425373  -305149.939286
          808.906250  -219036.496352 -1933709.878728  -305150.199385
          809.000000  -219037.614360 -1933709.883673  -305150.193525
          809.125000  -219038.511833 -1933709.408146  -305150.369356
          809.218750  -219039.409306 -1933708.932619  -305150.545186
          809.312500  -219040.306779 -1933708.457092  -305150.721017
          809.406250  -219041.424787 -1933708.270984  -305150.553917
          809.500000  -219042.322260 -1933707.986510  -305150.890988
          809.625000  -219043.444101 -1933707.630919  -305151.312328
          809.718750  -219044.341574 -1933707.155392  -305151.488158
          809.812500  -219045.235213 -1933707.231455  -305151.398031
          809.906250  -219046.132686 -1933706.946982  -305151.735102
          810.000000  -219047.030159 -1933706.853562  -305152.233415
          810.125000  -219047.923799 -1933706.929625  -305152.143287
          810.218750  -219048.817438 -1933707.196742  -305152.214401
          810.312500  -219049.714911 -1933707.103322  -305152.712713
          810.406250  -219050.384182 -1933707.250504  -305152.538318
          810.500000  -219047.208525 -1933710.535724  -305146.707578
          810.625000  -219054.209943 -1933706.106202  -305156.219911
          810.718750  -219044.698305 -1933714.519716  -305140.436486
          810.812500  -219046.048348 -1933714.114577  -305141.691773
          810.906250  -219045.588111 -1933715.529477  -305140.402882
          811.000000  -219045.804812 -1933716.561539  -305139.955235
          811.125000  -219051.452354 -1933712.515587  -305147.462601
          811.218750  -219057.784501 -1933706.028349  -305155.536921
          811.312500  -219075.871969 -1933685.640076  -305176.206327
          811.406250  -219055.958887 -1933710.818964  -305152.573876
          811.500000  -219057.080728 -1933710.845479  -305153.317696
          811.625000  -219058.430771 -1933710.440339  -305154.572983
          811.718750  -219059.552612 -1933710.275801  -305155.155563
          811.812500  -219060.898822 -1933710.231198  -305155.983652
          811.906250  -219061.796295 -1933710.328831  -305156.643205
          812.000000  -219062.469399 -1933710.306529  -305157.057249
          812.125000  -219063.815609 -1933710.261926  -305157.885337
          812.218750  -219064.709248 -1933710.529043  -305157.956451
          812.312500  -219065.382353 -1933710.697795  -305158.531736
          812.406250  -219066.275993 -1933712.875446  -305160.215257
          812.500000  -219066.945264 -1933710.156826  -305157.622251
          812.625000  -219067.614535 -1933710.877168  -305157.931578
          812.718750  -219068.283806 -1933711.215403  -305157.918424
          812.812500  -219068.956911 -1933711.193102  -305158.332468
          812.906250  -219069.626182 -1933711.722390  -305158.480555
          813.000000  -219070.295453 -1933712.060626  -305158.467400
          813.125000  -219071.413461 -1933712.447678  -305158.784022
          813.218750  -219072.082732 -1933712.976966  -305158.932109
          813.312500  -219072.976372 -1933713.435136  -305159.164463
          813.406250  -219073.649476 -1933713.412835  -305159.578507
          813.500000  -219074.543116 -1933713.871005  -305159.810862
          813.625000  -219075.436755 -1933714.138122  -305159.881975
          813.718750  -219076.106026 -1933714.667411  -305160.030062
          813.812500  -219076.779131 -1933714.645109  -305160.444106
          813.906250  -219077.672771 -1933715.103279  -305160.676460
          814.000000  -219078.566410 -1933715.561450  -305160.908815
          814.125000  -219079.460050 -1933716.019620  -305161.141169
          814.218750  -219080.353689 -1933716.477790  -305161.373523
          814.312500  -219081.022960 -1933716.816025  -305161.360369
          814.406250  -219081.916600 -1933717.274196  -305161.592724
          814.500000  -219082.810239 -1933717.732366  -305161.825078
          814.625000  -219083.479510 -1933718.261654  -305161.973164
          814.718750  -219084.152615 -1933718.239353  -305162.387209
          814.812500  -219085.046255 -1933718.697523  -305162.619563
          814.906250  -219085.939894 -1933719.155693  -305162.851917
          815.000000  -219086.833533 -1933719.613864  -305163.084272
          815.125000  -219087.727173 -1933720.072034  -305163.316626
          815.218750  -219088.396444 -1933720.601323  -305163.464712
          815.312500  -219089.290084 -1933720.868439  -305163.535826
          815.406250  -219090.183723 -1933721.326610  -305163.768180
          815.500000  -219090.632459 -1933721.566480  -305164.259197
          815.625000  -219091.526099 -1933722.024650  -305164.491552
          815.718750  -219092.868475 -1933722.149530  -305164.731201
          815.812500  -219093.765948 -1933722.247164  -305165.390754
          815.906250  -219094.883956 -1933722.443162  -305165.546135
          816.000000  -219095.777595 -1933722.710279  -305165.617249
          816.125000  -219096.446866 -1933723.239568  -305165.765335
          816.218750  -219097.340506 -1933723.506684  -305165.836449
          816.312500  -219098.009777 -1933724.035973  -305165.984535
          816.406250  -219098.682882 -1933728.598955  -305170.268357
          816.500000  -219099.572688 -1933724.832379  -305166.203735
          816.625000  -219100.245792 -1933729.013253  -305170.165076
          816.718750  -219101.135598 -1933727.348265  -305167.874102
          816.812500  -219101.804869 -1933726.158073  -305166.571022
          816.906250  -219102.698509 -1933726.807296  -305166.964617
          817.000000  -219103.143412 -1933727.407703  -305167.028436
          817.125000  -219103.812683 -1933727.936992  -305167.176522
          817.218750  -219104.481954 -1933728.466281  -305167.324609
          817.312500  -219105.151225 -1933728.995569  -305167.472695
          817.406250  -219106.044865 -1933729.453739  -305167.705049
          817.500000  -219106.714136 -1933729.791975  -305167.691895
          817.625000  -219107.603942 -1933730.801735  -305167.658292
          817.718750  -219108.273213 -1933731.139970  -305167.645138
          817.812500  -219108.718116 -1933731.931431  -305167.870197
          817.906250  -219109.387387 -1933732.460719  -305168.018283
          818.000000  -219110.056658 -1933732.990008  -305168.166370
          818.125000  -219110.946464 -1933733.808715  -305167.971526
          818.218750  -219111.615736 -1933734.146950  -305167.958371
          818.312500  -219112.285007 -1933734.676239  -305168.106458
          818.406250  -219113.178646 -1933735.134409  -305168.338812
          818.500000  -219113.847917 -1933735.663698  -305168.486899
          818.625000  -219114.517189 -1933736.192986  -305168.634985
          818.718750  -219115.410828 -1933736.651157  -305168.867340
          818.812500  -219116.080099 -1933737.180445  -305169.015426
          818.906250  -219116.749370 -1933737.709734  -305169.163513
          819.000000  -219116.513502 -1933739.435623  -305168.281371
          819.125000  -219117.407141 -1933739.893793  -305168.513726
          819.218750  -219118.300781 -1933740.351963  -305168.746080
          819.312500  -219118.745683 -1933740.952370  -305168.809899
          819.406250  -219119.859858 -1933741.699959  -305168.699322
          819.500000  -219120.529129 -1933742.038194  -305168.686168
          819.625000  -219121.875338 -1933741.993591  -305169.514257
          819.718750  -219122.548443 -1933742.162343  -305170.089542
          819.812500  -219123.442083 -1933742.620513  -305170.321896
          819.906250  -219124.335722 -1933743.078684  -305170.554250
          820.000000  -219125.229361 -1933743.536854  -305170.786605
          820.125000  -219125.898633 -1933744.066142  -305170.934691
          820.218750  -219126.567904 -1933744.595431  -305171.082778
          820.312500  -219127.237175 -1933745.124720  -305171.230864
          820.406250  -219128.130814 -1933745.773943  -305171.624459
          820.500000  -219128.800086 -1933746.303232  -305171.772546
          820.625000  -219129.693725 -1933746.761402  -305172.004900
          820.718750  -219130.362996 -1933747.481744  -305172.314227
          820.812500  -219130.811733 -1933747.721615  -305172.805244
          820.906250  -219131.481004 -1933748.441957  -305173.114571
          821.000000  -219132.150275 -1933748.971245  -305173.262658
          821.125000  -219133.043915 -1933749.620469  -305173.656253
          821.218750  -219133.717019 -1933749.980274  -305174.392779
          821.312500  -219134.386291 -1933750.700617  -305174.702106
          821.406250  -219134.831194 -1933751.109970  -305174.604684
          821.500000  -219135.949201 -1933751.879129  -305175.243787
          821.625000  -219136.622306 -1933752.047881  -305175.819072
          821.718750  -219137.291577 -1933752.768223  -305176.128400
          821.812500  -219138.185217 -1933753.417447  -305176.521995
          821.906250  -219138.854488 -1933753.946735  -305176.670081
          822.000000  -219139.523759 -1933754.284970  -305176.656927
          822.125000  -219140.193030 -1933754.814259  -305176.805013
          822.218750  -219140.862301 -1933755.343548  -305176.953100
          822.312500  -219141.531573 -1933755.872836  -305177.101186
          822.406250  -219141.980309 -1933756.303760  -305177.753444
          822.500000  -219142.649580 -1933756.641995  -305177.740290
          822.625000  -219143.539386 -1933757.460702  -305177.545446
          822.718750  -219143.984289 -1933758.061109  -305177.609265
          822.812500  -219144.653560 -1933758.590398  -305177.757351
          822.906250  -219145.326665 -1933759.141257  -305178.655117
          823.000000  -219146.220305 -1933759.790480  -305179.048712
          823.125000  -219146.889576 -1933760.701876  -305179.519280
          823.218750  -219147.558847 -1933761.040111  -305179.506126
          823.312500  -219148.456320 -1933762.284065  -305181.133123
          823.406250  -219149.129425 -1933762.834924  -305182.030890
          823.500000  -219149.798696 -1933763.555266  -305182.340217
          823.625000  -219150.467967 -1933764.275608  -305182.649544
          823.718750  -219151.137238 -1933765.187004  -305183.120112
          823.812500  -219151.578308 -1933765.765841  -305182.434251
          823.906250  -219152.479614 -1933766.267151  -305184.165965
          824.000000  -219153.148886 -1933766.987494  -305184.475292
          824.125000  -219154.042525 -1933767.636717  -305184.868887
          824.218750  -219154.259226 -1933769.241940  -305184.904962
          824.312500  -219154.707963 -1933769.863917  -305185.718460
          824.406250  -219155.597769 -1933768.581036  -305183.749968
          824.500000  -219155.822137 -1933769.465185  -305184.640440
          824.625000  -219156.491408 -1933769.803420  -305184.627286
          824.718750  -219156.936311 -1933770.594880  -305184.852345
          824.812500  -219157.605582 -1933771.124169  -305185.000431
          824.906250  -219158.054319 -1933777.668804  -305190.812393
          825.000000  -219160.301835 -1933773.349174  -305189.341177
          825.125000  -219160.298001 -1933773.327604  -305188.591497
          825.218750  -219160.742904 -1933773.545904  -305188.332834
          825.312500  -219161.408342 -1933774.244676  -305187.892482
          825.406250  -219161.857078 -1933774.293493  -305188.222258
          825.500000  -219162.298148 -1933775.827597  -305188.342600
          825.625000  -219162.743051 -1933776.236951  -305188.245178
          825.718750  -219163.187954 -1933776.837358  -305188.308997
          825.812500  -219163.632856 -1933777.246711  -305188.211575
          825.906250  -219164.077759 -1933778.038172  -305188.436634
          826.000000  -219164.747031 -1933778.185353  -305188.262239
          826.125000  -219165.191934 -1933779.549974  -305188.971021
          826.218750  -219165.861205 -1933780.079263  -305189.119107
          826.312500  -219166.085573 -1933780.581305  -305189.687097
          826.406250  -219166.754844 -1933781.301647  -305189.996425
          826.500000  -219167.424115 -1933782.021989  -305190.305752
          826.625000  -219167.869018 -1933782.813449  -305190.530811
          826.718750  -219168.538290 -1933783.533792  -305190.840138
          826.812500  -219168.983193 -1933784.325252  -305191.065198
          826.906250  -219169.431929 -1933784.565122  -305191.556215
          827.000000  -219169.876832 -1933785.356583  -305191.781274
          827.125000  -219170.546103 -1933786.076925  -305192.090601
          827.218750  -219170.991006 -1933786.868385  -305192.315661
          827.312500  -219171.435909 -1933787.659846  -305192.540720
          827.406250  -219171.884646 -1933787.899716  -305193.031737
          827.500000  -219172.778285 -1933787.593672  -305192.619129
          827.625000  -219173.002653 -1933787.522554  -305192.703397
          827.718750  -219173.671924 -1933787.669736  -305192.529002
          827.812500  -219174.341196 -1933787.816917  -305192.354607
          827.906250  -219174.786099 -1933788.035217  -305192.095944
          828.000000  -219175.234835 -1933787.892981  -305192.264479
          828.125000  -219175.904106 -1933788.040162  -305192.090084
          828.218750  -219176.120808 -1933789.263278  -305191.803678
          828.312500  -219176.345176 -1933789.574266  -305192.210427
          828.406250  -219177.014447 -1933790.103555  -305192.358513
          828.500000  -219177.459350 -1933790.703962  -305192.422332
          828.625000  -219178.132455 -1933790.108500  -305192.352654
          828.718750  -219178.801726 -1933790.255682  -305192.178259
          828.812500  -219179.250462 -1933790.113445  -305192.346795
          828.906250  -219179.246629 -1933792.575570  -305193.693244
          829.000000  -219179.470997 -1933792.886559  -305194.099994
          829.125000  -219179.915900 -1933792.531698  -305193.357609
          829.218750  -219180.140268 -1933793.224794  -305194.086839
          829.312500  -219180.364637 -1933793.153675  -305194.171107
          829.406250  -219180.809539 -1933793.945136  -305194.396167
          829.500000  -219181.033908 -1933793.491911  -305194.157953
          829.625000  -219181.916047 -1933780.893735  -305181.176898
          829.718750  -219182.136581 -1933780.418939  -305180.189004
          829.812500  -219181.703179 -1933791.537504  -305192.209910
          829.906250  -219182.148082 -1933787.361574  -305188.242710
          830.000000  -219182.372450 -1933787.481510  -305188.488219
          830.125000  -219182.596818 -1933787.601445  -305188.733727
          830.218750  -219182.376284 -1933787.885187  -305189.560380
          830.312500  -219183.041721 -1933782.088141  -305183.637843
          830.406250  -219182.821187 -1933784.091364  -305185.915662
          830.500000  -219182.825020 -1933785.450308  -305187.794027
          830.625000  -219182.828854 -1933786.236092  -305189.188670
          830.718750  -219183.053222 -1933786.929188  -305189.917901
          830.812500  -219183.057055 -1933788.288132  -305191.796266
          830.906250  -219182.836521 -1933788.189767  -305192.300437
          831.000000  -219182.840354 -1933789.357658  -305194.017562
          831.125000  -219182.840354 -1933789.739765  -305194.340043
          831.218750  -219182.844188 -1933789.952389  -305195.250964
          831.312500  -219182.844188 -1933790.334496  -305195.573445
          831.406250  -219182.848021 -1933791.120280  -305196.968088
          831.500000  -219182.851855 -1933794.007652  -305200.136379
          831.625000  -219182.631320 -1933792.571913  -305199.511865
          831.718750  -219182.631320 -1933794.482448  -305201.124273
          831.812500  -219182.635154 -1933793.930857  -305201.390230
          831.906250  -219182.635154 -1933793.739804  -305201.228990
          832.000000  -219182.414619 -1933793.450385  -305201.571920
          832.125000  -219182.638987 -1933793.761374  -305201.978670
          832.218750  -219182.638987 -1933793.188214  -305201.494947
          832.312500  -219182.418453 -1933793.663009  -305202.482841
          832.406250  -219182.422286 -1933793.875633  -305203.393762
          832.500000  -219182.422286 -1933793.875633  -305203.393762
          832.625000  -219182.422286 -1933793.493526  -305203.071280
          832.718750  -219182.201752 -1933793.395161  -305203.575452
          832.812500  -219182.201752 -1933794.159375  -305204.220414
          832.906250  -219182.205585 -1933793.989891  -305204.808854
          833.000000  -219182.205585 -1933794.754105  -305205.453817
          833.125000  -219182.205585 -1933794.563052  -305205.292576
          833.218750  -219181.985050 -1933793.891527  -305205.313025
          833.312500  -219181.985050 -1933794.273633  -305205.635507
          833.406250  -219181.988884 -1933794.295204  -305206.385186
          833.500000  -219181.988884 -1933794.677311  -305206.707668
          833.625000  -219181.992717 -1933794.316774  -305207.134866
          833.718750  -219181.992717 -1933794.316774  -305207.134866
          833.812500  -219181.992717 -1933794.507827  -305207.296107
          833.906250  -219181.996551 -1933794.338344  -305207.884546
          834.000000  -219181.996551 -1933794.338344  -305207.884546
          834.125000  -219182.000385 -1933794.168861  -305208.472986
          834.218750  -219182.000385 -1933794.168861  -305208.472986
          834.312500  -219181.779850 -1933793.879442  -305208.815916
          834.406250  -219182.004218 -1933793.999377  -305209.061425
          834.500000  -219181.783683 -1933793.709959  -305209.404355
          834.625000  -219181.783683 -1933793.709959  -305209.404355
          834.718750  -219181.787517 -1933793.540476  -305209.992795
          834.812500  -219181.787517 -1933793.540476  -305209.992795
          834.906250  -219181.787517 -1933793.731529  -305210.154035
          835.000000  -219181.791350 -1933793.562046  -305210.742475
          835.125000  -219181.791350 -1933793.370992  -305210.581234
          835.218750  -219181.791350 -1933793.370992  -305210.581234
          835.312500  -219181.795184 -1933793.201509  -305211.169673
          835.406250  -219181.795184 -1933793.392563  -305211.330914
          835.500000  -219181.799018 -1933793.032026  -305211.758112
          835.625000  -219181.799018 -1933793.032026  -305211.758112
          835.718750  -219181.578483 -1933792.742607  -305212.101043
          835.812500  -219181.802851 -1933792.862543  -305212.346552
          835.906250  -219181.802851 -1933792.862543  -305212.346552
          836.000000  -219181.806685 -1933792.693059  -305212.934991
          836.125000  -219181.806685 -1933792.693059  -305212.934991
          836.218750  -219181.806685 -1933792.502006  -305212.773750
          836.312500  -219181.586150 -1933792.021534  -305212.955440
          836.406250  -219181.586150 -1933792.212587  -305213.116681
          836.500000  -219181.810518 -1933792.141469  -305213.200949
          836.625000  -219181.810518 -1933792.141469  -305213.200949
          836.718750  -219181.589984 -1933792.043104  -305213.705120
          836.812500  -219181.589984 -1933791.852051  -305213.543879
          836.906250  -219181.589984 -1933791.852051  -305213.543879
          837.000000  -219181.589984 -1933792.043104  -305213.705120
          837.125000  -219181.361782 -1933791.519492  -305212.387450
          837.218750  -219181.357948 -1933791.306868  -305211.476529
          837.312500  -219181.133580 -1933790.804826  -305210.908539
          837.406250  -219181.133580 -1933790.613773  -305210.747299
          837.500000  -219180.909212 -1933790.302784  -305210.340549
          837.625000  -219181.129746 -1933790.401149  -305209.836378
          837.718750  -219180.905378 -1933790.281214  -305209.590869
          837.812500  -219180.905378 -1933790.090161  -305209.429629
          837.906250  -219180.901545 -1933790.259644  -305208.841189
          838.000000  -219180.901545 -1933790.068590  -305208.679949
          838.125000  -219180.901545 -1933789.877537  -305208.518708
          838.218750  -219180.677176 -1933789.757602  -305208.273199
          838.312500  -219180.677176 -1933789.757602  -305208.273199
          838.406250  -219180.452808 -1933789.446613  -305207.866450
          838.500000  -219180.452808 -1933789.064506  -305207.543969
          838.625000  -219180.673343 -1933789.162871  -305207.039797
          838.718750  -219180.448975 -1933789.042936  -305206.794289
          838.812500  -219180.673343 -1933788.971818  -305206.878556
          838.906250  -219180.448975 -1933789.042936  -305206.794289
          839.000000  -219180.448975 -1933789.233990  -305206.955529
          839.125000  -219180.448975 -1933789.233990  -305206.955529
          839.218750  -219180.448975 -1933789.233990  -305206.955529
          839.312500  -219180.224606 -1933789.114054  -305206.710021
          839.406250  -219180.448975 -1933789.233990  -305206.955529
          839.500000  -219180.224606 -1933789.114054  -305206.710021
          839.625000  -219180.224606 -1933789.114054  -305206.710021
          839.718750  -219180.000238 -1933788.994119  -305206.464512
          839.812500  -219180.224606 -1933788.731947  -305206.387539
          839.906250  -219180.224606 -1933788.731947  -305206.387539
          840.000000  -219180.224606 -1933788.540894  -305206.226299
          840.125000  -219180.224606 -1933788.540894  -305206.226299
          840.218750  -219180.220773 -1933788.901431  -305205.799100
          840.312500  -219180.224606 -1933788.540894  -305206.226299
          840.406250  -219180.445141 -1933788.830312  -305205.883368
          840.500000  -219180.445141 -1933788.830312  -305205.883368
          840.625000  -219180.445141 -1933788.639259  -305205.722127
          840.718750  -219180.224606 -1933788.540894  -305206.226299
          840.812500  -219180.224606 -1933788.540894  -305206.226299
          840.906250  -219180.224606 -1933788.540894  -305206.226299
          841.000000  -219180.224606 -1933788.731947  -305206.387539
          841.125000  -219180.224606 -1933788.731947  -305206.387539
          841.218750  -219180.224606 -1933788.731947  -305206.387539
          841.312500  -219180.224606 -1933788.923001  -305206.548780
          841.406250  -219180.224606 -1933789.114054  -305206.710021
          841.500000  -219180.224606 -1933789.114054  -305206.710021
          841.625000  -219180.448975 -1933789.233990  -305206.955529
          841.718750  -219180.448975 -1933789.425043  -305207.116770
          841.812500  -219180.448975 -1933789.425043  -305207.116770
          841.906250  -219180.448975 -1933789.425043  -305207.116770
          842.000000  -219180.669509 -1933789.905515  -305206.935080
          842.125000  -219180.669509 -1933789.905515  -305206.935080
          842.218750  -219180.893877 -1933790.025450  -305207.180589
          842.312500  -219180.893877 -1933790.025450  -305207.180589
          842.406250  -219180.893877 -1933790.025450  -305207.180589
          842.500000  -219181.118246 -1933790.145385  -305207.426097
          842.625000  -219181.118246 -1933790.336439  -305207.587338
          842.718750  -219181.563149 -1933790.554739  -305207.328675
          842.812500  -219181.787517 -1933790.674674  -305207.574184
          842.906250  -219181.787517 -1933790.674674  -305207.574184
          843.000000  -219182.236253 -1933790.723490  -305207.903960
          843.125000  -219182.460622 -1933790.652372  -305207.988228
          843.218750  -219182.905525 -1933790.870672  -305207.729565
          843.312500  -219183.129893 -1933790.990607  -305207.975074
          843.406250  -219183.354261 -1933790.919489  -305208.059342
          843.500000  -219183.799164 -1933791.328842  -305207.961919
          843.625000  -219184.023532 -1933791.257724  -305208.046187
          843.718750  -219184.472269 -1933791.306541  -305208.375964
          843.812500  -219184.917172 -1933791.524841  -305208.117301
          843.906250  -219185.141540 -1933791.644776  -305208.362809
          844.000000  -219185.365908 -1933791.573658  -305208.447077
          844.125000  -219185.814645 -1933791.622474  -305208.776854
          844.218750  -219185.814645 -1933791.622474  -305208.776854
          844.312500  -219186.259548 -1933791.840774  -305208.518191
          844.406250  -219186.483916 -1933791.960710  -305208.763699
          844.500000  -219186.483916 -1933791.960710  -305208.763699
          844.625000  -219186.708284 -1933791.889591  -305208.847967
          844.718750  -219186.708284 -1933791.889591  -305208.847967
          844.812500  -219186.932652 -1933791.818473  -305208.932235
          844.906250  -219186.932652 -1933791.818473  -305208.932235
          845.000000  -219186.932652 -1933791.818473  -305208.932235
          845.125000  -219187.153187 -1933792.107891  -305208.589305
          845.218750  -219187.153187 -1933792.107891  -305208.589305
          845.312500  -219187.377555 -1933792.036773  -305208.673572
          845.406250  -219187.377555 -1933792.036773  -305208.673572
          845.500000  -219187.377555 -1933791.845719  -305208.512332
          845.625000  -219187.377555 -1933791.845719  -305208.512332
          845.718750  -219187.377555 -1933791.845719  -305208.512332
          845.812500  -219187.377555 -1933791.654666  -305208.351091
          845.906250  -219187.601924 -1933791.583548  -305208.435359
          846.000000  -219187.601924 -1933791.392494  -305208.274118
          846.125000  -219187.601924 -1933791.201441  -305208.112877
          846.218750  -219187.601924 -1933791.201441  -305208.112877
          846.312500  -219187.826292 -1933790.939269  -305208.035904
          846.406250  -219188.050660 -1933790.677097  -305207.958931
          846.500000  -219188.050660 -1933790.486044  -305207.797691
          846.625000  -219188.275028 -1933790.223872  -305207.720718
          846.718750  -219188.275028 -1933790.032818  -305207.559477
          846.812500  -219188.499397 -1933789.961700  -305207.643745
          846.906250  -219188.499397 -1933789.579593  -305207.321264
          847.000000  -219188.723765 -1933789.317421  -305207.244291
          847.125000  -219188.727598 -1933788.765831  -305207.510248
          847.218750  -219188.951967 -1933788.503659  -305207.433275
          847.312500  -219188.951967 -1933788.312606  -305207.272035
          847.406250  -219189.176335 -1933787.859380  -305207.033821
          847.500000  -219189.400703 -1933787.597209  -305206.956848
          847.625000  -219189.625071 -1933787.335037  -305206.879875
          847.718750  -219189.625071 -1933786.952930  -305206.557394
          847.812500  -219189.849440 -1933786.690758  -305206.480421
          847.906250  -219189.853273 -1933786.139168  -305206.746379
          848.000000  -219190.077642 -1933785.685943  -305206.508165
          848.125000  -219190.302010 -1933785.423771  -305206.431192
          848.218750  -219190.302010 -1933785.232717  -305206.269952
          848.312500  -219190.526378 -1933784.779492  -305206.031738
          848.406250  -219190.530212 -1933784.227902  -305206.297696
          848.500000  -219190.754580 -1933783.774676  -305206.059482
          848.625000  -219190.978948 -1933783.512505  -305205.982509
          848.718750  -219191.203316 -1933783.059279  -305205.744296
          848.812500  -219191.427685 -1933782.797108  -305205.667323
          848.906250  -219191.652053 -1933782.343882  -305205.429109
          849.000000  -219191.655886 -1933781.792292  -305205.695067
          849.125000  -219191.876421 -1933781.699603  -305205.029655
          849.218750  -219191.880255 -1933781.148013  -305205.295612
          849.312500  -219192.104623 -1933780.694788  -305205.057399
          849.406250  -219192.328991 -1933780.432616  -305204.980426
          849.500000  -219192.553359 -1933779.979391  -305204.742212
          849.625000  -219192.777728 -1933779.717219  -305204.665239
          849.718750  -219192.557193 -1933779.045694  -305204.685689
          849.812500  -219192.781561 -1933778.783522  -305204.608716
          849.906250  -219192.781561 -1933778.592468  -305204.447475
          850.000000  -219193.005929 -1933778.330297  -305204.370502
          850.125000  -219193.005929 -1933778.139243  -305204.209261
          850.218750  -219193.230298 -1933778.068125  -305204.293529
          850.312500  -219193.230298 -1933777.877071  -305204.132288
          850.406250  -219193.454666 -1933777.805953  -305204.216556
          850.500000  -219193.454666 -1933777.805953  -305204.216556
          850.625000  -219193.454666 -1933777.805953  -305204.216556
          850.718750  -219193.454666 -1933777.805953  -305204.216556
          850.812500  -219193.230298 -1933777.877071  -305204.132288
          850.906250  -219193.454666 -1933777.805953  -305204.216556
          851.000000  -219193.454666 -1933777.805953  -305204.216556
          851.125000  -219193.454666 -1933777.805953  -305204.216556
          851.218750  -219193.230298 -1933778.068125  -305204.293529
          851.312500  -219193.230298 -1933778.068125  -305204.293529
          851.406250  -219193.230298 -1933778.259178  -305204.454770
          851.500000  -219193.230298 -1933778.450232  -305204.616011
          851.625000  -219193.005929 -1933778.521350  -305204.531743
          851.718750  -219193.005929 -1933778.712404  -305204.692984
          851.812500  -219192.781561 -1933778.974575  -305204.769956
          851.906250  -219192.781561 -1933778.974575  -305204.769956
          852.000000  -219192.557193 -1933779.236747  -305204.846929
          852.125000  -219192.557193 -1933779.427801  -305205.008170
          852.218750  -219192.557193 -1933779.618854  -305205.169411
          852.312500  -219192.332825 -1933779.881026  -305205.246384
          852.406250  -219192.557193 -1933780.000961  -305205.491892
          852.500000  -219192.332825 -1933780.263133  -305205.568865
          852.625000  -219192.332825 -1933780.454186  -305205.730106
          852.718750  -219192.332825 -1933780.645240  -305205.891347
          852.812500  -219192.108456 -1933780.907412  -305205.968319
          852.906250  -219192.108456 -1933781.098465  -305206.129560
          853.000000  -219191.884088 -1933781.360637  -305206.206533
          853.125000  -219191.884088 -1933781.551690  -305206.367774
          853.218750  -219191.884088 -1933781.551690  -305206.367774
          853.312500  -219191.659720 -1933781.813862  -305206.444747
          853.406250  -219191.659720 -1933782.004916  -305206.605987
          853.500000  -219191.659720 -1933782.195969  -305206.767228
          853.625000  -219191.659720 -1933782.387023  -305206.928469
          853.718750  -219191.655886 -1933782.747559  -305206.501270
          853.812500  -219191.655886 -1933782.938613  -305206.662511
          853.906250  -219191.655886 -1933783.129666  -305206.823752
          854.000000  -219191.431518 -1933783.200785  -305206.739484
          854.125000  -219191.431518 -1933783.391838  -305206.900725
          854.218750  -219191.431518 -1933783.582892  -305207.061966
          854.312500  -219191.207150 -1933783.845063  -305207.138938
          854.406250  -219191.207150 -1933783.845063  -305207.138938
          854.500000  -219191.207150 -1933784.036117  -305207.300179
          854.625000  -219191.203316 -1933784.587707  -305207.034221
          854.718750  -219191.203316 -1933784.778761  -305207.195462
          854.812500  -219191.203316 -1933784.969814  -305207.356703
          854.906250  -219190.978948 -1933785.231986  -305207.433676
          855.000000  -219190.978948 -1933785.423039  -305207.594916
          855.125000  -219190.754580 -1933785.685211  -305207.671889
          855.218750  -219190.754580 -1933785.876265  -305207.833130
          855.312500  -219190.754580 -1933786.067318  -305207.994371
          855.406250  -219190.530212 -1933786.329490  -305208.071344
          855.500000  -219190.750746 -1933786.618908  -305207.728413
          855.625000  -219190.305843 -1933786.782715  -305208.309557
          855.718750  -219190.526378 -1933787.263187  -305208.127867
          855.812500  -219190.302010 -1933787.525359  -305208.204840
          855.906250  -219190.302010 -1933787.716412  -305208.366081
          856.000000  -219190.077642 -1933787.978584  -305208.443054
          856.125000  -219189.853273 -1933788.240756  -305208.520027
          856.218750  -219189.853273 -1933788.431809  -305208.681268
          856.312500  -219189.628905 -1933788.693981  -305208.758240
          856.406250  -219189.625071 -1933789.245571  -305208.492283
          856.500000  -219189.625071 -1933789.627678  -305208.814764
          856.625000  -219189.400703 -1933789.889850  -305208.891737
          856.718750  -219189.400703 -1933790.080904  -305209.052978
          856.812500  -219189.176335 -1933790.343075  -305209.129951
          856.906250  -219188.951967 -1933790.605247  -305209.206924
          857.000000  -219188.951967 -1933790.987354  -305209.529405
          857.125000  -219188.727598 -1933791.249526  -305209.606378
          857.218750  -219188.503230 -1933791.511698  -305209.683351
          857.312500  -219188.278862 -1933791.773870  -305209.760324
          857.406250  -219188.054494 -1933792.036042  -305209.837297
          857.500000  -219188.050660 -1933792.778685  -305209.732580
          857.625000  -219188.050660 -1933792.969739  -305209.893820
          857.718750  -219187.826292 -1933793.231910  -305209.970793
          857.812500  -219187.601924 -1933793.494082  -305210.047766
          857.906250  -219187.601924 -1933793.685136  -305210.209007
          858.000000  -219187.377555 -1933793.947308  -305210.285980
          858.125000  -219187.153187 -1933794.209479  -305210.362953
          858.218750  -219187.153187 -1933794.591586  -305210.685434
          858.312500  -219186.928819 -1933794.853758  -305210.762407
          858.406250  -219186.704451 -1933795.115930  -305210.839380
          858.500000  -219186.700617 -1933795.667520  -305210.573422
          858.625000  -219186.480082 -1933795.569155  -305211.077593
          858.718750  -219186.476249 -1933796.120745  -305210.811636
          858.812500  -219186.476249 -1933796.311799  -305210.972876
          858.906250  -219186.251881 -1933796.382917  -305210.888609
          859.000000  -219186.251881 -1933796.573971  -305211.049849
          859.125000  -219186.027512 -1933796.836143  -305211.126822
          859.218750  -219186.027512 -1933796.836143  -305211.126822
          859.312500  -219186.027512 -1933797.027196  -305211.288063
          859.406250  -219185.803144 -1933797.289368  -305211.365036
          859.500000  -219185.803144 -1933797.289368  -305211.365036
          859.625000  -219185.578776 -1933797.551540  -305211.442009
          859.718750  -219185.578776 -1933797.742593  -305211.603249
          859.812500  -219185.354408 -1933797.813712  -305211.518982
          859.906250  -219185.354408 -1933798.004765  -305211.680222
          860.000000  -219185.354408 -1933798.004765  -305211.680222
          860.125000  -219185.130039 -1933798.266937  -305211.757195
          860.218750  -219185.130039 -1933798.266937  -305211.757195
          860.312500  -219185.130039 -1933798.457990  -305211.918436
          860.406250  -219184.905671 -1933798.720162  -305211.995409
          860.500000  -219184.905671 -1933798.720162  -305211.995409
          860.625000  -219184.905671 -1933798.911216  -305212.156650
          860.718750  -219184.905671 -1933798.911216  -305212.156650
          860.812500  -219184.901838 -1933799.462806  -305211.890692
          860.906250  -219184.901838 -1933799.462806  -305211.890692
          861.000000  -219184.901838 -1933799.462806  -305211.890692
          861.125000  -219184.901838 -1933799.462806  -305211.890692
          861.218750  -219184.901838 -1933799.462806  -305211.890692
          861.312500  -219184.901838 -1933799.462806  -305211.890692
          861.406250  -219184.901838 -1933799.653859  -305212.051933
          861.500000  -219184.901838 -1933799.462806  -305211.890692
          861.625000  -219184.901838 -1933799.462806  -305211.890692
          861.718750  -219184.901838 -1933799.462806  -305211.890692
          861.812500  -219184.901838 -1933799.462806  -305211.890692
          861.906250  -219185.126206 -1933799.200634  -305211.813719
          862.000000  -219185.126206 -1933799.009580  -305211.652478
          862.125000  -219184.905671 -1933798.720162  -305211.995409
          862.218750  -219185.130039 -1933798.457990  -305211.918436
          862.312500  -219185.130039 -1933798.457990  -305211.918436
          862.406250  -219185.350574 -1933798.556355  -305211.414265
          862.500000  -219185.354408 -1933798.004765  -305211.680222
          862.625000  -219185.578776 -1933797.742593  -305211.603249
          862.718750  -219185.803144 -1933797.480421  -305211.526277
          862.812500  -219185.803144 -1933797.289368  -305211.365036
          862.906250  -219186.027512 -1933797.027196  -305211.288063
          863.000000  -219186.251881 -1933796.765024  -305211.211090
          863.125000  -219186.476249 -1933796.311799  -305210.972876
          863.218750  -219186.476249 -1933796.120745  -305210.811636
          863.312500  -219186.700617 -1933795.858574  -305210.734663
          863.406250  -219186.924985 -1933795.405348  -305210.496449
          863.500000  -219187.149354 -1933795.143177  -305210.419476
          863.625000  -219187.373722 -1933794.689951  -305210.181263
          863.718750  -219187.598090 -1933794.427779  -305210.104290
          863.812500  -219187.822458 -1933793.974554  -305209.866076
          863.906250  -219188.046827 -1933793.521329  -305209.627862
          864.000000  -219188.271195 -1933793.259157  -305209.550890
          864.125000  -219188.495563 -1933792.805932  -305209.312676
          864.218750  -219188.723765 -1933791.992170  -305209.501661
          864.312500  -219188.948133 -1933791.729998  -305209.424688
          864.406250  -219189.172501 -1933791.276773  -305209.186474
          864.500000  -219189.396870 -1933790.823547  -305208.948261
          864.625000  -219189.621238 -1933790.370322  -305208.710047
          864.718750  -219190.069974 -1933789.845978  -305208.556101
          864.812500  -219190.073808 -1933789.103335  -305208.660818
          864.906250  -219190.298176 -1933788.650109  -305208.422605
          865.000000  -219190.746913 -1933788.125766  -305208.268659
          865.125000  -219190.971281 -1933787.672541  -305208.030445
          865.218750  -219191.420017 -1933787.148197  -305207.876500
          865.312500  -219191.644386 -1933786.694972  -305207.638286
          865.406250  -219191.648219 -1933785.761274  -305207.581762
          865.500000  -219192.096956 -1933785.236931  -305207.427816
          865.625000  -219192.321324 -1933784.783706  -305207.189603
          865.718750  -219192.770061 -1933784.259362  -305207.035657
          865.812500  -219192.994429 -1933783.806137  -305206.797443
          865.906250  -219193.218797 -1933783.161858  -305206.397989
          866.000000  -219193.667534 -1933782.637514  -305206.244043
          866.125000  -219193.891902 -1933782.184289  -305206.005830
          866.218750  -219194.120104 -1933781.179473  -305206.033574
          866.312500  -219194.344472 -1933780.726248  -305205.795360
          866.406250  -219194.793208 -1933780.201905  -305205.641414
          866.500000  -219195.241945 -1933779.486507  -305205.326228
          866.625000  -219195.466313 -1933779.033282  -305205.088014
          866.718750  -219195.694515 -1933778.219520  -305205.276999
          866.812500  -219195.918883 -1933777.575241  -305204.877545
          866.906250  -219196.367620 -1933777.050898  -305204.723599
          867.000000  -219196.371453 -1933776.308254  -305204.828316
          867.125000  -219196.820190 -1933775.783910  -305204.674370
          867.218750  -219196.824023 -1933774.850213  -305204.617847
          867.312500  -219197.272760 -1933774.325870  -305204.463901
          867.406250  -219197.721496 -1933773.610472  -305204.148714
          867.500000  -219197.725330 -1933772.867829  -305204.253431
          867.625000  -219198.174066 -1933772.343485  -305204.099485
          867.718750  -219198.398434 -1933771.890260  -305203.861272
          867.812500  -219198.847171 -1933771.174863  -305203.546085
          867.906250  -219198.851005 -1933770.432219  -305203.650802
          868.000000  -219199.075373 -1933769.978994  -305203.412589
          868.125000  -219199.524109 -1933769.454650  -305203.258643
          868.218750  -219199.748478 -1933769.001425  -305203.020429
          868.312500  -219199.972846 -1933768.548200  -305202.782216
          868.406250  -219200.197214 -1933768.286028  -305202.705243
          868.500000  -219200.201048 -1933767.543384  -305202.809960
          868.625000  -219200.425416 -1933767.281212  -305202.732987
          868.718750  -219200.425416 -1933767.090159  -305202.571746
          868.812500  -219200.649784 -1933766.827987  -305202.494773
          868.906250  -219200.649784 -1933766.827987  -305202.494773
          869.000000  -219200.649784 -1933766.636933  -305202.333533
          869.125000  -219200.874152 -1933766.565815  -305202.417800
          869.218750  -219200.874152 -1933766.565815  -305202.417800
          869.312500  -219200.653618 -1933766.276397  -305202.760731
          869.406250  -219200.877986 -1933766.205278  -305202.844999
          869.500000  -219200.877986 -1933766.205278  -305202.844999
          869.625000  -219200.877986 -1933766.205278  -305202.844999
          869.718750  -219200.653618 -1933766.276397  -305202.760731
          869.812500  -219200.653618 -1933766.467450  -305202.921972
          869.906250  -219200.653618 -1933766.467450  -305202.921972
          870.000000  -219200.429249 -1933766.729622  -305202.998945
          870.125000  -219200.429249 -1933766.920675  -305203.160185
          870.218750  -219200.204881 -1933767.182847  -305203.237158
          870.312500  -219200.204881 -1933767.182847  -305203.237158
          870.406250  -219199.980513 -1933767.445019  -305203.314131
          870.500000  -219199.980513 -1933767.636073  -305203.475372
          870.625000  -219199.756145 -1933767.898244  -305203.552345
          870.718750  -219199.531776 -1933768.160416  -305203.629318
          870.812500  -219199.531776 -1933768.351470  -305203.790558
          870.906250  -219199.307408 -1933768.422588  -305203.706291
          871.000000  -219199.083040 -1933768.875813  -305203.944504
          871.125000  -219198.858672 -1933769.137985  -305204.021477
          871.218750  -219198.858672 -1933769.329039  -305204.182718
          871.312500  -219198.854838 -1933769.880629  -305203.916760
          871.406250  -219198.630470 -1933770.142801  -305203.993733
          871.500000  -219198.406102 -1933770.404972  -305204.070706
          871.625000  -219198.181733 -1933770.667144  -305204.147679
          871.718750  -219197.957365 -1933770.929316  -305204.224652
          871.812500  -219197.732997 -1933771.382541  -305204.462865
          871.906250  -219197.508629 -1933771.644713  -305204.539838
          872.000000  -219197.284260 -1933771.906885  -305204.616811
          872.125000  -219197.059892 -1933772.360110  -305204.855025
          872.218750  -219197.059892 -1933772.551164  -305205.016265
          872.312500  -219196.835524 -1933772.813336  -305205.093238
          872.406250  -219196.831690 -1933773.555979  -305204.988521
          872.500000  -219196.607322 -1933773.818151  -305205.065494
          872.625000  -219196.382954 -1933774.080323  -305205.142467
          872.718750  -219196.158586 -1933774.342495  -305205.219440
          872.812500  -219195.934217 -1933774.795720  -305205.457654
          872.906250  -219195.709849 -1933775.057892  -305205.534626
          873.000000  -219195.485481 -1933775.320064  -305205.611599
          873.125000  -219195.485481 -1933775.511117  -305205.772840
          873.218750  -219195.036744 -1933775.844407  -305205.765545
          873.312500  -219195.036744 -1933776.035461  -305205.926786
          873.406250  -219195.032911 -1933776.587051  -305205.660828
          873.500000  -219194.584174 -1933776.920341  -305205.653533
          873.625000  -219194.584174 -1933777.111395  -305205.814774
          873.718750  -219194.359806 -1933777.373566  -305205.891747
          873.812500  -219194.135438 -1933777.635738  -305205.968720
          873.906250  -219193.911069 -1933777.897910  -305206.045693
          874.000000  -219193.907236 -1933778.449500  -305205.779735
          874.125000  -219193.682868 -1933778.711672  -305205.856708
          874.218750  -219193.458499 -1933778.973844  -305205.933681
          874.312500  -219193.234131 -1933779.236016  -305206.010654
          874.406250  -219193.009763 -1933779.498188  -305206.087626
          874.500000  -219193.009763 -1933779.689241  -305206.248867
          874.625000  -219192.785395 -1933779.951413  -305206.325840
          874.718750  -219192.561026 -1933780.213585  -305206.402813
          874.812500  -219192.557193 -1933780.574121  -305205.975614
          874.906250  -219192.332825 -1933780.836293  -305206.052587
          875.000000  -219192.108456 -1933781.098465  -305206.129560
          875.125000  -219192.104623 -1933781.459002  -305205.702362
          875.218750  -219191.880255 -1933781.721174  -305205.779335
          875.312500  -219191.876421 -1933782.081710  -305205.352136
          875.406250  -219191.648219 -1933782.513366  -305204.840670
          875.500000  -219191.648219 -1933782.704419  -305205.001911
          875.625000  -219191.420017 -1933783.136074  -305204.490444
          875.718750  -219191.195649 -1933783.207192  -305204.406176
          875.812500  -219191.191816 -1933783.567729  -305203.978978
          875.906250  -219191.187982 -1933783.928266  -305203.551779
          876.000000  -219190.959780 -1933784.359921  -305203.040313
          876.125000  -219190.959780 -1933784.359921  -305203.040313
          876.218750  -219190.731579 -1933784.982630  -305202.690087
          876.312500  -219190.731579 -1933784.982630  -305202.690087
          876.406250  -219190.727745 -1933785.343166  -305202.262889
          876.500000  -219190.503377 -1933785.605338  -305202.339862
          876.625000  -219190.499543 -1933785.965875  -305201.912663
          876.718750  -219190.275175 -1933786.228047  -305201.989636
          876.812500  -219190.050807 -1933786.299165  -305201.905368
          876.906250  -219190.271341 -1933786.779637  -305201.723678
          877.000000  -219190.046973 -1933786.850755  -305201.639411
          877.125000  -219189.822605 -1933787.112927  -305201.716384
          877.218750  -219189.598237 -1933787.375099  -305201.793356
          877.312500  -219189.598237 -1933787.566152  -305201.954597
          877.406250  -219189.373868 -1933787.828324  -305202.031570
          877.500000  -219189.149500 -1933788.090496  -305202.108543
          877.625000  -219188.925132 -1933788.352668  -305202.185516
          877.718750  -219189.145667 -1933788.833140  -305202.003826
          877.812500  -219188.921298 -1933789.095312  -305202.080799
          877.906250  -219188.696930 -1933789.357483  -305202.157772
          878.000000  -219188.472562 -1933789.619655  -305202.234745
          878.125000  -219188.472562 -1933789.810709  -305202.395985
          878.218750  -219188.248194 -1933790.072881  -305202.472958
          878.312500  -219188.023825 -1933790.335052  -305202.549931
          878.406250  -219187.799457 -1933790.788278  -305202.788145
          878.500000  -219187.575089 -1933791.050449  -305202.865118
          878.625000  -219187.346887 -1933791.673158  -305202.514892
          878.718750  -219187.346887 -1933792.055265  -305202.837373
          878.812500  -219186.898151 -1933792.388555  -305202.830079
          878.906250  -219186.673782 -1933792.841780  -305203.068292
          879.000000  -219186.449414 -1933793.103952  -305203.145265
          879.125000  -219186.000678 -1933793.628296  -305203.299211
          879.218750  -219185.776309 -1933794.081521  -305203.537424
          879.312500  -219185.772476 -1933794.633111  -305203.271467
          879.406250  -219185.323739 -1933795.157455  -305203.425412
          879.500000  -219185.099371 -1933795.610680  -305203.663626
          879.625000  -219184.875003 -1933795.872852  -305203.740599
          879.718750  -219184.426266 -1933796.397196  -305203.894545
          879.812500  -219184.201898 -1933796.850421  -305204.132758
          879.906250  -219183.973696 -1933797.664183  -305203.943774
          880.000000  -219183.749328 -1933797.926355  -305204.020746
          880.125000  -219183.524960 -1933798.379580  -305204.258960
          880.218750  -219183.076223 -1933798.903924  -305204.412906
          880.312500  -219182.851855 -1933799.357149  -305204.651119
          880.406250  -219182.403118 -1933799.690439  -305204.643824
          880.500000  -219182.399285 -1933800.433083  -305204.539107
          880.625000  -219182.174917 -1933800.886308  -305204.777321
          880.718750  -219181.726180 -1933801.219598  -305204.770026
          880.812500  -219181.501812 -1933801.672824  -305205.008240
          880.906250  -219181.053075 -1933802.197167  -305205.162186
          881.000000  -219180.828707 -1933802.459339  -305205.239158
          881.125000  -219180.379971 -1933802.983683  -305205.393104
          881.218750  -219180.155602 -1933803.436908  -305205.631318
          881.312500  -219180.151769 -1933804.179552  -305205.526601
          881.406250  -219179.703032 -1933804.512842  -305205.519306
          881.500000  -219179.478664 -1933804.966067  -305205.757519
          881.625000  -219179.254296 -1933805.228239  -305205.834492
          881.718750  -219179.250462 -1933805.779829  -305205.568535
          881.812500  -219179.022261 -1933806.402538  -305205.218309
          881.906250  -219178.577358 -1933806.566345  -305205.799453
          882.000000  -219178.573524 -1933806.926882  -305205.372255
          882.125000  -219178.356823 -1933806.659033  -305206.464865
          882.218750  -219178.349156 -1933807.380107  -305205.610468
          882.312500  -219178.124788 -1933807.642279  -305205.687441
          882.406250  -219178.345322 -1933807.931697  -305205.344511
          882.500000  -219178.124788 -1933807.833332  -305205.848682
          882.625000  -219177.900419 -1933807.904450  -305205.764414
          882.718750  -219177.900419 -1933807.904450  -305205.764414
          882.812500  -219177.900419 -1933807.904450  -305205.764414
          882.906250  -219177.676051 -1933808.166622  -305205.841387
          883.000000  -219177.676051 -1933808.166622  -305205.841387
          883.125000  -219177.896586 -1933808.456041  -305205.498456
          883.218750  -219177.676051 -1933808.357676  -305206.002628
          883.312500  -219177.676051 -1933808.357676  -305206.002628
          883.406250  -219177.451683 -1933808.428794  -305205.918360
          883.500000  -219177.451683 -1933808.428794  -305205.918360
          883.625000  -219177.451683 -1933808.428794  -305205.918360
          883.718750  -219177.451683 -1933808.619848  -305206.079601
          883.812500  -219177.451683 -1933808.619848  -305206.079601
          883.906250  -219177.451683 -1933808.619848  -305206.079601
          884.000000  -219177.451683 -1933808.619848  -305206.079601
          884.125000  -219177.451683 -1933808.619848  -305206.079601
          884.218750  -219177.451683 -1933808.619848  -305206.079601
          884.312500  -219177.676051 -1933808.357676  -305206.002628
          884.406250  -219177.676051 -1933808.357676  -305206.002628
          884.500000  -219177.676051 -1933808.357676  -305206.002628
          884.625000  -219177.676051 -1933808.166622  -305205.841387
          884.718750  -219177.676051 -1933808.166622  -305205.841387
          884.812500  -219177.900419 -1933808.095504  -305205.925655
          884.906250  -219177.900419 -1933807.904450  -305205.764414
          885.000000  -219177.900419 -1933807.904450  -305205.764414
          885.125000  -219178.124788 -1933807.642279  -305205.687441
          885.218750  -219178.124788 -1933807.451225  -305205.526201
          885.312500  -219178.349156 -1933807.380107  -305205.610468
          885.406250  -219178.349156 -1933807.189053  -305205.449228
          885.500000  -219178.573524 -1933807.117935  -305205.533496
          885.625000  -219178.573524 -1933806.926882  -305205.372255
          885.718750  -219178.797892 -1933806.664710  -305205.295282
          885.812500  -219179.022261 -1933806.402538  -305205.218309
          885.906250  -219178.801726 -1933806.113119  -305205.561240
          886.000000  -219179.026094 -1933805.850948  -305205.484267
          886.125000  -219179.026094 -1933805.659894  -305205.323026
          886.218750  -219179.250462 -1933805.397722  -305205.246053
          886.312500  -219179.474831 -1933805.135551  -305205.169080
          886.406250  -219179.474831 -1933804.944497  -305205.007840
          886.500000  -219179.699199 -1933804.682325  -305204.930867
          886.625000  -219179.923567 -1933804.420153  -305204.853894
          886.718750  -219180.147935 -1933804.157982  -305204.776921
          886.812500  -219180.372304 -1933803.895810  -305204.699948
          886.906250  -219180.596672 -1933803.633638  -305204.622975
          887.000000  -219180.596672 -1933803.442585  -305204.461734
          887.125000  -219180.821040 -1933802.989359  -305204.223521
          887.218750  -219181.045408 -1933802.727187  -305204.146548
          887.312500  -219181.269777 -1933802.465016  -305204.069575
          887.406250  -219181.494145 -1933802.011790  -305203.831361
          887.500000  -219181.718513 -1933801.749619  -305203.754388
          887.625000  -219181.722347 -1933801.198028  -305204.020346
          887.718750  -219181.946715 -1933800.744803  -305203.782133
          887.812500  -219182.395451 -1933800.411513  -305203.789427
          887.906250  -219182.619820 -1933799.958288  -305203.551214
          888.000000  -219182.844188 -1933799.505062  -305203.313000
          888.125000  -219183.068556 -1933799.242890  -305203.236027
          888.218750  -219183.292924 -1933798.789665  -305202.997814
          888.312500  -219183.741661 -1933798.456375  -305203.005109
          888.406250  -219183.966029 -1933798.003150  -305202.766895
          888.500000  -219184.190397 -1933797.549924  -305202.528681
          888.625000  -219184.418599 -1933796.736162  -305202.717666
          888.718750  -219184.642967 -1933796.282937  -305202.479453
          888.812500  -219185.091704 -1933795.758593  -305202.325507
          888.906250  -219185.316072 -1933795.305368  -305202.087293
          889.000000  -219185.764809 -1933794.781025  -305201.933347
          889.125000  -219185.989177 -1933794.327799  -305201.695134
          889.218750  -219186.437913 -1933793.803456  -305201.541188
          889.312500  -219186.886650 -1933793.279112  -305201.387242
          889.406250  -219187.111018 -1933792.825887  -305201.149029
          889.500000  -219187.339220 -1933791.821071  -305201.176773
          889.625000  -219187.787956 -1933791.296728  -305201.022827
          889.718750  -219188.236693 -1933790.772384  -305200.868881
          889.812500  -219188.461061 -1933790.128105  -305200.469427
          889.906250  -219188.909798 -1933789.603762  -305200.315481
          890.000000  -219189.358534 -1933788.888364  -305200.000295
          890.125000  -219189.807271 -1933788.364021  -305199.846349
          890.218750  -219190.035473 -1933787.359205  -305199.874093
          890.312500  -219190.484209 -1933786.834862  -305199.720147
          890.406250  -219190.932945 -1933786.119465  -305199.404961
          890.500000  -219191.381682 -1933785.404067  -305199.089774
          890.625000  -219191.830418 -1933784.879724  -305198.935828
          890.718750  -219192.279155 -1933784.164327  -305198.620642
          890.812500  -219192.727891 -1933783.448930  -305198.305455
          890.906250  -219193.176628 -1933782.733532  -305197.990269
          891.000000  -219193.404830 -1933781.728717  -305198.018013
          891.125000  -219194.077935 -1933781.133255  -305197.948335
          891.218750  -219194.526671 -1933780.417858  -305197.633149
          891.312500  -219194.975408 -1933779.702461  -305197.317962
          891.406250  -219195.424144 -1933778.987064  -305197.002775
          891.500000  -219195.652346 -1933777.982248  -305197.030520
          891.625000  -219196.325451 -1933777.195733  -305196.799601
          891.718750  -219196.774187 -1933776.480336  -305196.484414
          891.812500  -219197.222924 -1933775.764938  -305196.169228
          891.906250  -219197.896028 -1933774.978423  -305195.938309
          892.000000  -219198.344765 -1933774.263026  -305195.623123
          892.125000  -219198.572967 -1933773.258210  -305195.650867
          892.218750  -219199.021703 -1933772.542813  -305195.335680
          892.312500  -219199.694808 -1933771.756298  -305195.104762
          892.406250  -219200.143544 -1933771.040901  -305194.789575
          892.500000  -219200.592281 -1933770.325504  -305194.474389
          892.625000  -219201.041017 -1933769.610107  -305194.159202
          892.718750  -219201.493587 -1933768.534173  -305194.271214
          892.812500  -219201.942324 -1933767.818776  -305193.956028
          892.906250  -219202.391060 -1933767.103378  -305193.640841
          893.000000  -219202.839797 -1933766.387981  -305193.325655
          893.125000  -219203.512902 -1933765.601466  -305193.094736
          893.218750  -219203.741103 -1933764.596650  -305193.122480
          893.312500  -219204.189840 -1933763.881253  -305192.807294
          893.406250  -219204.862945 -1933763.094738  -305192.576375
          893.500000  -219205.311681 -1933762.379341  -305192.261188
          893.625000  -219205.760418 -1933761.663944  -305191.946002
          893.718750  -219206.209154 -1933760.948547  -305191.630815
          893.812500  -219206.437356 -1933759.943731  -305191.658559
          893.906250  -219207.110461 -1933759.157216  -305191.427641
          894.000000  -219207.559197 -1933758.441818  -305191.112454
          894.125000  -219208.007934 -1933757.726421  -305190.797268
          894.218750  -219208.456670 -1933757.011024  -305190.482081
          894.312500  -219208.684872 -1933756.006209  -305190.509825
          894.406250  -219209.357977 -1933755.219693  -305190.278907
          894.500000  -219209.806713 -1933754.504296  -305189.963720
          894.625000  -219210.255450 -1933753.788899  -305189.648534
          894.718750  -219210.704186 -1933753.264555  -305189.494588
          894.812500  -219211.152923 -1933752.549158  -305189.179401
          894.906250  -219211.605493 -1933751.473224  -305189.291413
          895.000000  -219212.054229 -1933750.757827  -305188.976227
          895.125000  -219212.502966 -1933750.042430  -305188.661040
          895.218750  -219212.951702 -1933749.327033  -305188.345854
          895.312500  -219213.400439 -1933748.802690  -305188.191908
          895.406250  -219213.849175 -1933748.087292  -305187.876722
          895.500000  -219214.077377 -1933747.082477  -305187.904466
          895.625000  -219214.526114 -1933746.367080  -305187.589279
          895.718750  -219214.974850 -1933745.842736  -305187.435333
          895.812500  -219215.423587 -1933745.127339  -305187.120147
          895.906250  -219216.096691 -1933744.340824  -305186.889228
          896.000000  -219216.321060 -1933743.887598  -305186.651015
          896.125000  -219216.549261 -1933742.882783  -305186.678759
          896.218750  -219216.997998 -1933742.167386  -305186.363572
          896.312500  -219217.671103 -1933741.571924  -305186.293894
          896.406250  -219217.895471 -1933740.927645  -305185.894440
          896.500000  -219218.568576 -1933740.141130  -305185.663521
          896.625000  -219219.017312 -1933739.616786  -305185.509575
          896.718750  -219219.241680 -1933738.972507  -305185.110121
          896.812500  -219219.469882 -1933737.967692  -305185.137865
          896.906250  -219219.918619 -1933737.443348  -305184.983919
          897.000000  -219220.367355 -1933736.919004  -305184.829974
          897.125000  -219220.816092 -1933736.203607  -305184.514787
          897.218750  -219221.260995 -1933736.039800  -305183.933643
          897.312500  -219221.485363 -1933735.586575  -305183.695429
          897.406250  -219221.709731 -1933735.133350  -305183.457216
          897.500000  -219221.934099 -1933734.871178  -305183.380243
          897.625000  -219222.154634 -1933734.778489  -305182.714831
          897.718750  -219222.154634 -1933734.587436  -305182.553590
          897.812500  -219222.375169 -1933734.685801  -305182.049418
          897.906250  -219222.595703 -1933734.784166  -305181.545247
          898.000000  -219222.595703 -1933734.593112  -305181.384006
          898.125000  -219222.816238 -1933734.691477  -305180.879835
          898.218750  -219223.036773 -1933734.789842  -305180.375664
          898.312500  -219223.032939 -1933734.959326  -305179.787224
          898.406250  -219223.032939 -1933734.768272  -305179.625984
          898.500000  -219223.029106 -1933734.937755  -305179.037544
          898.625000  -219223.249640 -1933735.036120  -305178.533373
          898.718750  -219223.245807 -1933735.205604  -305177.944934
          898.812500  -219223.245807 -1933735.014550  -305177.783693
          898.906250  -219223.241973 -1933735.375087  -305177.356495
          899.000000  -219223.462508 -1933735.473452  -305176.852323
          899.125000  -219223.238140 -1933735.353517  -305176.606815
          899.218750  -219223.234306 -1933735.523000  -305176.018375
          899.312500  -219223.234306 -1933735.523000  -305176.018375
          899.406250  -219223.230473 -1933735.692483  -305175.429936
          899.500000  -219223.230473 -1933735.692483  -305175.429936
          899.625000  -219223.006104 -1933735.572548  -305175.184428
          899.718750  -219223.002271 -1933735.742031  -305174.595988
          899.812500  -219223.002271 -1933735.742031  -305174.595988
          899.906250  -219222.777903 -1933735.622096  -305174.350480
          900.000000  -219222.777903 -1933735.622096  -305174.350480
          900.125000  -219222.553534 -1933735.693215  -305174.266212
          900.218750  -219222.329166 -1933735.573280  -305174.020703
          900.312500  -219222.108631 -1933735.283861  -305174.363634
          900.406250  -219221.884263 -1933735.163926  -305174.118126
          900.500000  -219221.659895 -1933735.043991  -305173.872617
          900.625000  -219221.435527 -1933735.115109  -305173.788349
          900.718750  -219220.990624 -1933734.705756  -305173.885771
          900.812500  -219220.766256 -1933734.776874  -305173.801503
          900.906250  -219220.541887 -1933734.656939  -305173.555995
          901.000000  -219220.096984 -1933734.247586  -305173.653417
          901.125000  -219219.872616 -1933734.127650  -305173.407908
          901.218750  -219219.427713 -1933733.909350  -305173.666571
          901.312500  -219218.978977 -1933733.860534  -305173.336795
          901.406250  -219218.534074 -1933733.451180  -305173.434217
          901.500000  -219218.309705 -1933733.331245  -305173.188708
          901.625000  -219217.860969 -1933733.282428  -305172.858932
          901.718750  -219217.416066 -1933732.873075  -305172.956354
          901.812500  -219216.746795 -1933732.534840  -305172.969508
          901.906250  -219216.522427 -1933732.605958  -305172.885240
          902.000000  -219215.853155 -1933732.267723  -305172.898395
          902.125000  -219215.628787 -1933732.147788  -305172.652886
          902.218750  -219214.959516 -1933731.618499  -305172.504799
          902.312500  -219214.510779 -1933731.569682  -305172.175023
          902.406250  -219214.065876 -1933731.160329  -305172.272445
          902.500000  -219213.396605 -1933730.822094  -305172.285599
          902.625000  -219212.947869 -1933730.773277  -305171.955823
          902.718750  -219212.278598 -1933730.435042  -305171.968977
          902.812500  -219212.054229 -1933730.315107  -305171.723469
          902.906250  -219211.384958 -1933729.976871  -305171.736623
          903.000000  -219210.715687 -1933729.638636  -305171.749777
          903.125000  -219210.266950 -1933729.589819  -305171.420001
          903.218750  -219209.597679 -1933729.060531  -305171.271914
          903.312500  -219208.928408 -1933728.722296  -305171.285069
          903.406250  -219208.704040 -1933728.602361  -305171.039560
          903.500000  -219208.034769 -1933728.264125  -305171.052714
          903.625000  -219207.586032 -1933728.215309  -305170.722938
          903.718750  -219206.916761 -1933727.686020  -305170.574851
          903.812500  -219206.247490 -1933727.347785  -305170.588006
          903.906250  -219205.578218 -1933727.009550  -305170.601160
          904.000000  -219205.129482 -1933726.960733  -305170.271383
          904.125000  -219204.684579 -1933726.360326  -305170.207565
          904.218750  -219204.015308 -1933726.022091  -305170.220719
          904.312500  -219203.346037 -1933725.683856  -305170.233873
          904.406250  -219202.897300 -1933725.635039  -305169.904097
          904.500000  -219202.228029 -1933725.105750  -305169.756010
          904.625000  -219201.558758 -1933724.767515  -305169.769165
          904.718750  -219200.889486 -1933724.429280  -305169.782319
          904.812500  -219200.440750 -1933724.189410  -305169.291302
          904.906250  -219199.771479 -1933723.851174  -305169.304456
          905.000000  -219198.877839 -1933723.584058  -305169.233342
          905.125000  -219198.208568 -1933723.054769  -305169.085256
          905.218750  -219197.759832 -1933723.005952  -305168.755479
          905.312500  -219197.090560 -1933722.667717  -305168.768634
          905.406250  -219196.421289 -1933722.138428  -305168.620547
          905.500000  -219195.752018 -1933721.800193  -305168.633701
          905.625000  -219195.303282 -1933721.560323  -305168.142684
          905.718750  -219194.634010 -1933721.222088  -305168.155839
          905.812500  -219193.964739 -1933720.883853  -305168.168993
          905.906250  -219193.295468 -1933720.354564  -305168.020906
          906.000000  -219192.626197 -1933720.016329  -305168.034061
          906.125000  -219192.177460 -1933719.776459  -305167.543043
          906.218750  -219191.508189 -1933719.438224  -305167.556198
          906.312500  -219190.614550 -1933718.980053  -305167.323843
          906.406250  -219189.945278 -1933718.641818  -305167.336998
          906.500000  -219189.276007 -1933718.112530  -305167.188911
          906.625000  -219188.827271 -1933718.063713  -305166.859135
          906.718750  -219188.157999 -1933717.534424  -305166.711048
          906.812500  -219187.488728 -1933717.196189  -305166.724202
          906.906250  -219186.819457 -1933716.666900  -305166.576116
          907.000000  -219186.150186 -1933716.328665  -305166.589270
          907.125000  -219185.705283 -1933715.728258  -305166.525452
          907.218750  -219185.256546 -1933715.488388  -305166.034434
          907.312500  -219184.362907 -1933715.221271  -305165.963321
          907.406250  -219183.693636 -1933714.691983  -305165.815234
          907.500000  -219183.024365 -1933714.162694  -305165.667148
          907.625000  -219182.579462 -1933713.753340  -305165.764570
          907.718750  -219182.130725 -1933713.513470  -305165.273553
          907.812500  -219181.461454 -1933712.984182  -305165.125466
          907.906250  -219180.567814 -1933712.717065  -305165.054353
          908.000000  -219180.122912 -1933712.116658  -305164.990534
          908.125000  -219179.453640 -1933711.778423  -305165.003688
          908.218750  -219178.784369 -1933711.249134  -305164.855602
          908.312500  -219178.335633 -1933711.009264  -305164.364585
          908.406250  -219177.666361 -1933710.671029  -305164.377739
          908.500000  -219176.997090 -1933710.141740  -305164.229653
          908.625000  -219176.327819 -1933709.612451  -305164.081566
          908.718750  -219175.658548 -1933709.274216  -305164.094720
          908.812500  -219175.209811 -1933709.034346  -305163.603703
          908.906250  -219174.540540 -1933708.505057  -305163.455617
          909.000000  -219173.871269 -1933708.166822  -305163.468771
          909.125000  -219173.426366 -1933707.566415  -305163.404952
          909.218750  -219172.532727 -1933707.299298  -305163.333839
          909.312500  -219172.083990 -1933707.059428  -305162.842822
          909.406250  -219171.414719 -1933706.530139  -305162.694735
          909.500000  -219170.969816 -1933706.120786  -305162.792157
          909.625000  -219170.076176 -1933705.662616  -305162.559803
          909.718750  -219169.631273 -1933705.062209  -305162.495984
          909.812500  -219168.962002 -1933704.723974  -305162.509138
          909.906250  -219168.513266 -1933704.484103  -305162.018121
          910.000000  -219167.843995 -1933703.954815  -305161.870035
          910.125000  -219167.174723 -1933703.616580  -305161.883189
          910.218750  -219166.505452 -1933703.087291  -305161.735103
          910.312500  -219165.836181 -1933702.558002  -305161.587016
          910.406250  -219165.166910 -1933702.219767  -305161.600170
          910.500000  -219164.718173 -1933701.979897  -305161.109153
          910.625000  -219164.048902 -1933701.450608  -305160.961067
          910.718750  -219163.379631 -1933700.921320  -305160.812980
          910.812500  -219162.930894 -1933700.872503  -305160.483204
          910.906250  -219162.261623 -1933700.343214  -305160.335117
          911.000000  -219161.367984 -1933699.885044  -305160.102763
          911.125000  -219160.919247 -1933699.645174  -305159.611746
          911.218750  -219160.470511 -1933699.405303  -305159.120729
          911.312500  -219159.801240 -1933698.876015  -305158.972642
          911.406250  -219159.128135 -1933698.707263  -305158.397357
          911.500000  -219158.679398 -1933698.467393  -305157.906340
          911.625000  -219158.006294 -1933698.298641  -305157.331055
          911.718750  -219157.557557 -1933698.058771  -305156.840038
          911.812500  -219157.108821 -1933697.818900  -305156.349021
          911.906250  -219156.435716 -1933697.650149  -305155.773736
          912.000000  -219155.766445 -1933697.120860  -305155.625649
          912.125000  -219155.317708 -1933696.880990  -305155.134632
          912.218750  -219154.644603 -1933696.712238  -305154.559347
          912.312500  -219154.195867 -1933696.472368  -305154.068330
          912.406250  -219153.747130 -1933696.041444  -305153.416072
          912.500000  -219153.074026 -1933695.872692  -305152.840787
          912.625000  -219152.625289 -1933695.632822  -305152.349770
          912.718750  -219152.176553 -1933695.392952  -305151.858753
          912.812500  -219151.727816 -1933695.153081  -305151.367736
          912.906250  -219151.279080 -1933695.104265  -305151.037959
          913.000000  -219150.605975 -1933694.935513  -305150.462675
          913.125000  -219149.936704 -1933694.406224  -305150.314588
          913.218750  -219149.487967 -1933694.166354  -305149.823571
          913.312500  -219149.039231 -1933693.926484  -305149.332554
          913.406250  -219148.590494 -1933693.686613  -305148.841537
          913.500000  -219148.141758 -1933693.446743  -305148.350519
          913.625000  -219147.693021 -1933693.206873  -305147.859502
          913.718750  -219147.023750 -1933692.677584  -305147.711416
          913.812500  -219146.575013 -1933692.628768  -305147.381639
          913.906250  -219145.901909 -1933692.460016  -305146.806354
          914.000000  -219145.453172 -1933692.220145  -305146.315337
          914.125000  -219144.783901 -1933691.690857  -305146.167251
          914.218750  -219144.335165 -1933691.450987  -305145.676234
          914.312500  -219143.886428 -1933691.211116  -305145.185217
          914.406250  -219143.217157 -1933690.872881  -305145.198371
          914.500000  -219142.768420 -1933690.633011  -305144.707354
          914.625000  -219142.319684 -1933690.393141  -305144.216337
          914.718750  -219141.650413 -1933689.863852  -305144.068250
          914.812500  -219141.201676 -1933689.815035  -305143.738474
          914.906250  -219140.532405 -1933689.285747  -305143.590387
          915.000000  -219140.083668 -1933689.045877  -305143.099370
          915.125000  -219139.414397 -1933688.707641  -305143.112524
          915.218750  -219138.965661 -1933688.467771  -305142.621507
          915.312500  -219138.296390 -1933687.938483  -305142.473421
          915.406250  -219137.847653 -1933687.698612  -305141.982404
          915.500000  -219137.174548 -1933687.529860  -305141.407119
          915.625000  -219136.505277 -1933687.000572  -305141.259032
          915.718750  -219136.056541 -1933686.951755  -305140.929256
          915.812500  -219135.387269 -1933686.422466  -305140.781169
          915.906250  -219134.938533 -1933686.182596  -305140.290152
          916.000000  -219134.269262 -1933685.653308  -305140.142066
          916.125000  -219133.820525 -1933685.604491  -305139.812289
          916.218750  -219133.151254 -1933685.075202  -305139.664203
          916.312500  -219132.481983 -1933684.545914  -305139.516116
          916.406250  -219131.812712 -1933684.207678  -305139.529270
          916.500000  -219131.363975 -1933683.967808  -305139.038253
          916.625000  -219130.694704 -1933683.629573  -305139.051408
          916.718750  -219130.025433 -1933683.100284  -305138.903321
          916.812500  -219129.576696 -1933682.860414  -305138.412304
          916.906250  -219128.907425 -1933682.522179  -305138.425458
          917.000000  -219128.238154 -1933681.992890  -305138.277372
          917.125000  -219128.013786 -1933681.681902  -305137.870622
          917.218750  -219127.344514 -1933681.343667  -305137.883777
          917.312500  -219126.675243 -1933680.814378  -305137.735690
          917.406250  -219126.005972 -1933680.476143  -305137.748844
          917.500000  -219125.557235 -1933680.236273  -305137.257827
          917.625000  -219124.887964 -1933679.898037  -305137.270981
          917.718750  -219124.218693 -1933679.368749  -305137.122895
          917.812500  -219123.549422 -1933678.839460  -305136.974808
          917.906250  -219123.100685 -1933678.790643  -305136.645032
          918.000000  -219122.431414 -1933678.261355  -305136.496946
          918.125000  -219121.762143 -1933677.732066  -305136.348859
          918.218750  -219121.313406 -1933677.683249  -305136.019083
          918.312500  -219120.644135 -1933677.153961  -305135.870996
          918.406250  -219119.971030 -1933676.985209  -305135.295711
          918.500000  -219119.301759 -1933676.455920  -305135.147625
          918.625000  -219118.853023 -1933676.216050  -305134.656608
          918.718750  -219118.183752 -1933675.877815  -305134.669762
          918.812500  -219117.735015 -1933675.637945  -305134.178745
          918.906250  -219117.286279 -1933675.398074  -305133.687728
          919.000000  -219116.617007 -1933674.868786  -305133.539641
          919.125000  -219115.943903 -1933674.700034  -305132.964356
          919.218750  -219115.274631 -1933674.361799  -305132.977510
          919.312500  -219114.825895 -1933674.121929  -305132.486493
          919.406250  -219114.156624 -1933673.592640  -305132.338407
          919.500000  -219113.707887 -1933673.352770  -305131.847390
          919.625000  -219113.038616 -1933673.014534  -305131.860544
          919.718750  -219112.589880 -1933672.774664  -305131.369527
          919.812500  -219111.920608 -1933672.245376  -305131.221440
          919.906250  -219111.471872 -1933672.196559  -305130.891664
          920.000000  -219110.802601 -1933671.667270  -305130.743577
          920.125000  -219110.353864 -1933671.427400  -305130.252560
          920.218750  -219109.684593 -1933671.089165  -305130.265714
          920.312500  -219109.460225 -1933670.778176  -305129.858965
          920.406250  -219108.790953 -1933670.439941  -305129.872119
          920.500000  -219108.121682 -1933669.910652  -305129.724033
          920.625000  -219107.672946 -1933669.861836  -305129.394257
          920.718750  -219107.003675 -1933669.332547  -305129.246170
          920.812500  -219106.558772 -1933668.923194  -305129.343592
          920.906250  -219106.110035 -1933668.683323  -305128.852575
          921.000000  -219105.440764 -1933668.345088  -305128.865729
          921.125000  -219104.995861 -1933667.744681  -305128.801911
          921.218750  -219104.326590 -1933667.406446  -305128.815065
          921.312500  -219103.877853 -1933667.166576  -305128.324048
          921.406250  -219103.208582 -1933666.828341  -305128.337202
          921.500000  -219102.763679 -1933666.418987  -305128.434624
          921.625000  -219102.314943 -1933666.370170  -305128.104848
          921.718750  -219101.645671 -1933665.840882  -305127.956761
          921.812500  -219101.196935 -1933665.792065  -305127.626985
          921.906250  -219100.527664 -1933665.453830  -305127.640139
          922.000000  -219100.082761 -1933665.235530  -305127.898802
          922.125000  -219099.634024 -1933665.186713  -305127.569025
          922.218750  -219098.964753 -1933664.848478  -305127.582180
          922.312500  -219098.516017 -1933664.990715  -305127.413644
          922.406250  -219097.846745 -1933664.652479  -305127.426798
          922.500000  -219097.398009 -1933664.794716  -305127.258263
          922.625000  -219096.728738 -1933664.456481  -305127.271417
          922.718750  -219096.280001 -1933664.598718  -305127.102881
          922.812500  -219095.386362 -1933664.522654  -305127.193008
          922.906250  -219094.937625 -1933664.664891  -305127.024473
          923.000000  -219094.268354 -1933664.517709  -305127.198868
          923.125000  -219093.819618 -1933664.659946  -305127.030332
          923.218750  -219093.150346 -1933664.512764  -305127.204727
          923.312500  -219092.701610 -1933664.846054  -305127.197432
          923.406250  -219092.252873 -1933664.988291  -305127.028896
          923.500000  -219091.583602 -1933665.032163  -305127.364532
          923.625000  -219091.134866 -1933665.174400  -305127.195996
          923.718750  -219090.686129 -1933665.316636  -305127.027461
          923.812500  -219089.792490 -1933665.431627  -305127.278828
          923.906250  -219089.343753 -1933665.764917  -305127.271533
          924.000000  -219088.895017 -1933665.907153  -305127.102998
          924.125000  -219088.225745 -1933665.951025  -305127.438633
          924.218750  -219087.777009 -1933666.093262  -305127.270098
          924.312500  -219087.328272 -1933666.426552  -305127.262803
          924.406250  -219086.659001 -1933666.470424  -305127.598439
          924.500000  -219086.210265 -1933666.612661  -305127.429903
          924.625000  -219085.761528 -1933666.945951  -305127.422608
          924.718750  -219084.867889 -1933666.869887  -305127.512735
          924.812500  -219084.419152 -1933667.203178  -305127.505440
          924.906250  -219083.749881 -1933667.055996  -305127.679835
          925.000000  -219083.301145 -1933667.389286  -305127.672540
          925.125000  -219082.628040 -1933667.793695  -305127.580977
          925.218750  -219081.958769 -1933667.646513  -305127.755372
          925.312500  -219081.510032 -1933667.979803  -305127.748077
          925.406250  -219081.061296 -1933668.122040  -305127.579542
          925.500000  -219080.167656 -1933668.045976  -305127.669669
          925.625000  -219079.718920 -1933668.379267  -305127.662374
          925.718750  -219078.825280 -1933668.494257  -305127.913742
          925.812500  -219078.376544 -1933668.636493  -305127.745206
          925.906250  -219077.927807 -1933668.969784  -305127.737911
          926.000000  -219077.034168 -1933668.893720  -305127.828038
          926.125000  -219076.585431 -1933669.227010  -305127.820743
          926.218750  -219075.691792 -1933669.150947  -305127.910871
          926.312500  -219075.243055 -1933669.484237  -305127.903576
          926.406250  -219074.794319 -1933669.817527  -305127.896281
          926.500000  -219073.900679 -1933669.741464  -305127.986408
          926.625000  -219073.227575 -1933670.145873  -305127.894845
          926.718750  -219072.558304 -1933669.998691  -305128.069240
          926.812500  -219072.109567 -1933670.331981  -305128.061945
          926.906250  -219071.215928 -1933670.446971  -305128.313313
          927.000000  -219070.767191 -1933670.589208  -305128.144777
          927.125000  -219070.094086 -1933670.993616  -305128.053214
          927.218750  -219069.424815 -1933671.037488  -305128.388850
          927.312500  -219068.751710 -1933671.441897  -305128.297287
          927.406250  -219067.858071 -1933671.365833  -305128.387414
          927.500000  -219067.409334 -1933671.699123  -305128.380120
          927.625000  -219066.736230 -1933672.103532  -305128.288557
          927.718750  -219066.066958 -1933672.147404  -305128.624192
          927.812500  -219065.393854 -1933672.360759  -305128.371389
          927.906250  -219064.500214 -1933672.475749  -305128.622757
          928.000000  -219064.051478 -1933672.809039  -305128.615462
          928.125000  -219063.157838 -1933672.924029  -305128.866830
          928.218750  -219062.709102 -1933673.257319  -305128.859535
          928.312500  -219062.035997 -1933673.470674  -305128.606731
          928.406250  -219061.142358 -1933673.585665  -305128.858099
          928.500000  -219060.693621 -1933673.918955  -305128.850804
          928.625000  -219060.020516 -1933674.323363  -305128.759241
          928.718750  -219059.126877 -1933674.247300  -305128.849369
          928.812500  -219058.457606 -1933674.291172  -305129.185004
          928.906250  -219057.784501 -1933674.695580  -305129.093441
          929.000000  -219057.111396 -1933675.099989  -305129.001879
          929.125000  -219056.442125 -1933675.143861  -305129.337514
          929.218750  -219055.769020 -1933675.357216  -305129.084711
          929.312500  -219055.095916 -1933675.761624  -305128.993148
          929.406250  -219054.202276 -1933675.876614  -305129.244516
          929.500000  -219053.529171 -1933676.089969  -305128.991712
          929.625000  -219052.859900 -1933676.133841  -305129.327348
          929.718750  -219052.186795 -1933676.538250  -305129.235785
          929.812500  -219051.293156 -1933676.653240  -305129.487153
          929.906250  -219050.844419 -1933676.986530  -305129.479858
          930.000000  -219049.950780 -1933677.101520  -305129.731226
          930.125000  -219049.277675 -1933677.314875  -305129.478423
          930.218750  -219048.384036 -1933677.429865  -305129.729790
          930.312500  -219047.710931 -1933677.834274  -305129.638228
          930.406250  -219047.041660 -1933677.878145  -305129.973863
          930.500000  -219046.368555 -1933678.282554  -305129.882301
          930.625000  -219045.474916 -1933678.206491  -305129.972428
          930.718750  -219044.801811 -1933678.610899  -305129.880865
          930.812500  -219044.132540 -1933678.654771  -305130.216501
          930.906250  -219043.235067 -1933679.130298  -305130.040670
          931.000000  -219042.561962 -1933679.343653  -305129.787867
          931.125000  -219041.892691 -1933679.387525  -305130.123502
          931.218750  -219041.219586 -1933679.791933  -305130.031939
          931.312500  -219040.325947 -1933679.906923  -305130.283307
          931.406250  -219039.873377 -1933680.409697  -305129.687573
          931.500000  -219038.979737 -1933680.715740  -305130.100182
          931.625000  -219038.306632 -1933681.120149  -305130.008619
          931.718750  -219037.857896 -1933681.453439  -305130.001324
          931.812500  -219037.184791 -1933681.857848  -305129.909761
          931.906250  -219036.511686 -1933682.262256  -305129.818198
          932.000000  -219035.618047 -1933682.568300  -305130.230807
          932.125000  -219035.169310 -1933682.901590  -305130.223512
          932.218750  -219030.998319 -1933678.465758  -305141.293798
          932.312500  -219034.047469 -1933683.639289  -305130.124654
          932.406250  -219033.374364 -1933684.234751  -305130.194332
          932.500000  -219032.925628 -1933684.568041  -305130.187037
          932.625000  -219032.028155 -1933685.234621  -305130.172447
          932.718750  -219031.579418 -1933685.567911  -305130.165153
          932.812500  -219030.685779 -1933685.873955  -305130.577761
          932.906250  -219030.012674 -1933686.278363  -305130.486198
          933.000000  -219032.191186 -1933690.167877  -305122.776577
          933.125000  -219031.514248 -1933690.741769  -305122.096575
          933.218750  -219031.065512 -1933691.266112  -305122.250520
          933.312500  -219030.171872 -1933691.572156  -305122.663129
          933.406250  -219029.723136 -1933691.905446  -305122.655834
          933.500000  -219029.053864 -1933692.140371  -305123.152710
          933.625000  -219028.160225 -1933692.446415  -305123.565319
          933.718750  -219027.270419 -1933692.582975  -305124.566367
          933.812500  -219026.601148 -1933693.008954  -305125.224484
          933.906250  -219026.152411 -1933693.342244  -305125.217189
          934.000000  -219025.483140 -1933693.577169  -305125.714065
          934.125000  -219024.813869 -1933694.003148  -305126.372183
          934.218750  -219024.144598 -1933694.238073  -305126.869059
          934.312500  -219023.475327 -1933694.664052  -305127.527176
          934.406250  -219022.802222 -1933695.259514  -305127.596854
          934.500000  -219022.136784 -1933695.133903  -305128.520929
          934.625000  -219021.463679 -1933695.729364  -305128.590607
          934.718750  -219021.014943 -1933696.062655  -305128.583312
          934.812500  -219020.341838 -1933696.658117  -305128.652990
          934.906250  -219019.672567 -1933697.084095  -305129.311107
          935.000000  -219018.999462 -1933697.679557  -305129.380785
          935.125000  -219018.330191 -1933697.914483  -305129.877662
          935.218750  -219017.881455 -1933698.438826  -305130.031607
          935.312500  -219016.987815 -1933698.744870  -305130.444216
          935.406250  -219016.318544 -1933698.979795  -305130.941092
          935.500000  -219015.869807 -1933699.504139  -305131.095038
          935.625000  -219015.196703 -1933700.099601  -305131.164716
          935.718750  -219014.527431 -1933700.334526  -305131.661593
          935.812500  -219013.854327 -1933700.929988  -305131.731271
          935.906250  -219013.185055 -1933701.164913  -305132.228147
          936.000000  -219012.511951 -1933701.760375  -305132.297825
          936.125000  -219012.063214 -1933702.475772  -305132.613011
          936.218750  -219011.393943 -1933702.710697  -305133.109888
          936.312500  -219010.720838 -1933703.306159  -305133.179566
          936.406250  -219010.496470 -1933703.759385  -305133.417779
          936.500000  -219009.823365 -1933704.545900  -305133.648698
          936.625000  -219009.374629 -1933705.070244  -305133.802644
          936.718750  -219008.925892 -1933705.594587  -305133.956590
          936.812500  -219008.477156 -1933706.118931  -305134.110535
          936.906250  -219008.028419 -1933706.643275  -305134.264481
          937.000000  -219007.579683 -1933707.358672  -305134.579668
          937.125000  -219007.130946 -1933707.883015  -305134.733614
          937.218750  -219006.682210 -1933708.407359  -305134.887559
          937.312500  -219006.012939 -1933708.833338  -305135.545676
          937.406250  -219005.560369 -1933709.718218  -305135.272424
          937.500000  -219004.891097 -1933709.953143  -305135.769300
          937.625000  -219004.662896 -1933710.766906  -305135.580315
          937.718750  -219003.993624 -1933711.192884  -305136.238433
          937.812500  -219003.544888 -1933711.717228  -305136.392378
          937.906250  -219003.096151 -1933712.241571  -305136.546324
          938.000000  -219002.423047 -1933713.028087  -305136.777243
          938.125000  -219001.974310 -1933713.552431  -305136.931189
          938.218750  -219001.525574 -1933714.076774  -305137.085134
          938.312500  -219001.076837 -1933714.601118  -305137.239080
          938.406250  -219000.403732 -1933715.387633  -305137.469999
          938.500000  -218999.954996 -1933715.911977  -305137.623945
          938.625000  -218999.506259 -1933716.436321  -305137.777890
          938.718750  -218999.057523 -1933717.151718  -305138.093077
          938.812500  -218998.608786 -1933717.676061  -305138.247023
          938.906250  -218997.935682 -1933718.271523  -305138.316701
          939.000000  -218997.486945 -1933718.795867  -305138.470646
          939.125000  -218997.038209 -1933719.511264  -305138.785833
          939.218750  -218996.365104 -1933720.106726  -305138.855511
          939.312500  -218995.916367 -1933720.631070  -305139.009457
          939.406250  -218995.467631 -1933721.346467  -305139.324643
          939.500000  -218995.018894 -1933721.870810  -305139.478589
          939.625000  -218994.570158 -1933722.395154  -305139.632535
          939.718750  -218993.897053 -1933723.181670  -305139.863453
          939.812500  -218993.448317 -1933723.706013  -305140.017399
          939.906250  -218992.999580 -1933724.230357  -305140.171345
          940.000000  -218992.550844 -1933724.945754  -305140.486531
          940.125000  -218992.322642 -1933725.759516  -305140.297547
          940.218750  -218991.649537 -1933726.354978  -305140.367225
          940.312500  -218991.200801 -1933727.070375  -305140.682411
          940.406250  -218990.752064 -1933727.594719  -305140.836357
          940.500000  -218990.303328 -1933728.310116  -305141.151543
          940.625000  -218989.854591 -1933728.834459  -305141.305489
          940.718750  -218989.405855 -1933729.549857  -305141.620676
          940.812500  -218988.957118 -1933730.074200  -305141.774621
          940.906250  -218988.728916 -1933731.079016  -305141.746877
          941.000000  -218988.280180 -1933731.603359  -305141.900823
          941.125000  -218987.831443 -1933732.318756  -305142.216010
          941.218750  -218987.382707 -1933733.034154  -305142.531196
          941.312500  -218987.158339 -1933733.487379  -305142.769410
          941.406250  -218986.709602 -1933734.202776  -305143.084596
          941.500000  -218986.481400 -1933735.016538  -305142.895611
          941.625000  -218986.032664 -1933735.731935  -305143.210798
          941.718750  -218985.583927 -1933736.447332  -305143.525984
          941.812500  -218985.135191 -1933737.162729  -305143.841171
          941.906250  -218984.910823 -1933737.615955  -305144.079385
          942.000000  -218984.682621 -1933738.620770  -305144.051640
          942.125000  -218984.233884 -1933739.336167  -305144.366827
          942.218750  -218984.009516 -1933739.980446  -305144.766281
          942.312500  -218983.781314 -1933740.794208  -305144.577296
          942.406250  -218983.332578 -1933741.509605  -305144.892483
          942.500000  -218983.108209 -1933742.153884  -305145.291937
          942.625000  -218983.104376 -1933743.087581  -305145.348461
          942.718750  -218982.655639 -1933743.802978  -305145.663647
          942.812500  -218982.651806 -1933744.545622  -305145.558930
          942.906250  -218982.423604 -1933745.550437  -305145.531186
          943.000000  -218982.419771 -1933746.484134  -305145.587710
          943.125000  -218982.195402 -1933747.128413  -305145.987164
          943.218750  -218982.191569 -1933748.062110  -305146.043688
          943.312500  -218982.187735 -1933748.804754  -305145.938971
          943.406250  -218982.183902 -1933749.738451  -305145.995495
          943.500000  -218981.959533 -1933750.382730  -305146.394949
          943.625000  -218981.955700 -1933751.316427  -305146.451473
          943.718750  -218981.951866 -1933752.250124  -305146.507996
          943.812500  -218981.948033 -1933752.992768  -305146.403279
          943.906250  -218981.723664 -1933753.828100  -305146.963975
          944.000000  -218981.719831 -1933754.570744  -305146.859257
          944.125000  -218981.715997 -1933755.504441  -305146.915781
          944.218750  -218981.936532 -1933756.367020  -305147.056573
          944.312500  -218981.932699 -1933757.300717  -305147.113096
          944.406250  -218981.487796 -1933762.431914  -305151.886500
          944.500000  -218981.708330 -1933763.294493  -305152.027291
          944.625000  -218981.708330 -1933763.676600  -305152.349773
          944.718750  -218981.704497 -1933764.610297  -305152.406296
          944.812500  -218981.704497 -1933765.183457  -305152.890019
          944.906250  -218981.925031 -1933765.854983  -305152.869569
          945.000000  -218981.921198 -1933766.788680  -305152.926093
          945.125000  -218982.141733 -1933767.460205  -305152.905644
          945.218750  -218982.141733 -1933767.842312  -305153.228125
          945.312500  -218982.362267 -1933768.704891  -305153.368917
          945.406250  -218982.362267 -1933769.086998  -305153.691398
          945.500000  -218982.358434 -1933770.020695  -305153.747922
          945.625000  -218982.578968 -1933770.692220  -305153.727473
          945.718750  -218982.799503 -1933771.363746  -305153.707024
          945.812500  -218982.799503 -1933771.745852  -305154.029505
          945.906250  -218983.020038 -1933772.417378  -305154.009056
          946.000000  -218983.240573 -1933773.088903  -305153.988607
          946.125000  -218983.685476 -1933773.880364  -305154.213666
          946.218750  -218983.906010 -1933774.551889  -305154.193217
          946.312500  -218983.906010 -1933775.125049  -305154.676939
          946.406250  -218984.126545 -1933775.987628  -305154.817731
          946.500000  -218984.571448 -1933776.779089  -305155.042790
          946.625000  -218984.791983 -1933777.641667  -305155.183582
          946.718750  -218985.236886 -1933778.433128  -305155.408641
          946.812500  -218985.457420 -1933779.104653  -305155.388192
          946.906250  -218985.681789 -1933779.606695  -305155.956182
          947.000000  -218986.126691 -1933780.398156  -305156.181241
          947.125000  -218986.571594 -1933781.189616  -305156.406301
          947.218750  -218987.016497 -1933781.790023  -305156.470119
          947.312500  -218987.461400 -1933782.581483  -305156.695179
          947.406250  -218987.906303 -1933783.181890  -305156.758997
          947.500000  -218988.126838 -1933783.853416  -305156.738548
          947.625000  -218988.796109 -1933784.573758  -305157.047875
          947.718750  -218989.241012 -1933785.365218  -305157.272935
          947.812500  -218989.685915 -1933785.965625  -305157.336753
          947.906250  -218990.134652 -1933786.205496  -305157.827770
          948.000000  -218990.579555 -1933786.996956  -305158.052830
          948.125000  -218991.024457 -1933787.597363  -305158.116648
          948.218750  -218991.693729 -1933788.126652  -305158.264735
          948.312500  -218992.138632 -1933788.918112  -305158.489794
          948.406250  -218992.807903 -1933789.447401  -305158.637881
          948.500000  -218993.252806 -1933790.047808  -305158.701699
          948.625000  -218993.922077 -1933790.577096  -305158.849786
          948.718750  -218994.366980 -1933791.177503  -305158.913605
          948.812500  -218995.036251 -1933791.897845  -305159.222932
          948.906250  -218995.260619 -1933792.208834  -305159.629681
          949.000000  -218995.929891 -1933792.738123  -305159.777768
          949.125000  -218996.599162 -1933793.267411  -305159.925854
          949.218750  -218997.044065 -1933793.867818  -305159.989673
          949.312500  -218997.713336 -1933794.397107  -305160.137759
          949.406250  -218998.382607 -1933794.926395  -305160.285846
          949.500000  -218999.051878 -1933795.264631  -305160.272691
          949.625000  -218999.500615 -1933795.504501  -305160.763708
          949.718750  -219000.169886 -1933796.033789  -305160.911795
          949.812500  -219000.839157 -1933796.563078  -305161.059881
          949.906250  -219001.508428 -1933796.901313  -305161.046727
          950.000000  -219002.177700 -1933797.430602  -305161.194814
          950.125000  -219002.846971 -1933797.768837  -305161.181659
          950.218750  -219003.295707 -1933798.008707  -305161.672677
          950.312500  -219003.964979 -1933798.537996  -305161.820763
          950.406250  -219004.634250 -1933798.876231  -305161.807609
          950.500000  -219005.303521 -1933799.405520  -305161.955695
          950.625000  -219005.972792 -1933799.934808  -305162.103782
          950.718750  -219006.866432 -1933800.201925  -305162.174895
          950.812500  -219007.535703 -1933800.540160  -305162.161741
          950.906250  -219007.984439 -1933800.588977  -305162.491518
          951.000000  -219008.878079 -1933800.856094  -305162.562631
          951.125000  -219009.547350 -1933801.194329  -305162.549477
          951.218750  -219010.216621 -1933801.723618  -305162.697563
          951.312500  -219011.110261 -1933801.799681  -305162.607436
          951.406250  -219011.779532 -1933802.137916  -305162.594282
          951.500000  -219012.673171 -1933802.405033  -305162.665396
          951.625000  -219013.346276 -1933802.382731  -305163.079440
          951.718750  -219014.015547 -1933802.720967  -305163.066286
          951.812500  -219014.909187 -1933802.988083  -305163.137399
          951.906250  -219015.802826 -1933803.064147  -305163.047272
          952.000000  -219016.251563 -1933803.112963  -305163.377048
          952.125000  -219017.145202 -1933803.189027  -305163.286921
          952.218750  -219017.818307 -1933802.975672  -305163.539725
          952.312500  -219018.711946 -1933803.242789  -305163.610838
          952.406250  -219019.605586 -1933803.318852  -305163.520711
          952.500000  -219020.054322 -1933802.794508  -305163.366766
          952.625000  -219020.947962 -1933802.679518  -305163.115398
          952.718750  -219021.841601 -1933802.564528  -305162.864030
          952.812500  -219022.735241 -1933802.640591  -305162.773903
          952.906250  -219023.183977 -1933802.498355  -305162.942438
          953.000000  -219024.077616 -1933802.383365  -305162.691070
          953.125000  -219024.971256 -1933802.459428  -305162.600943
          953.218750  -219025.640527 -1933802.606610  -305162.426548
          953.312500  -219026.313632 -1933802.202201  -305162.518111
          953.406250  -219027.207271 -1933802.278264  -305162.427984
          953.500000  -219028.100911 -1933802.354328  -305162.337857
          953.625000  -219028.549647 -1933802.021038  -305162.345152
          953.718750  -219029.443287 -1933801.906047  -305162.093784
          953.812500  -219030.116391 -1933801.501639  -305162.185347
          953.906250  -219030.785663 -1933801.648821  -305162.010952
          954.000000  -219031.458767 -1933801.244412  -305162.102515
          954.125000  -219032.352407 -1933801.129422  -305161.851147
          954.218750  -219032.801143 -1933800.796132  -305161.858442
          954.312500  -219033.249880 -1933800.462842  -305161.865737
          954.406250  -219034.143519 -1933800.538905  -305161.775609
          954.500000  -219034.816624 -1933800.134496  -305161.867172
          954.625000  -219035.485895 -1933800.090625  -305161.531536
          954.718750  -219036.159000 -1933799.686216  -305161.623099
          954.812500  -219036.607737 -1933799.543979  -305161.791635
          954.906250  -219037.501376 -1933799.428989  -305161.540267
          955.000000  -219037.950112 -1933799.286753  -305161.708803
          955.125000  -219038.623217 -1933798.882344  -305161.800366
          955.218750  -219039.292488 -1933799.029526  -305161.625971
          955.312500  -219039.965593 -1933798.625117  -305161.717533
          955.406250  -219040.638698 -1933798.411762  -305161.970337
          955.500000  -219041.307969 -1933798.367890  -305161.634701
          955.625000  -219041.981074 -1933798.154535  -305161.887505
          955.718750  -219042.654179 -1933797.750127  -305161.979067
          955.812500  -219043.323450 -1933797.706255  -305161.643432
          955.906250  -219043.996555 -1933797.492900  -305161.896235
          956.000000  -219044.669659 -1933797.088492  -305161.987798
          956.125000  -219045.338931 -1933797.044620  -305161.652162
          956.218750  -219046.012035 -1933796.640211  -305161.743725
          956.312500  -219046.685140 -1933796.426856  -305161.996529
          956.406250  -219047.578779 -1933796.311866  -305161.745161
          956.500000  -219048.027516 -1933795.978576  -305161.752456
          956.625000  -219048.921155 -1933795.863586  -305161.501088
          956.718750  -219049.594260 -1933795.459177  -305161.592651
          956.812500  -219050.042997 -1933795.125887  -305161.599946
          956.906250  -219050.936636 -1933795.010897  -305161.348578
          957.000000  -219051.609741 -1933794.797542  -305161.601381
          957.125000  -219052.503380 -1933794.491498  -305161.188773
          957.218750  -219052.952117 -1933794.158208  -305161.196068
          957.312500  -219053.845756 -1933794.043218  -305160.944700
          957.406250  -219054.518861 -1933793.638809  -305161.036263
          957.500000  -219055.191966 -1933793.234401  -305161.127825
          957.625000  -219056.085605 -1933793.119411  -305160.876457
          957.718750  -219056.534342 -1933792.786121  -305160.883752
          957.812500  -219057.427981 -1933792.671131  -305160.632384
          957.906250  -219058.101086 -1933792.266722  -305160.723947
          958.000000  -219058.994725 -1933792.151732  -305160.472579
          958.125000  -219059.667830 -1933791.747323  -305160.564142
          958.218750  -219060.116567 -1933791.605087  -305160.732678
          958.312500  -219061.010206 -1933791.490097  -305160.481310
          958.406250  -219061.683311 -1933791.085688  -305160.572873
          958.500000  -219062.576950 -1933790.970698  -305160.321505
          958.625000  -219063.250055 -1933790.566289  -305160.413068
          958.718750  -219063.923160 -1933790.161881  -305160.504630
          958.812500  -219064.592431 -1933790.309063  -305160.330236
          958.906250  -219065.265536 -1933789.904654  -305160.421798
          959.000000  -219066.159175 -1933789.789664  -305160.170430
          959.125000  -219066.832280 -1933789.385255  -305160.261993
          959.218750  -219067.505385 -1933788.980847  -305160.353556
          959.312500  -219068.399024 -1933788.865857  -305160.102188
          959.406250  -219069.072129 -1933788.461448  -305160.193751
          959.500000  -219069.965768 -1933788.346458  -305159.942383
          959.625000  -219070.414505 -1933788.204221  -305160.110919
          959.718750  -219071.308144 -1933788.089231  -305159.859551
          959.812500  -219071.981249 -1933787.684823  -305159.951114
          959.906250  -219072.654354 -1933787.280414  -305160.042676
          960.000000  -219073.547993 -1933787.165424  -305159.791309
          960.125000  -219073.996730 -1933786.832134  -305159.798604
          960.218750  -219074.890369 -1933786.717144  -305159.547236
          960.312500  -219075.563474 -1933786.312735  -305159.638798
          960.406250  -219076.457113 -1933786.197745  -305159.387431
          960.500000  -219077.130218 -1933785.793337  -305159.478993
          960.625000  -219077.799489 -1933785.749465  -305159.143358
          960.718750  -219078.472594 -1933785.536110  -305159.396161
          960.812500  -219079.145699 -1933785.131701  -305159.487724
          960.906250  -219080.039338 -1933785.016711  -305159.236356
          961.000000  -219080.488075 -1933784.683421  -305159.243651
          961.125000  -219081.161179 -1933784.279012  -305159.335214
          961.218750  -219082.054819 -1933784.164022  -305159.083846
          961.312500  -219082.503555 -1933783.830732  -305159.091141
          961.406250  -219083.397195 -1933783.906795  -305159.001014
          961.500000  -219084.070300 -1933783.502387  -305159.092577
          961.625000  -219084.519036 -1933783.169097  -305159.099871
          961.718750  -219085.412676 -1933783.054107  -305158.848504
          961.812500  -219086.085780 -1933782.840752  -305159.101307
          961.906250  -219086.755051 -1933782.796880  -305158.765671
          962.000000  -219087.428156 -1933782.392471  -305158.857234
          962.125000  -219088.101261 -1933781.988063  -305158.948797
          962.218750  -219088.770532 -1933781.944191  -305158.613161
          962.312500  -219089.443637 -1933781.539782  -305158.704724
          962.406250  -219090.116742 -1933781.326427  -305158.957528
          962.500000  -219090.786013 -1933781.282556  -305158.621892
          962.625000  -219091.459118 -1933780.878147  -305158.713455
          962.718750  -219092.128389 -1933780.834275  -305158.377819
          962.812500  -219092.801494 -1933780.429867  -305158.469382
          962.906250  -219093.474598 -1933780.216512  -305158.722185
          963.000000  -219094.143870 -1933780.172640  -305158.386550
          963.125000  -219094.816974 -1933779.768231  -305158.478112
          963.218750  -219095.710614 -1933779.653241  -305158.226744
          963.312500  -219096.383718 -1933779.439886  -305158.479548
          963.406250  -219097.052990 -1933779.396015  -305158.143912
          963.500000  -219097.726094 -1933779.182659  -305158.396716
          963.625000  -219098.174831 -1933778.849369  -305158.404011
          963.718750  -219099.068470 -1933778.925433  -305158.313884
          963.812500  -219099.741575 -1933778.712078  -305158.566687
          963.906250  -219100.410846 -1933778.668206  -305158.231051
          964.000000  -219101.083951 -1933778.454851  -305158.483855
          964.125000  -219101.977591 -1933778.530914  -305158.393728
          964.218750  -219102.646862 -1933778.678096  -305158.219333
          964.312500  -219103.319966 -1933778.464741  -305158.472136
          964.406250  -219104.213606 -1933778.349751  -305158.220768
          964.500000  -219104.662342 -1933778.207514  -305158.389304
          964.625000  -219105.555982 -1933778.283577  -305158.299177
          964.718750  -219106.229087 -1933778.070222  -305158.551981
          964.812500  -219106.677823 -1933777.736932  -305158.559275
          964.906250  -219107.571463 -1933777.812995  -305158.469148
          965.000000  -219108.244567 -1933777.599640  -305158.721952
          965.125000  -219108.913839 -1933777.555769  -305158.386316
          965.218750  -219109.807478 -1933777.631832  -305158.296189
          965.312500  -219110.480583 -1933777.418477  -305158.548993
          965.406250  -219111.149854 -1933777.374605  -305158.213357
          965.500000  -219111.822959 -1933777.161250  -305158.466160
          965.625000  -219112.716598 -1933777.237313  -305158.376033
          965.718750  -219113.389703 -1933776.832905  -305158.467596
          965.812500  -219114.058974 -1933776.980087  -305158.293201
          965.906250  -219114.732079 -1933776.766731  -305158.546005
          966.000000  -219115.625718 -1933776.651741  -305158.294637
          966.125000  -219116.298823 -1933776.438386  -305158.547440
          966.218750  -219117.192462 -1933776.323396  -305158.296072
          966.312500  -219117.641199 -1933776.181159  -305158.464608
          966.406250  -219118.534838 -1933776.257223  -305158.374481
          966.500000  -219119.207943 -1933775.852814  -305158.466044
          966.625000  -219120.101583 -1933775.928878  -305158.375916
          966.718750  -219120.774687 -1933775.524469  -305158.467479
          966.812500  -219121.668327 -1933775.600532  -305158.377352
          966.906250  -219122.341432 -1933775.387177  -305158.630156
          967.000000  -219123.235071 -1933775.272187  -305158.378788
          967.125000  -219123.683807 -1933775.129951  -305158.547323
          967.218750  -219124.577447 -1933775.014960  -305158.295956
          967.312500  -219125.471086 -1933775.091024  -305158.205828
          967.406250  -219126.144191 -1933774.686615  -305158.297391
          967.500000  -219127.037831 -1933774.762679  -305158.207264
          967.625000  -219127.710935 -1933774.549324  -305158.460068
          967.718750  -219128.384040 -1933774.144915  -305158.551630
          967.812500  -219129.277680 -1933774.220978  -305158.461503
          967.906250  -219130.171319 -1933774.105988  -305158.210135
          968.000000  -219130.844424 -1933773.892633  -305158.462939
          968.125000  -219131.738063 -1933773.968697  -305158.372812
          968.218750  -219132.411168 -1933773.564288  -305158.464375
          968.312500  -219133.304807 -1933773.640351  -305158.374247
          968.406250  -219133.977912 -1933773.235943  -305158.465810
          968.500000  -219134.871552 -1933773.312006  -305158.375683
          968.625000  -219135.544656 -1933772.907598  -305158.467246
          968.718750  -219136.438296 -1933772.792607  -305158.215878
          968.812500  -219136.887032 -1933772.650371  -305158.384414
          968.906250  -219137.780672 -1933772.535381  -305158.133046
          969.000000  -219138.229408 -1933772.011037  -305157.979100
          969.125000  -219139.126881 -1933771.535510  -305158.154931
          969.218750  -219138.894846 -1933770.990328  -305156.087581
          969.312500  -219140.016687 -1933771.016843  -305156.831401
          969.406250  -219140.689792 -1933770.421381  -305156.761723
          969.500000  -219141.811633 -1933770.638950  -305157.666785
          969.625000  -219142.484738 -1933770.234541  -305157.758348
          969.718750  -219143.378377 -1933770.119551  -305157.506980
          969.812500  -219144.051482 -1933769.715142  -305157.598542
          969.906250  -219144.724587 -1933769.119680  -305157.528865
          970.000000  -219145.173323 -1933768.786390  -305157.536159
          970.125000  -219146.066963 -1933768.671400  -305157.284792
          970.218750  -219146.740067 -1933768.266992  -305157.376354
          970.312500  -219147.633707 -1933768.152001  -305157.124987
          970.406250  -219148.082443 -1933767.818711  -305157.132281
          970.500000  -219148.755548 -1933767.414303  -305157.223844
          970.625000  -219149.649188 -1933767.299313  -305156.972476
          970.718750  -219150.322292 -1933766.894904  -305157.064039
          970.812500  -219150.995397 -1933766.490496  -305157.155602
          970.906250  -219151.889037 -1933766.184452  -305156.742993
          971.000000  -219152.562141 -1933765.780043  -305156.834556
          971.125000  -219153.235246 -1933765.375635  -305156.926119
          971.218750  -219154.128886 -1933765.260645  -305156.674751
          971.312500  -219154.577622 -1933764.927355  -305156.682046
          971.406250  -219155.475095 -1933764.451828  -305156.857877
          971.500000  -219156.144366 -1933764.407956  -305156.522241
          971.625000  -219156.817471 -1933764.003547  -305156.613804
          971.718750  -219157.711110 -1933763.888557  -305156.362436
          971.812500  -219158.384215 -1933763.484149  -305156.453999
          971.906250  -219159.277855 -1933763.369159  -305156.202631
          972.000000  -219159.950959 -1933762.964750  -305156.294194
          972.125000  -219160.848432 -1933762.489223  -305156.470024
          972.218750  -219161.742072 -1933762.565287  -305156.379897
          972.312500  -219162.415177 -1933762.160878  -305156.471460
          972.406250  -219163.308816 -1933762.045888  -305156.220092
          972.500000  -219163.981921 -1933761.832533  -305156.472895
          972.625000  -219164.875560 -1933761.908596  -305156.382768
          972.718750  -219165.769200 -1933761.793606  -305156.131400
          972.812500  -219166.442304 -1933761.580251  -305156.384204
          972.906250  -219167.111576 -1933761.727433  -305156.209809
          973.000000  -219167.784680 -1933761.514078  -305156.462613
          973.125000  -219168.902688 -1933761.327969  -305156.295513
          973.218750  -219169.575793 -1933760.923561  -305156.387075
          973.312500  -219170.693801 -1933760.928506  -305156.381216
          973.406250  -219171.363072 -1933760.884634  -305156.045580
          973.500000  -219172.036176 -1933760.671279  -305156.298384
          973.625000  -219172.929816 -1933760.747342  -305156.208257
          973.718750  -219173.602921 -1933760.342934  -305156.299819
          973.812500  -219174.720928 -1933760.347879  -305156.293960
          973.906250  -219175.394033 -1933759.943470  -305156.385523
          974.000000  -219176.287673 -1933760.019534  -305156.295396
          974.125000  -219176.960777 -1933759.806178  -305156.548199
          974.218750  -219177.854417 -1933759.691188  -305156.296831
          974.312500  -219178.748056 -1933759.767252  -305156.206704
          974.406250  -219179.421161 -1933759.362843  -305156.298267
          974.500000  -219180.539169 -1933759.367788  -305156.292408
          974.625000  -219181.212273 -1933758.963380  -305156.383971
          974.718750  -219182.105913 -1933759.039443  -305156.293843
          974.812500  -219182.779018 -1933758.635034  -305156.385406
          974.906250  -219183.672657 -1933758.711098  -305156.295279
          975.000000  -219184.566296 -1933758.596108  -305156.043911
          975.125000  -219185.463769 -1933758.311634  -305156.380983
          975.218750  -219186.357409 -1933758.387698  -305156.290855
          975.312500  -219187.030514 -1933758.174343  -305156.543659
          975.406250  -219187.924153 -1933758.250406  -305156.453532
          975.500000  -219188.817793 -1933758.326469  -305156.363405
          975.625000  -219189.487064 -1933758.473651  -305156.189010
          975.718750  -219190.160169 -1933758.260296  -305156.441813
          975.812500  -219191.053808 -1933758.527413  -305156.512927
          975.906250  -219191.726913 -1933758.314058  -305156.765730
          976.000000  -219192.620552 -1933758.390121  -305156.675603
          976.125000  -219193.514192 -1933758.466184  -305156.585476
          976.218750  -219194.411665 -1933758.181711  -305156.922547
          976.312500  -219195.080936 -1933758.328893  -305156.748152
          976.406250  -219196.198944 -1933758.333838  -305156.742293
          976.500000  -219196.868215 -1933758.672073  -305156.729139
          976.625000  -219197.541319 -1933758.458718  -305156.981942
          976.718750  -219198.434959 -1933758.534781  -305156.891815
          976.812500  -219199.328598 -1933758.610844  -305156.801688
          976.906250  -219200.001703 -1933758.397489  -305157.054492
          977.000000  -219200.895343 -1933758.473553  -305156.964364
          977.125000  -219201.788982 -1933758.549616  -305156.874237
          977.218750  -219202.682621 -1933758.625679  -305156.784110
          977.312500  -219203.580094 -1933758.341206  -305157.121182
          977.406250  -219204.473734 -1933758.417269  -305157.031054
          977.500000  -219205.367373 -1933758.684386  -305157.102168
          977.625000  -219206.040478 -1933758.471031  -305157.354972
          977.718750  -219206.934118 -1933758.547094  -305157.264844
          977.812500  -219207.827757 -1933758.623158  -305157.174717
          977.906250  -219208.500862 -1933758.600856  -305157.588762
          978.000000  -219209.394501 -1933758.676919  -305157.498634
          978.125000  -219210.288141 -1933758.752983  -305157.408507
          978.218750  -219211.181780 -1933759.020100  -305157.479621
          978.312500  -219211.854885 -1933758.806745  -305157.732424
          978.406250  -219212.748524 -1933759.073861  -305157.803538
          978.500000  -219213.642164 -1933759.340978  -305157.874652
          978.625000  -219214.087067 -1933759.750332  -305157.777229
          978.718750  -219214.984540 -1933759.656912  -305158.275542
          978.812500  -219215.653811 -1933759.995147  -305158.262387
          978.906250  -219216.323082 -1933760.333382  -305158.249233
          979.000000  -219217.216722 -1933760.791552  -305158.481587
          979.125000  -219218.338563 -1933760.627014  -305159.064167
          979.218750  -219218.783466 -1933761.036368  -305158.966745
          979.312500  -219222.381025 -1933758.986347  -305161.008187
          979.406250  -219225.301646 -1933757.510218  -305162.369627
          979.500000  -219223.719567 -1933759.662817  -305160.981878
          979.625000  -219224.388838 -1933760.001052  -305160.968724
          979.718750  -219222.133655 -1933762.558060  -305159.489413
          979.812500  -219223.027295 -1933762.825177  -305159.560527
          979.906250  -219223.920934 -1933763.092294  -305159.631640
          980.000000  -219224.590205 -1933763.621582  -305159.779727
          980.125000  -219225.263310 -1933763.599281  -305160.193771
          980.218750  -219225.932581 -1933763.937516  -305160.180617
          980.312500  -219226.826221 -1933764.204633  -305160.251730
          980.406250  -219227.495492 -1933764.542868  -305160.238576
          980.500000  -219228.164763 -1933764.881103  -305160.225422
          980.625000  -219228.837868 -1933764.858801  -305160.639466
          980.718750  -219229.731507 -1933765.316972  -305160.871821
          980.812500  -219230.176410 -1933765.726325  -305160.774398
          980.906250  -219230.849515 -1933765.704024  -305161.188443
          981.000000  -219231.518786 -1933766.042259  -305161.175288
          981.125000  -219232.188058 -1933766.380494  -305161.162134
          981.218750  -219233.081697 -1933766.647611  -305161.233248
          981.312500  -219233.750968 -1933766.985846  -305161.220094
          981.406250  -219234.420239 -1933767.324081  -305161.206939
          981.500000  -219235.089511 -1933767.662316  -305161.193785
          981.625000  -219235.758782 -1933768.000551  -305161.180631
          981.718750  -219236.428053 -1933768.338787  -305161.167477
          981.812500  -219237.097324 -1933768.485968  -305160.993082
          981.906250  -219237.987130 -1933769.113622  -305160.636997
          982.000000  -219238.656401 -1933769.451857  -305160.623842
          982.125000  -219239.325672 -1933769.599039  -305160.449447
          982.218750  -219240.215478 -1933770.226692  -305160.093363
          982.312500  -219240.660381 -1933770.444992  -305159.834700
          982.406250  -219241.329653 -1933770.783228  -305159.821546
          982.500000  -219242.219458 -1933771.219828  -305159.304220
          982.625000  -219242.664361 -1933771.438128  -305159.045557
          982.718750  -219243.554167 -1933772.065781  -305158.689472
          982.812500  -219243.999070 -1933772.284081  -305158.430809
          982.906250  -219244.668341 -1933772.622316  -305158.417655
          983.000000  -219245.558147 -1933773.058917  -305157.900329
          983.125000  -219246.227419 -1933773.206098  -305157.725935
          983.218750  -219246.892856 -1933773.904870  -305157.285582
          983.312500  -219247.562127 -1933774.052052  -305157.111187
          983.406250  -219248.007030 -1933774.270352  -305156.852524
          983.500000  -219248.896836 -1933774.898005  -305156.496439
          983.625000  -219249.341739 -1933775.116306  -305156.237776
          983.718750  -219249.786642 -1933776.098819  -305156.624076
          983.812500  -219250.231545 -1933776.317120  -305156.365414
          983.906250  -219250.676448 -1933776.153313  -305155.784269
          984.000000  -219251.121351 -1933776.562666  -305155.686847
          984.125000  -219251.566254 -1933776.972020  -305155.589425
          984.218750  -219251.786789 -1933776.879331  -305154.924013
          984.312500  -219252.231692 -1933777.288685  -305154.826591
          984.406250  -219252.231692 -1933779.963433  -305157.083961
          984.500000  -219252.452226 -1933780.061798  -305156.579790
          984.625000  -219252.672761 -1933780.351217  -305156.236859
          984.718750  -219252.893296 -1933780.640635  -305155.893928
          984.812500  -219253.338199 -1933777.802080  -305153.055414
          984.906250  -219253.334365 -1933777.780509  -305152.305734
          985.000000  -219253.554900 -1933777.878874  -305151.801563
          985.125000  -219253.554900 -1933777.878874  -305151.801563
          985.218750  -219253.999803 -1933777.906121  -305151.381659
          985.312500  -219253.995969 -1933778.075604  -305150.793220
          985.406250  -219254.440872 -1933778.102851  -305150.373316
          985.500000  -219254.440872 -1933778.102851  -305150.373316
          985.625000  -219254.661407 -1933778.201216  -305149.869145
          985.718750  -219255.106310 -1933778.419516  -305149.610482
          985.812500  -219255.326845 -1933778.708934  -305149.267551
          985.906250  -219255.547379 -1933779.189406  -305149.085862
          986.000000  -219255.547379 -1933778.998353  -305148.924621
          986.125000  -219255.992282 -1933779.216653  -305148.665958
          986.218750  -219256.212817 -1933779.506071  -305148.323027
          986.312500  -219256.437185 -1933779.243899  -305148.246054
          986.406250  -219256.657720 -1933779.724371  -305148.064365
          986.500000  -219257.102623 -1933779.942671  -305147.805702
          986.625000  -219257.547526 -1933780.160971  -305147.547039
          986.718750  -219257.547526 -1933779.969918  -305147.385798
          986.812500  -219257.992429 -1933780.188218  -305147.127135
          986.906250  -219258.437332 -1933780.406518  -305146.868473
          987.000000  -219258.882235 -1933780.624818  -305146.609810
          987.125000  -219259.327138 -1933780.652064  -305146.189906
          987.218750  -219259.772041 -1933780.870364  -305145.931243
          987.312500  -219259.996409 -1933780.799246  -305146.015511
          987.406250  -219260.441312 -1933781.017546  -305145.756848
          987.500000  -219260.886215 -1933781.235846  -305145.498186
          987.625000  -219261.555486 -1933781.383028  -305145.323791
          987.718750  -219261.779854 -1933781.311910  -305145.408058
          987.812500  -219262.224757 -1933781.721263  -305145.310636
          987.906250  -219262.673494 -1933781.579026  -305145.479172
          988.000000  -219263.118397 -1933781.988380  -305145.381750
          988.125000  -219263.563299 -1933782.397733  -305145.284328
          988.218750  -219264.012036 -1933782.446550  -305145.614104
          988.312500  -219264.456939 -1933782.664850  -305145.355441
          988.406250  -219264.905675 -1933782.904720  -305145.846459
          988.500000  -219265.350578 -1933783.123020  -305145.587796
          988.625000  -219265.799315 -1933783.171837  -305145.917572
          988.718750  -219266.244218 -1933783.772244  -305145.981391
          988.812500  -219266.692954 -1933783.630007  -305146.149926
          988.906250  -219267.137857 -1933784.230414  -305146.213745
          989.000000  -219267.582760 -1933784.639768  -305146.116323
          989.125000  -219268.031497 -1933784.688585  -305146.446099
          989.218750  -219268.476400 -1933785.288992  -305146.509918
          989.312500  -219269.145671 -1933785.627227  -305146.496764
          989.406250  -219269.370039 -1933785.747162  -305146.742272
          989.500000  -219269.814942 -1933786.347569  -305146.806091
          989.625000  -219270.484213 -1933786.876858  -305146.954178
          989.718750  -219270.708582 -1933787.187846  -305147.360927
          989.812500  -219271.153484 -1933787.597200  -305147.263505
          989.906250  -219271.598387 -1933788.388660  -305147.488564
          990.000000  -219271.822756 -1933788.508595  -305147.734073
          990.125000  -219272.267659 -1933789.109002  -305147.797891
          990.218750  -219272.712562 -1933789.900463  -305148.022951
          990.312500  -219272.712562 -1933790.282570  -305148.345432
          990.406250  -219272.936930 -1933794.605681  -305152.138237
          990.500000  -219273.822902 -1933786.805412  -305143.937880
          990.625000  -219274.043437 -1933786.712723  -305143.272468
          990.718750  -219274.488340 -1933786.931023  -305143.013805
          990.812500  -219274.712708 -1933787.242012  -305143.420554
          990.906250  -219274.933243 -1933787.913537  -305143.400105
          991.000000  -219275.378146 -1933789.087105  -305143.947646
          991.125000  -219275.823049 -1933790.069619  -305144.333946
          991.218750  -219276.047417 -1933790.953768  -305145.224417
          991.312500  -219276.492320 -1933791.936282  -305145.610718
          991.406250  -219276.937223 -1933792.918795  -305145.997018
          991.500000  -219277.385959 -1933793.349719  -305146.649276
          991.625000  -219277.830862 -1933794.141180  -305146.874335
          991.718750  -219278.275765 -1933794.932640  -305147.099394
          991.812500  -219278.945036 -1933795.461929  -305147.247481
          991.906250  -219279.169405 -1933795.581864  -305147.492989
          992.000000  -219279.838676 -1933796.111152  -305147.641076
          992.125000  -219280.507947 -1933796.640441  -305147.789162
          992.218750  -219281.177218 -1933796.978676  -305147.776008
          992.312500  -219281.625955 -1933797.027493  -305148.105784
          992.406250  -219282.295226 -1933797.365728  -305148.092630
          992.500000  -219282.964497 -1933797.895017  -305148.240717
          992.625000  -219283.413234 -1933797.943833  -305148.570493
          992.718750  -219284.082505 -1933798.282069  -305148.557339
          992.812500  -219284.751776 -1933798.620304  -305148.544185
          992.906250  -219285.200513 -1933798.669121  -305148.873961
          993.000000  -219285.869784 -1933798.816302  -305148.699566
          993.125000  -219286.318520 -1933798.865119  -305149.029342
          993.218750  -219286.987792 -1933799.012301  -305148.854947
          993.312500  -219287.436528 -1933798.870064  -305149.023483
          993.406250  -219288.105799 -1933798.826192  -305148.687847
          993.500000  -219288.554536 -1933798.492902  -305148.695142
          993.625000  -219289.223807 -1933798.449030  -305148.359507
          993.718750  -219289.672543 -1933798.115740  -305148.366802
          993.812500  -219290.341815 -1933798.071868  -305148.031166
          993.906250  -219290.790551 -1933797.738578  -305148.038461
          994.000000  -219291.459822 -1933797.694706  -305147.702825
          994.125000  -219291.908559 -1933797.361416  -305147.710120
          994.218750  -219292.353462 -1933797.388663  -305147.290217
          994.312500  -219293.022733 -1933797.153738  -305146.793340
          994.406250  -219293.467636 -1933797.180984  -305146.373437
          994.500000  -219293.692004 -1933796.727759  -305146.135223
          994.625000  -219293.912539 -1933796.826124  -305145.631052
          994.718750  -219294.357442 -1933796.853370  -305145.211148
          994.812500  -219294.577977 -1933796.951735  -305144.706977
          994.906250  -219294.798511 -1933797.050100  -305144.202805
          995.000000  -219295.022879 -1933796.978982  -305144.287073
          995.125000  -219295.243414 -1933797.077347  -305143.782902
          995.218750  -219295.463949 -1933797.175712  -305143.278730
          995.312500  -219295.684484 -1933797.465130  -305142.935800
          995.406250  -219295.680650 -1933797.634614  -305142.347360
          995.500000  -219295.901185 -1933797.732978  -305141.843189
          995.625000  -219295.901185 -1933797.732978  -305141.843189
          995.718750  -219296.121719 -1933797.831343  -305141.339018
          995.812500  -219296.342254 -1933798.120762  -305140.996087
          995.906250  -219296.562789 -1933798.410180  -305140.653156
          996.000000  -219296.558955 -1933798.579663  -305140.064717
          996.125000  -219296.558955 -1933798.579663  -305140.064717
          996.218750  -219296.779490 -1933798.678028  -305139.560546
          996.312500  -219296.775656 -1933799.038565  -305139.133347
          996.406250  -219296.996191 -1933799.136930  -305138.629176
          996.500000  -219296.996191 -1933799.136930  -305138.629176
          996.625000  -219297.216726 -1933799.235295  -305138.125005
          996.718750  -219297.212892 -1933799.404778  -305137.536565
          996.812500  -219297.212892 -1933799.404778  -305137.536565
          996.906250  -219297.433427 -1933799.503143  -305137.032394
          997.000000  -219297.653962 -1933799.792562  -305136.689463
          997.125000  -219297.653962 -1933799.601508  -305136.528223
          997.218750  -219297.874496 -1933799.699873  -305136.024051
          997.312500  -219297.874496 -1933799.508820  -305135.862810
          997.406250  -219298.095031 -1933799.607185  -305135.358639
          997.500000  -219298.095031 -1933799.416131  -305135.197398
          997.625000  -219298.095031 -1933799.225078  -305135.036158
          997.718750  -219298.315566 -1933799.323443  -305134.531986
          997.812500  -219298.315566 -1933799.132389  -305134.370745
          997.906250  -219298.315566 -1933798.941336  -305134.209505
          998.000000  -219298.536101 -1933799.039701  -305133.705333
          998.125000  -219298.536101 -1933798.848647  -305133.544093
          998.218750  -219298.311732 -1933798.537659  -305133.137343
          998.312500  -219298.311732 -1933798.346605  -305132.976103
          998.406250  -219298.311732 -1933798.155552  -305132.814862
          998.500000  -219298.311732 -1933797.964498  -305132.653621
          998.625000  -219298.087364 -1933797.844563  -305132.408113
          998.718750  -219298.087364 -1933797.462456  -305132.085631
          998.812500  -219298.307899 -1933797.560821  -305131.581460
          998.906250  -219297.862996 -1933797.151468  -305131.678882
          999.000000  -219298.083530 -1933797.058779  -305131.013470
          999.125000  -219297.638628 -1933796.649426  -305131.110892
          999.218750  -219297.638628 -1933796.458372  -305130.949651
          999.312500  -219297.414259 -1933796.147383  -305130.542902
          999.406250  -219297.414259 -1933795.956330  -305130.381661
          999.500000  -219297.189891 -1933795.645341  -305129.974912
          999.625000  -219297.189891 -1933795.454288  -305129.813671
          999.718750  -219296.965523 -1933795.334353  -305129.568162
          999.812500  -219296.741155 -1933795.023364  -305129.161413
          999.906250  -219296.516786 -1933794.903429  -305128.915905
         1000.000000  -219296.516786 -1933794.712376  -305128.754664
         1000.125000  -219296.071883 -1933794.111969  -305128.690845
         1000.218750  -219295.847515 -1933793.992034  -305128.445337
         1000.312500  -219295.623147 -1933793.872098  -305128.199828
         1000.406250  -219295.398779 -1933793.561110  -305127.793079
         1000.500000  -219294.953876 -1933793.151756  -305127.890501
         1000.625000  -219294.729507 -1933792.840768  -305127.483752
         1000.718750  -219294.505139 -1933792.720833  -305127.238243
         1000.812500  -219294.505139 -1933792.529779  -305127.077002
         1000.906250  -219294.060236 -1933791.929372  -305127.013184
         1001.000000  -219293.835868 -1933791.809437  -305126.767675
         1001.125000  -219293.390965 -1933791.400084  -305126.865097
         1001.218750  -219293.390965 -1933791.017977  -305126.542616
         1001.312500  -219292.946062 -1933790.608623  -305126.640038
         1001.406250  -219292.946062 -1933790.226516  -305126.317556
         1001.500000  -219292.501159 -1933789.817163  -305126.414978
         1001.625000  -219292.276791 -1933789.506174  -305126.008229
         1001.718750  -219292.056256 -1933789.025702  -305126.189919
         1001.812500  -219291.831888 -1933788.714714  -305125.783170
         1001.906250  -219291.611353 -1933788.234242  -305125.964860
         1002.000000  -219291.166450 -1933787.633835  -305125.901041
         1002.125000  -219290.721547 -1933787.224481  -305125.998463
         1002.218750  -219290.721547 -1933786.842374  -305125.675982
         1002.312500  -219290.276644 -1933786.433021  -305125.773404
         1002.406250  -219289.831741 -1933785.832614  -305125.709585
         1002.500000  -219289.607373 -1933785.712679  -305125.464076
         1002.625000  -219289.162470 -1933785.303325  -305125.561499
         1002.718750  -219288.713734 -1933785.063455  -305125.070481
         1002.812500  -219288.268831 -1933784.654102  -305125.167903
         1002.906250  -219288.044462 -1933784.534166  -305124.922395
         1003.000000  -219287.599560 -1933783.933759  -305124.858576
         1003.125000  -219287.375191 -1933783.813824  -305124.613068
         1003.218750  -219286.930288 -1933783.404471  -305124.710490
         1003.312500  -219286.485385 -1933782.804064  -305124.646671
         1003.406250  -219286.261017 -1933782.684129  -305124.401163
         1003.500000  -219285.816114 -1933782.083722  -305124.337344
         1003.625000  -219285.371211 -1933781.674368  -305124.434766
         1003.718750  -219285.146843 -1933781.363380  -305124.028017
         1003.812500  -219284.926308 -1933780.882908  -305124.209707
         1003.906250  -219284.481405 -1933780.282501  -305124.145888
         1004.000000  -219284.257037 -1933779.971512  -305123.739139
         1004.125000  -219283.812134 -1933779.371105  -305123.675320
         1004.218750  -219283.367231 -1933778.961752  -305123.772742
         1004.312500  -219283.142863 -1933778.650763  -305123.365993
         1004.406250  -219282.264558 -1933777.132553  -305125.164914
         1004.500000  -219281.819655 -1933776.723199  -305125.262336
         1004.625000  -219281.595286 -1933776.412211  -305124.855587
         1004.718750  -219281.370918 -1933776.101222  -305124.448837
         1004.812500  -219280.926015 -1933775.500815  -305124.385019
         1004.906250  -219280.481112 -1933774.900408  -305124.321200
         1005.000000  -219280.032376 -1933774.851591  -305123.991424
         1005.125000  -219279.587473 -1933774.442238  -305124.088846
         1005.218750  -219279.363105 -1933774.131249  -305123.682096
         1005.312500  -219278.918202 -1933773.530842  -305123.618278
         1005.406250  -219278.248930 -1933773.192607  -305123.631432
         1005.500000  -219277.800194 -1933773.143790  -305123.301656
         1005.625000  -219277.355291 -1933772.925490  -305123.560318
         1005.718750  -219277.123256 -1933773.335575  -305122.299172
         1005.812500  -219276.461652 -1933772.467320  -305123.327964
         1005.906250  -219276.005248 -1933772.948523  -305121.982550
         1006.000000  -219275.335977 -1933772.801342  -305122.156945
         1006.125000  -219274.894907 -1933772.222505  -305122.842806
         1006.218750  -219274.446171 -1933772.173688  -305122.513030
         1006.312500  -219273.773066 -1933772.195990  -305122.098986
         1006.406250  -219273.331997 -1933771.426099  -305122.623606
         1006.500000  -219272.662725 -1933771.278918  -305122.798001
         1006.625000  -219271.997288 -1933770.771199  -305123.399595
         1006.718750  -219271.328017 -1933770.432964  -305123.412749
         1006.812500  -219270.879280 -1933770.384147  -305123.082973
         1006.906250  -219270.434377 -1933769.974794  -305123.180395
         1007.000000  -219269.765106 -1933769.827612  -305123.354790
         1007.125000  -219269.316369 -1933769.778795  -305123.025013
         1007.218750  -219268.647098 -1933769.440560  -305123.038167
         1007.312500  -219268.198362 -1933769.391743  -305122.708391
         1007.406250  -219267.529091 -1933769.053508  -305122.721545
         1007.500000  -219267.080354 -1933769.004691  -305122.391769
         1007.625000  -219266.635451 -1933768.595338  -305122.489191
         1007.718750  -219265.966180 -1933768.257103  -305122.502345
         1007.812500  -219265.296909 -1933767.918868  -305122.515499
         1007.906250  -219264.848172 -1933767.870051  -305122.185723
         1008.000000  -219264.178901 -1933767.340762  -305122.037637
         1008.125000  -219263.509630 -1933767.002527  -305122.050791
         1008.218750  -219263.064727 -1933766.593174  -305122.148213
         1008.312500  -219262.395456 -1933766.254938  -305122.161367
         1008.406250  -219261.726184 -1933765.916703  -305122.174521
         1008.500000  -219261.056913 -1933765.578468  -305122.187676
         1008.625000  -219260.387642 -1933765.240233  -305122.200830
         1008.718750  -219259.718371 -1933764.710944  -305122.052743
         1008.812500  -219259.269634 -1933764.662128  -305121.722967
         1008.906250  -219258.824731 -1933764.252774  -305121.820389
         1009.000000  -219258.155460 -1933763.914539  -305121.833543
         1009.125000  -219257.486189 -1933763.385250  -305121.685457
         1009.218750  -219256.816918 -1933763.047015  -305121.698611
         1009.312500  -219256.147647 -1933762.708780  -305121.711765
         1009.406250  -219255.478375 -1933762.179491  -305121.563679
         1009.500000  -219254.809104 -1933761.841256  -305121.576833
         1009.625000  -219254.139833 -1933761.503021  -305121.589987
         1009.718750  -219253.470562 -1933761.164786  -305121.603142
         1009.812500  -219253.025659 -1933760.564379  -305121.539323
         1009.906250  -219252.132019 -1933760.297262  -305121.468209
         1010.000000  -219251.462748 -1933759.767973  -305121.320123
         1010.125000  -219250.793477 -1933759.429738  -305121.333277
         1010.218750  -219250.124206 -1933759.091503  -305121.346431
         1010.312500  -219249.454935 -1933758.562214  -305121.198345
         1010.406250  -219248.785663 -1933758.223979  -305121.211499
         1010.500000  -219248.116392 -1933757.694691  -305121.063413
         1010.625000  -219247.667656 -1933757.454820  -305120.572395
         1010.718750  -219246.998385 -1933757.116585  -305120.585550
         1010.812500  -219246.329113 -1933756.587297  -305120.437463
         1010.906250  -219245.659842 -1933756.058008  -305120.289377
         1011.000000  -219244.990571 -1933755.528719  -305120.141290
         1011.125000  -219244.545668 -1933755.119366  -305120.238712
         1011.218750  -219244.096931 -1933754.879496  -305119.747695
         1011.312500  -219243.427660 -1933754.350207  -305119.599609
         1011.406250  -219242.758389 -1933754.011972  -305119.612763
         1011.500000  -219242.089118 -1933753.482683  -305119.464676
         1011.625000  -219241.419847 -1933752.953395  -305119.316590
         1011.718750  -219240.971110 -1933752.713524  -305118.825573
         1011.812500  -219240.301839 -1933752.375289  -305118.838727
         1011.906250  -219239.632568 -1933751.846001  -305118.690641
         1012.000000  -219238.963297 -1933751.316712  -305118.542554
         1012.125000  -219238.294025 -1933750.787423  -305118.394468
         1012.218750  -219237.845289 -1933750.738607  -305118.064691
         1012.312500  -219237.176018 -1933750.209318  -305117.916605
         1012.406250  -219236.506746 -1933749.680029  -305117.768518
         1012.500000  -219235.837475 -1933749.341794  -305117.781673
         1012.625000  -219235.168204 -1933748.812505  -305117.633586
         1012.718750  -219234.719468 -1933748.572635  -305117.142569
         1012.812500  -219234.050196 -1933748.043347  -305116.994482
         1012.906250  -219233.380925 -1933747.705111  -305117.007637
         1013.000000  -219232.711654 -1933747.175823  -305116.859550
         1013.125000  -219232.262917 -1933746.935953  -305116.368533
         1013.218750  -219231.593646 -1933746.406664  -305116.220447
         1013.312500  -219230.924375 -1933746.068429  -305116.233601
         1013.406250  -219230.255104 -1933745.539140  -305116.085514
         1013.500000  -219229.806367 -1933745.299270  -305115.594497
         1013.625000  -219229.137096 -1933744.961035  -305115.607651
         1013.718750  -219228.467825 -1933744.431746  -305115.459565
         1013.812500  -219228.022922 -1933743.831339  -305115.395746
         1013.906250  -219227.349817 -1933743.662587  -305114.820461
         1014.000000  -219226.904914 -1933743.253234  -305114.917883
         1014.125000  -219226.235643 -1933742.723945  -305114.769797
         1014.218750  -219225.566372 -1933742.385710  -305114.782951
         1014.312500  -219225.117635 -1933742.145840  -305114.291934
         1014.406250  -219224.448364 -1933741.616551  -305114.143848
         1014.500000  -219223.779093 -1933741.278316  -305114.157002
         1014.625000  -219223.330356 -1933741.038446  -305113.665985
         1014.718750  -219222.885454 -1933740.438039  -305113.602166
         1014.812500  -219222.216182 -1933740.099804  -305113.615320
         1014.906250  -219221.546911 -1933739.570515  -305113.467234
         1015.000000  -219221.098175 -1933739.330645  -305112.976217
         1015.125000  -219220.428903 -1933738.992410  -305112.989371
         1015.218750  -219219.759632 -1933738.463121  -305112.841284
         1015.312500  -219219.090361 -1933737.933832  -305112.693198
         1015.406250  -219218.865993 -1933737.813897  -305112.447689
         1015.500000  -219218.196722 -1933737.284609  -305112.299603
         1015.625000  -219217.527450 -1933736.946373  -305112.312757
         1015.718750  -219216.858179 -1933736.417085  -305112.164671
         1015.812500  -219216.409443 -1933736.177215  -305111.673653
         1015.906250  -219215.964540 -1933735.767861  -305111.771076
         1016.000000  -219215.295269 -1933735.238572  -305111.622989
         1016.125000  -219214.625997 -1933734.709284  -305111.474903
         1016.218750  -219214.177261 -1933734.660467  -305111.145126
         1016.312500  -219213.507990 -1933734.131178  -305110.997040
         1016.406250  -219212.838718 -1933733.792943  -305111.010194
         1016.500000  -219212.169447 -1933733.263655  -305110.862107
         1016.625000  -219211.945079 -1933732.952666  -305110.455358
         1016.718750  -219211.275808 -1933732.423377  -305110.307272
         1016.812500  -219210.382168 -1933732.156261  -305110.236158
         1016.906250  -219209.937265 -1933731.555854  -305110.172339
         1017.000000  -219209.488529 -1933731.315983  -305109.681322
         1017.125000  -219208.819258 -1933730.786695  -305109.533236
         1017.218750  -219208.149986 -1933730.257406  -305109.385149
         1017.312500  -219207.480715 -1933729.919171  -305109.398304
         1017.406250  -219207.031979 -1933729.679301  -305108.907286
         1017.500000  -219206.362708 -1933729.150012  -305108.759200
         1017.625000  -219205.693436 -1933728.620723  -305108.611113
         1017.718750  -219205.024165 -1933728.091435  -305108.463027
         1017.812500  -219204.579262 -1933727.491028  -305108.399208
         1017.906250  -219203.909991 -1933726.961739  -305108.251122
         1018.000000  -219203.240720 -1933726.432451  -305108.103035
         1018.125000  -219202.795817 -1933725.832044  -305108.039217
         1018.218750  -219201.906011 -1933725.013337  -305108.234061
         1018.312500  -219201.236740 -1933724.484048  -305108.085974
         1018.406250  -219200.791837 -1933723.883641  -305108.022156
         1018.500000  -219200.122566 -1933723.354352  -305107.874069
         1018.625000  -219199.677663 -1933722.753945  -305107.810251
         1018.718750  -219199.008391 -1933722.033603  -305107.500923
         1018.812500  -219198.342954 -1933721.143778  -305107.780035
         1018.906250  -219197.898051 -1933720.543371  -305107.716217
         1019.000000  -219197.228780 -1933720.014082  -305107.568130
         1019.125000  -219196.563342 -1933719.124257  -305107.847242
         1019.218750  -219196.118439 -1933718.523850  -305107.783424
         1019.312500  -219195.673536 -1933717.732389  -305107.558364
         1019.406250  -219195.008098 -1933716.842564  -305107.837476
         1019.500000  -219194.563195 -1933716.242157  -305107.773658
         1019.625000  -219194.118293 -1933715.450697  -305107.548598
         1019.718750  -219193.228487 -1933714.631990  -305107.743442
         1019.812500  -219193.007952 -1933713.769411  -305107.602651
         1019.906250  -219192.342514 -1933712.879585  -305107.881763
         1020.000000  -219191.897611 -1933712.088125  -305107.656704
         1020.125000  -219191.452708 -1933711.487718  -305107.592885
         1020.218750  -219190.787271 -1933710.406839  -305107.710756
         1020.312500  -219190.342368 -1933709.806432  -305107.646938
         1020.406250  -219189.897465 -1933709.014972  -305107.421878
         1020.500000  -219189.456395 -1933708.054028  -305107.785258
         1020.625000  -219189.011492 -1933707.262568  -305107.560199
         1020.718750  -219188.566590 -1933706.471107  -305107.335139
         1020.812500  -219187.901152 -1933705.390228  -305107.453011
         1020.906250  -219187.456249 -1933704.789821  -305107.389192
         1021.000000  -219187.235714 -1933703.927242  -305107.248400
         1021.125000  -219186.570277 -1933702.846364  -305107.366272
         1021.218750  -219186.349742 -1933702.174838  -305107.386721
         1021.312500  -219185.904839 -1933701.383378  -305107.161661
         1021.406250  -219185.239401 -1933700.302499  -305107.279533
         1021.500000  -219185.018867 -1933699.439920  -305107.138741
         1021.625000  -219184.573964 -1933698.839513  -305107.074923
         1021.718750  -219183.908526 -1933697.758634  -305107.192794
         1021.812500  -219183.687991 -1933696.896056  -305107.052002
         1021.906250  -219183.243088 -1933696.104595  -305106.826943
         1022.000000  -219182.802019 -1933694.952598  -305107.029082
         1022.125000  -219182.357116 -1933694.352191  -305106.965263
         1022.218750  -219181.912213 -1933693.560730  -305106.740204
         1022.312500  -219181.471144 -1933692.408733  -305106.942343
         1022.406250  -219181.026241 -1933691.617273  -305106.717284
         1022.500000  -219180.581338 -1933691.016866  -305106.653465
         1022.625000  -219180.140268 -1933689.864869  -305106.855604
         1022.718750  -219179.695365 -1933689.073408  -305106.630545
         1022.812500  -219179.474831 -1933688.210829  -305106.489753
         1022.906250  -219178.809393 -1933687.129951  -305106.607625
         1023.000000  -219178.364490 -1933686.529544  -305106.543806
         1023.125000  -219178.143955 -1933685.666965  -305106.403014
         1023.218750  -219177.478518 -1933684.586086  -305106.520886
         1023.312500  -219177.033615 -1933683.794625  -305106.295826
         1023.406250  -219176.813080 -1933682.932047  -305106.155035
         1023.500000  -219176.147642 -1933682.042221  -305106.434147
         1023.625000  -219175.702739 -1933681.250761  -305106.209087
         1023.718750  -219175.482205 -1933680.388182  -305106.068296
         1023.812500  -219174.816767 -1933679.307303  -305106.186167
         1023.906250  -219174.596232 -1933678.444724  -305106.045376
         1024.000000  -219173.930795 -1933677.363845  -305106.163247
         1024.125000  -219173.485892 -1933676.763439  -305106.099428
         1024.218750  -219173.265357 -1933675.900860  -305105.958637
         1024.312500  -219172.599919 -1933674.819981  -305106.076508
         1024.406250  -219172.155016 -1933674.028520  -305105.851449
         1024.500000  -219171.934482 -1933673.165942  -305105.710657
         1024.625000  -219171.269044 -1933672.085063  -305105.828528
         1024.718750  -219171.048509 -1933671.222484  -305105.687737
         1024.812500  -219170.383072 -1933670.332659  -305105.966849
         1024.906250  -219169.938169 -1933669.541198  -305105.741789
         1025.000000  -219169.717634 -1933668.678619  -305105.600998
         1025.125000  -219169.052196 -1933667.597740  -305105.718869
         1025.218750  -219168.607293 -1933666.806280  -305105.493810
         1025.312500  -219168.162390 -1933666.014820  -305105.268750
         1025.406250  -219167.717488 -1933665.223359  -305105.043691
         1025.500000  -219167.272585 -1933664.240845  -305104.657391
         1025.625000  -219166.827682 -1933663.449385  -305104.432332
         1025.718750  -219166.382779 -1933662.657924  -305104.207272
         1025.812500  -219165.937876 -1933661.866464  -305103.982213
         1025.906250  -219165.492973 -1933660.883950  -305103.595913
         1026.000000  -219165.048070 -1933660.092490  -305103.370853
         1026.125000  -219164.378799 -1933659.372147  -305103.061526
         1026.218750  -219163.713361 -1933658.291269  -305103.179397
         1026.312500  -219163.488993 -1933657.789227  -305102.611407
         1026.406250  -219163.040256 -1933657.358303  -305101.959149
         1026.500000  -219162.150450 -1933656.539596  -305102.153994
         1026.625000  -219161.477346 -1933656.179790  -305101.417468
         1026.718750  -219160.815741 -1933654.929428  -305102.123778
         1026.812500  -219160.142637 -1933654.760676  -305101.548493
         1026.906250  -219159.473366 -1933654.231388  -305101.400407
         1027.000000  -219158.804094 -1933653.702099  -305101.252320
         1027.125000  -219158.130990 -1933653.533347  -305100.677035
         1027.218750  -219157.465552 -1933652.834575  -305101.117388
         1027.312500  -219156.571912 -1933652.567459  -305101.046275
         1027.406250  -219155.902641 -1933652.229223  -305101.059429
         1027.500000  -219155.009002 -1933651.962107  -305100.988315
         1027.625000  -219154.560265 -1933651.913290  -305100.658539
         1027.718750  -219153.666626 -1933651.837227  -305100.748666
         1027.812500  -219152.997355 -1933651.498991  -305100.761820
         1027.906250  -219152.103715 -1933651.613981  -305101.013188
         1028.000000  -219151.434444 -1933651.466800  -305101.187583
         1028.125000  -219150.765173 -1933651.319618  -305101.361978
         1028.218750  -219150.095902 -1933651.363490  -305101.697614
         1028.312500  -219149.426630 -1933651.407362  -305102.033250
         1028.406250  -219148.977894 -1933651.740652  -305102.025955
         1028.500000  -219147.867553 -1933651.396740  -305103.208692
         1028.625000  -219147.202116 -1933651.271129  -305104.132767
         1028.718750  -219146.312310 -1933651.216636  -305104.972574
         1028.812500  -219145.643039 -1933651.260507  -305105.308210
         1028.906250  -219144.973767 -1933651.495433  -305105.805086
         1029.000000  -219144.304496 -1933651.539304  -305106.140722
         1029.125000  -219143.635225 -1933651.774230  -305106.637599
         1029.218750  -219142.962120 -1933652.178638  -305106.546036
         1029.312500  -219142.513384 -1933652.511928  -305106.538741
         1029.406250  -219141.840279 -1933653.107390  -305106.608419
         1029.500000  -219141.167174 -1933653.511799  -305106.516856
         1029.625000  -219140.718438 -1933653.845089  -305106.509561
         1029.718750  -219139.824798 -1933654.151132  -305106.922170
         1029.812500  -219139.376062 -1933654.484423  -305106.914875
         1029.906250  -219138.702957 -1933654.888831  -305106.823312
         1030.000000  -219137.809318 -1933655.194875  -305107.235921
         1030.125000  -219137.360581 -1933655.528165  -305107.228626
         1030.218750  -219136.687476 -1933656.123627  -305107.298304
         1030.312500  -219136.014372 -1933656.719089  -305107.367981
         1030.406250  -219135.341267 -1933657.123497  -305107.276419
         1030.500000  -219134.892530 -1933657.647841  -305107.430364
         1030.625000  -219134.439960 -1933658.341668  -305106.995871
         1030.718750  -219133.766856 -1933658.746077  -305106.904308
         1030.812500  -219132.873216 -1933659.052120  -305107.316917
         1030.906250  -219132.645014 -1933659.674829  -305106.966691
         1031.000000  -219131.975743 -1933659.909754  -305107.463568
         1031.125000  -219131.302638 -1933660.314162  -305107.372005
         1031.218750  -219130.853902 -1933660.838506  -305107.525951
         1031.312500  -219130.405165 -1933661.362850  -305107.679896
         1031.406250  -219129.511526 -1933661.477840  -305107.931264
         1031.500000  -219129.062789 -1933662.002184  -305108.085210
         1031.625000  -219128.393518 -1933662.046055  -305108.420846
         1031.718750  -219127.944782 -1933662.570399  -305108.574792
         1031.812500  -219127.496045 -1933663.094743  -305108.728737
         1031.906250  -219127.047309 -1933663.428033  -305108.721442
         1032.000000  -219126.153669 -1933663.734076  -305109.134051
         1032.125000  -219125.704933 -1933664.067366  -305109.126756
         1032.218750  -219125.256196 -1933664.400657  -305109.119461
         1032.312500  -219124.583091 -1933664.996119  -305109.189139
         1032.406250  -219124.358723 -1933665.258290  -305109.266112
         1032.500000  -219123.906153 -1933665.952117  -305108.831619
         1032.625000  -219123.457417 -1933666.285408  -305108.824324
         1032.718750  -219122.784312 -1933666.880870  -305108.894002
         1032.812500  -219122.335575 -1933667.214160  -305108.886707
         1032.906250  -219121.886839 -1933667.547450  -305108.879412
         1033.000000  -219121.434269 -1933668.241277  -305108.444918
         1033.125000  -219120.985532 -1933668.765620  -305108.598864
         1033.218750  -219120.536796 -1933669.098911  -305108.591569
         1033.312500  -219119.863691 -1933669.503319  -305108.500006
         1033.406250  -219119.414955 -1933670.027663  -305108.653952
         1033.500000  -219118.966218 -1933670.360953  -305108.646657
         1033.625000  -219118.293113 -1933670.765362  -305108.555094
         1033.718750  -219117.844377 -1933671.098652  -305108.547799
         1033.812500  -219117.616175 -1933671.912414  -305108.358815
         1033.906250  -219116.946904 -1933671.956285  -305108.694450
         1034.000000  -219116.494334 -1933672.650112  -305108.259957
         1034.125000  -219116.045597 -1933673.174456  -305108.413903
         1034.218750  -219115.372493 -1933673.578865  -305108.322340
         1034.312500  -219114.923756 -1933674.103208  -305108.476286
         1034.406250  -219114.478853 -1933673.884908  -305108.734948
         1034.500000  -219115.524023 -1933679.975838  -305099.967355
         1034.625000  -219115.075287 -1933680.309128  -305099.960060
         1034.718750  -219114.402182 -1933680.713536  -305099.868497
         1034.812500  -219113.953446 -1933681.237880  -305100.022443
         1034.906250  -219113.280341 -1933681.642289  -305099.930880
         1035.000000  -219112.831605 -1933682.166632  -305100.084826
         1035.125000  -219111.937965 -1933682.281622  -305100.336194
         1035.218750  -219111.709763 -1933682.904331  -305099.985968
         1035.312500  -219110.816124 -1933683.210374  -305100.398577
         1035.406250  -219105.644153 -1933689.175616  -305099.919913
         1035.500000  -219110.819957 -1933682.467731  -305100.503294
         1035.625000  -219110.150686 -1933682.511603  -305100.838929
         1035.718750  -219109.253213 -1933683.178183  -305100.824340
         1035.812500  -219107.230065 -1933685.516159  -305100.767416
         1035.906250  -219107.686469 -1933683.888635  -305101.145385
         1036.000000  -219107.686469 -1933683.697582  -305100.984145
         1036.125000  -219106.788996 -1933684.364162  -305100.969555
         1036.218750  -219105.442786 -1933685.364032  -305100.947670
         1036.312500  -219104.773515 -1933685.407904  -305101.283306
         1036.406250  -219103.876042 -1933685.883431  -305101.107475
         1036.500000  -219097.806599 -1933692.706306  -305100.775462
         1036.625000  -219097.357862 -1933692.848543  -305100.606927
         1036.718750  -219096.464223 -1933692.963533  -305100.858295
         1036.812500  -219095.791118 -1933693.367941  -305100.766732
         1036.906250  -219094.897479 -1933693.291878  -305100.856859
         1037.000000  -219094.224374 -1933693.505233  -305100.604056
         1037.125000  -219097.380864 -1933688.392681  -305101.235229
         1037.218750  -219096.711592 -1933688.245499  -305101.409624
         1037.312500  -219096.038488 -1933688.458854  -305101.156820
         1037.406250  -219095.369217 -1933688.120619  -305101.169975
         1037.500000  -219094.696112 -1933688.333974  -305100.917171
         1037.625000  -219094.026841 -1933688.186792  -305101.091566
         1037.718750  -219093.806306 -1933687.515267  -305101.112015
         1037.812500  -219093.357569 -1933687.466450  -305100.782239
         1037.906250  -219092.463930 -1933687.581440  -305101.033607
         1038.000000  -219091.794659 -1933687.243205  -305101.046761
         1038.125000  -219091.125388 -1933687.096023  -305101.221156
         1038.218750  -219090.456116 -1933686.757788  -305101.234310
         1038.312500  -219089.566310 -1933686.321188  -305101.751636
         1038.406250  -219088.897039 -1933686.174006  -305101.926031
         1038.500000  -219088.227768 -1933685.835771  -305101.939185
         1038.625000  -219087.334129 -1933685.568655  -305101.868072
         1038.718750  -219086.664857 -1933685.421473  -305102.042467
         1038.812500  -219085.995586 -1933685.274291  -305102.216862
         1038.906250  -219085.326315 -1933684.936056  -305102.230016
         1039.000000  -219084.657044 -1933684.788874  -305102.404411
         1039.125000  -219083.987773 -1933684.450639  -305102.417565
         1039.218750  -219083.094133 -1933684.183522  -305102.346451
         1039.312500  -219082.424862 -1933684.036341  -305102.520846
         1039.406250  -219081.755591 -1933683.889159  -305102.695241
         1039.500000  -219080.861951 -1933683.813096  -305102.785368
         1039.625000  -219079.968312 -1933683.737032  -305102.875496
         1039.718750  -219079.299041 -1933683.780904  -305103.211131
         1039.812500  -219078.625936 -1933683.994259  -305102.958328
         1039.906250  -219077.956665 -1933684.038131  -305103.293964
         1040.000000  -219076.842491 -1933684.054756  -305104.049503
         1040.125000  -219076.393754 -1933684.388046  -305104.042208
         1040.218750  -219075.720649 -1933684.601401  -305103.789404
         1040.312500  -219075.492447 -1933684.842003  -305103.116697
         1040.406250  -219074.374440 -1933685.219165  -305103.445038
         1040.500000  -219073.925703 -1933685.552455  -305103.437743
         1040.625000  -219073.032064 -1933685.858499  -305103.850352
         1040.718750  -219072.583327 -1933686.382842  -305104.004297
         1040.812500  -219071.689688 -1933686.497832  -305104.255665
         1040.906250  -219071.240951 -1933687.022176  -305104.409611
         1041.000000  -219070.571680 -1933687.257101  -305104.906488
         1041.125000  -219069.898575 -1933687.661510  -305104.814925
         1041.218750  -219069.449839 -1933688.185853  -305104.968871
         1041.312500  -219069.001102 -1933688.519144  -305104.961576
         1041.406250  -219068.552366 -1933689.043487  -305105.115521
         1041.500000  -219068.103629 -1933689.567831  -305105.269467
         1041.625000  -219067.654893 -1933690.092174  -305105.423413
         1041.718750  -219067.206156 -1933690.616518  -305105.577359
         1041.812500  -219066.757420 -1933690.949808  -305105.570064
         1041.906250  -219066.308683 -1933691.474152  -305105.724010
         1042.000000  -219065.859947 -1933691.998496  -305105.877955
         1042.125000  -219065.411210 -1933692.331786  -305105.870660
         1042.218750  -219064.962474 -1933692.856129  -305106.024606
         1042.312500  -219064.513737 -1933693.380473  -305106.178552
         1042.406250  -219064.065001 -1933693.904817  -305106.332498
         1042.500000  -219063.391896 -1933694.500279  -305106.402176
         1042.625000  -219062.943160 -1933695.024622  -305106.556121
         1042.718750  -219062.714958 -1933695.838384  -305106.367137
         1042.812500  -219062.490590 -1933696.291610  -305106.605350
         1042.906250  -219062.041853 -1933697.007007  -305106.920537
         1043.000000  -219056.052914 -1933696.831770  -305116.043415
         1043.125000  -219061.144380 -1933698.055694  -305107.228428
         1043.218750  -219060.920012 -1933698.508919  -305107.466642
         1043.312500  -219053.945428 -1933707.674716  -305107.071846
         1043.406250  -219053.941595 -1933708.417359  -305106.967129
         1043.500000  -219058.451961 -1933709.417055  -305115.085454
         1043.625000  -219063.179029 -1933705.144048  -305117.435188
         1043.718750  -219052.367184 -1933710.995206  -305107.401222
         1043.812500  -219052.146649 -1933711.087894  -305108.066634
         1043.906250  -219051.918447 -1933712.092710  -305108.038890
         1044.000000  -219052.371017 -1933711.398883  -305108.473384
         1044.125000  -219051.922281 -1933712.114280  -305108.788570
         1044.218750  -219051.697912 -1933712.567505  -305109.026784
         1044.312500  -219051.697912 -1933712.758559  -305109.188025
         1044.406250  -219051.469711 -1933713.763374  -305109.160280
         1044.500000  -219051.701746 -1933712.780129  -305109.937705
         1044.625000  -219051.926114 -1933712.900064  -305110.183213
         1044.718750  -219051.701746 -1933713.353289  -305110.421427
         1044.812500  -219051.477378 -1933713.806514  -305110.659640
         1044.906250  -219051.249176 -1933714.620277  -305110.470656
         1045.000000  -219051.024808 -1933715.073502  -305110.708869
         1045.125000  -219050.576071 -1933715.597845  -305110.862815
         1045.218750  -219050.127335 -1933716.313243  -305111.178001
         1045.312500  -219049.678598 -1933716.837586  -305111.331947
         1045.406250  -219049.454230 -1933717.481865  -305111.731402
         1045.500000  -219049.005493 -1933718.006209  -305111.885347
         1045.625000  -219048.777292 -1933719.011024  -305111.857603
         1045.718750  -219048.104187 -1933719.606486  -305111.927281
         1045.812500  -219047.879819 -1933720.250765  -305112.326736
         1045.906250  -219047.431082 -1933720.966162  -305112.641922
         1046.000000  -219047.202880 -1933721.970977  -305112.614178
         1046.125000  -219046.754144 -1933722.495321  -305112.768124
         1046.218750  -219046.305407 -1933723.210718  -305113.083310
         1046.312500  -219045.856671 -1933723.926115  -305113.398497
         1046.406250  -219046.081039 -1933723.854997  -305113.482765
         1046.500000  -219045.856671 -1933724.499276  -305113.882219
         1046.625000  -219045.632303 -1933724.761447  -305113.959192
         1046.718750  -219046.084873 -1933724.449727  -305114.716167
         1046.812500  -219045.860504 -1933724.711899  -305114.793140
         1046.906250  -219045.636136 -1933725.165125  -305115.031353
         1047.000000  -219045.411768 -1933725.618350  -305115.269567
         1047.125000  -219045.187400 -1933726.262629  -305115.669021
         1047.218750  -219044.963031 -1933726.715854  -305115.907235
         1047.312500  -219044.734830 -1933727.720669  -305115.879491
         1047.406250  -219044.286093 -1933728.245013  -305116.033436
         1047.500000  -219044.061725 -1933728.698238  -305116.271650
         1047.625000  -219043.612988 -1933729.413635  -305116.586837
         1047.718750  -219043.388620 -1933729.866861  -305116.825050
         1047.812500  -219042.939884 -1933730.582258  -305117.140237
         1047.906250  -219042.715515 -1933731.035483  -305117.378450
         1048.000000  -219042.266779 -1933731.750880  -305117.693637
         1048.125000  -219042.038577 -1933732.564642  -305117.504652
         1048.218750  -219041.814209 -1933733.208921  -305117.904106
         1048.312500  -219041.365472 -1933733.924318  -305118.219293
         1048.406250  -219040.916736 -1933734.639715  -305118.534479
         1048.500000  -219040.467999 -1933735.164059  -305118.688425
         1048.625000  -219040.239798 -1933736.168874  -305118.660681
         1048.718750  -219039.791061 -1933736.884271  -305118.975868
         1048.812500  -219039.342325 -1933737.599669  -305119.291054
         1048.906250  -219038.893588 -1933738.315066  -305119.606241
         1049.000000  -219038.444852 -1933739.030463  -305119.921427
         1049.125000  -219038.216650 -1933740.035278  -305119.893683
         1049.218750  -219037.767913 -1933740.559622  -305120.047629
         1049.312500  -219037.319177 -1933741.275019  -305120.362815
         1049.406250  -219036.870440 -1933741.990416  -305120.678002
         1049.500000  -219036.421704 -1933742.705813  -305120.993188
         1049.625000  -219035.972967 -1933743.421210  -305121.308375
         1049.718750  -219035.744765 -1933744.426026  -305121.280631
         1049.812500  -219035.296029 -1933745.141423  -305121.595817
         1049.906250  -219034.847292 -1933745.665767  -305121.749763
         1050.000000  -219034.398556 -1933746.381164  -305122.064949
         1050.125000  -219034.174188 -1933746.834389  -305122.303163
         1050.218750  -219033.945986 -1933747.839204  -305122.275419
         1050.312500  -219033.721618 -1933748.292430  -305122.513633
         1050.406250  -219033.272881 -1933748.816773  -305122.667578
         1050.500000  -219032.824145 -1933749.532171  -305122.982765
         1050.625000  -219032.375408 -1933750.056514  -305123.136711
         1050.718750  -219032.371575 -1933750.990211  -305123.193234
         1050.812500  -219031.922838 -1933751.514555  -305123.347180
         1050.906250  -219031.698470 -1933752.158834  -305123.746634
         1051.000000  -219031.249733 -1933752.874231  -305124.061821
         1051.125000  -219031.245900 -1933753.616874  -305123.957104
         1051.218750  -219030.576629 -1933754.042853  -305124.615221
         1051.312500  -219030.572795 -1933754.785497  -305124.510504
         1051.406250  -219030.124059 -1933755.500894  -305124.825691
         1051.500000  -219029.899690 -1933755.954119  -305125.063904
         1051.625000  -219029.671489 -1933756.958935  -305125.036160
         1051.718750  -219032.154873 -1933758.555555  -305130.896715
         1051.812500  -219032.151040 -1933759.489252  -305130.953239
         1051.906250  -219027.427806 -1933764.930150  -305130.320629
         1052.000000  -219026.975236 -1933765.623977  -305129.886136
         1052.125000  -219030.124059 -1933762.378819  -305130.630357
         1052.218750  -219029.450954 -1933762.974281  -305130.700035
         1052.312500  -219027.868875 -1933763.216345  -305127.699879
         1052.406250  -219027.644507 -1933764.051677  -305128.260574
         1052.500000  -219027.416305 -1933765.056493  -305128.232830
         1052.625000  -219027.416305 -1933765.629653  -305128.716553
         1052.718750  -219027.412472 -1933766.372297  -305128.611835
         1052.812500  -219027.408638 -1933767.305994  -305128.668359
         1052.906250  -219027.408638 -1933767.879155  -305129.152081
         1053.000000  -219027.629173 -1933768.550680  -305129.131632
         1053.125000  -219027.849708 -1933769.413259  -305129.272424
         1053.218750  -219028.074076 -1933769.724247  -305129.679173
         1053.312500  -219028.294611 -1933770.395773  -305129.658724
         1053.406250  -219028.518979 -1933770.706761  -305130.065473
         1053.500000  -219028.963882 -1933771.307168  -305130.129292
         1053.625000  -219029.408785 -1933771.716522  -305130.031870
         1053.718750  -219029.633153 -1933772.027510  -305130.438619
         1053.812500  -219029.853688 -1933772.699036  -305130.418170
         1053.906250  -219030.298591 -1933773.490496  -305130.643229
         1054.000000  -219030.522959 -1933773.801485  -305131.049978
         1054.125000  -219030.743494 -1933774.473010  -305131.029529
         1054.218750  -219031.188397 -1933775.073417  -305131.093348
         1054.312500  -219031.412765 -1933775.384406  -305131.500097
         1054.406250  -219031.857668 -1933775.984813  -305131.563916
         1054.500000  -219032.302571 -1933776.585220  -305131.627735
         1054.625000  -219032.526939 -1933776.896208  -305132.034484
         1054.718750  -219033.200044 -1933777.638120  -305133.093491
         1054.812500  -219033.192377 -1933778.359194  -305132.239094
         1054.906250  -219033.412911 -1933779.030719  -305132.218645
         1055.000000  -219033.637280 -1933779.341708  -305132.625394
         1055.125000  -219034.082183 -1933780.133168  -305132.850453
         1055.218750  -219034.302717 -1933780.613640  -305132.668764
         1055.312500  -219034.527086 -1933780.924629  -305133.075513
         1055.406250  -219035.196357 -1933781.644971  -305133.384840
         1055.500000  -219035.420725 -1933782.147013  -305133.952830
         1055.625000  -219035.865628 -1933782.556366  -305133.855408
         1055.718750  -219036.310531 -1933783.347827  -305134.080467
         1055.812500  -219036.755434 -1933783.948234  -305134.144286
         1055.906250  -219036.979802 -1933784.259222  -305134.551035
         1056.000000  -219037.424705 -1933784.859629  -305134.614854
         1056.125000  -219037.869608 -1933785.651090  -305134.839913
         1056.218750  -219038.314511 -1933786.251497  -305134.903732
         1056.312500  -219038.538879 -1933786.562485  -305135.310481
         1056.406250  -219038.983782 -1933787.353946  -305135.535541
         1056.500000  -219039.653053 -1933787.883234  -305135.683627
         1056.625000  -219040.097956 -1933788.674695  -305135.908687
         1056.718750  -219040.322325 -1933788.985683  -305136.315436
         1056.812500  -219040.767227 -1933789.586090  -305136.379254
         1056.906250  -219041.212130 -1933790.377551  -305136.604314
         1057.000000  -219041.657033 -1933791.169011  -305136.829373
         1057.125000  -219042.101936 -1933791.769418  -305136.893192
         1057.218750  -219042.326305 -1933792.271460  -305137.461182
         1057.312500  -219042.771208 -1933793.062921  -305137.686241
         1057.406250  -219043.216110 -1933793.663328  -305137.750060
         1057.500000  -219043.661013 -1933794.454788  -305137.975119
         1057.625000  -219044.105916 -1933795.246249  -305138.200179
         1057.718750  -219044.554653 -1933795.486119  -305138.691196
         1057.812500  -219044.999556 -1933796.277579  -305138.916255
         1057.906250  -219045.668827 -1933796.806868  -305139.064342
         1058.000000  -219046.113730 -1933797.407275  -305139.128160
         1058.125000  -219046.783001 -1933797.936564  -305139.276247
         1058.218750  -219047.227904 -1933798.536971  -305139.340065
         1058.312500  -219047.676641 -1933798.776841  -305139.831083
         1058.406250  -219048.345912 -1933799.306129  -305139.979169
         1058.500000  -219049.015183 -1933799.835418  -305140.127256
         1058.625000  -219049.684454 -1933800.364707  -305140.275342
         1058.718750  -219050.133191 -1933800.413523  -305140.605118
         1058.812500  -219050.802462 -1933800.751759  -305140.591964
         1058.906250  -219051.471733 -1933801.089994  -305140.578810
         1059.000000  -219052.141004 -1933801.428229  -305140.565656
         1059.125000  -219052.589741 -1933801.477046  -305140.895432
         1059.218750  -219053.259012 -1933801.815281  -305140.882278
         1059.312500  -219054.152652 -1933802.273451  -305141.114632
         1059.406250  -219054.821923 -1933802.420633  -305140.940237
         1059.500000  -219055.491194 -1933802.758868  -305140.927083
         1059.625000  -219056.164299 -1933802.736566  -305141.341127
         1059.718750  -219056.829736 -1933803.053231  -305140.578293
         1059.812500  -219057.278473 -1933803.102048  -305140.908069
         1059.906250  -219057.947744 -1933803.440283  -305140.894915
         1060.000000  -219058.617015 -1933803.587465  -305140.720520
         1060.125000  -219059.286286 -1933803.734647  -305140.546125
         1060.218750  -219060.179926 -1933804.192817  -305140.778480
         1060.312500  -219060.853031 -1933803.024195  -305140.225079
         1060.406250  -219061.522302 -1933803.362430  -305140.211925
         1060.500000  -219061.971038 -1933803.411247  -305140.541702
         1060.625000  -219062.864678 -1933803.678363  -305140.612815
         1060.718750  -219063.313414 -1933803.727180  -305140.942592
         1060.812500  -219063.758317 -1933805.856015  -305142.296336
         1060.906250  -219064.207054 -1933805.713778  -305142.464872
         1061.000000  -219064.880158 -1933805.691477  -305142.878916
         1061.125000  -219065.553263 -1933805.669175  -305143.292960
         1061.218750  -219065.777631 -1933806.362270  -305144.022191
         1061.312500  -219066.450736 -1933806.148915  -305144.274995
         1061.406250  -219066.899473 -1933806.006679  -305144.443530
         1061.500000  -219067.127674 -1933806.148184  -305145.438719
         1061.625000  -219067.576411 -1933805.814894  -305145.446014
         1061.718750  -219068.025147 -1933805.672657  -305145.614549
         1061.812500  -219068.473884 -1933805.721474  -305145.944326
         1061.906250  -219068.702086 -1933805.862979  -305146.939514
         1062.000000  -219069.150822 -1933806.102849  -305147.430531
         1062.125000  -219069.375191 -1933806.413838  -305147.837281
         1062.218750  -219069.823927 -1933805.889494  -305147.683335
         1062.312500  -219070.052129 -1933806.031000  -305148.678523
         1062.406250  -219070.276497 -1933805.768828  -305148.601551
         1062.500000  -219070.500865 -1933805.697709  -305148.685818
         1062.625000  -219070.949602 -1933806.319687  -305149.499317
         1062.718750  -219071.173970 -1933806.057515  -305149.422344
         1062.812500  -219071.622707 -1933806.106331  -305149.752121
         1062.906250  -219071.626540 -1933805.745795  -305150.179319
         1063.000000  -219071.850908 -1933805.865730  -305150.424828
         1063.125000  -219072.075277 -1933805.985665  -305150.670336
         1063.218750  -219072.524013 -1933806.989749  -305151.806316
         1063.312500  -219072.524013 -1933807.180803  -305151.967557
         1063.406250  -219072.527847 -1933806.438159  -305152.072274
         1063.500000  -219072.752215 -1933806.749147  -305152.479023
         1063.625000  -219072.976583 -1933806.104869  -305152.079569
         1063.718750  -219073.200951 -1933805.842697  -305152.002596
         1063.812500  -219073.200951 -1933806.224804  -305152.325077
         1063.906250  -219073.204785 -1933805.482160  -305152.429795
         1064.000000  -219073.429153 -1933806.175256  -305153.159025
         1064.125000  -219073.429153 -1933805.984202  -305152.997785
         1064.218750  -219073.653521 -1933806.295191  -305153.404534
         1064.312500  -219073.653521 -1933805.530977  -305152.759571
         1064.406250  -219073.874056 -1933806.202502  -305152.739122
         1064.500000  -219074.098424 -1933806.131384  -305152.823390
         1064.625000  -219074.098424 -1933806.131384  -305152.823390
         1064.718750  -219074.322793 -1933806.251319  -305153.068898
         1064.812500  -219074.543327 -1933807.113898  -305153.209690
         1064.906250  -219074.767696 -1933807.042779  -305153.293958
         1065.000000  -219074.992064 -1933806.589554  -305153.055744
         1065.125000  -219075.216432 -1933805.372115  -305152.172567
         1065.218750  -219075.661335 -1933805.590415  -305151.913905
         1065.312500  -219075.885703 -1933805.519297  -305151.998172
         1065.406250  -219076.330606 -1933805.546543  -305151.578269
         1065.500000  -219076.554975 -1933805.093318  -305151.340055
         1065.625000  -219076.999877 -1933805.120565  -305150.920152
         1065.718750  -219077.224246 -1933804.858393  -305150.843179
         1065.812500  -219077.669149 -1933805.267746  -305150.745757
         1065.906250  -219077.893517 -1933805.005574  -305150.668784
         1066.000000  -219078.562788 -1933805.152756  -305150.494389
         1066.125000  -219078.787156 -1933805.081638  -305150.578657
         1066.218750  -219079.456428 -1933805.228819  -305150.404262
         1066.312500  -219079.680796 -1933805.157701  -305150.488530
         1066.406250  -219080.350067 -1933805.304883  -305150.314135
         1066.500000  -219080.794970 -1933805.714236  -305150.216712
         1066.625000  -219081.243706 -1933805.572000  -305150.385248
         1066.718750  -219081.912978 -1933805.910235  -305150.372094
         1066.812500  -219082.361714 -1933805.959052  -305150.701870
         1066.906250  -219083.030985 -1933806.488340  -305150.849957
         1067.000000  -219083.700257 -1933806.826575  -305150.836803
         1067.125000  -219084.148993 -1933807.066446  -305151.327820
         1067.218750  -219085.042633 -1933807.524616  -305151.560174
         1067.312500  -219085.711904 -1933807.862851  -305151.547020
         1067.406250  -219086.156807 -1933809.418525  -305152.417042
         1067.500000  -219086.826078 -1933810.903081  -305153.371332
         1067.625000  -219087.495349 -1933811.241316  -305153.358178
         1067.718750  -219088.168454 -1933811.219015  -305153.772222
         1067.812500  -219088.837725 -1933811.748303  -305153.920309
         1067.906250  -219089.731364 -1933812.015420  -305153.991422
         1068.000000  -219090.400636 -1933812.544709  -305154.139509
         1068.125000  -219090.849372 -1933812.784579  -305154.630526
         1068.218750  -219091.743012 -1933813.051696  -305154.701639
         1068.312500  -219092.412283 -1933813.580985  -305154.849726
         1068.406250  -219093.305922 -1933813.848101  -305154.920840
         1068.500000  -219093.979027 -1933814.016853  -305155.496125
         1068.625000  -219094.648298 -1933814.546142  -305155.644211
         1068.718750  -219095.541938 -1933814.813259  -305155.715325
         1068.812500  -219096.211209 -1933815.342547  -305155.863411
         1068.906250  -219097.104848 -1933815.609664  -305155.934525
         1069.000000  -219097.774120 -1933816.138953  -305156.082611
         1069.125000  -219098.447224 -1933816.116651  -305156.496655
         1069.218750  -219099.340864 -1933816.574821  -305156.729010
         1069.312500  -219100.010135 -1933816.913057  -305156.715855
         1069.406250  -219101.128143 -1933817.300109  -305157.032478
         1069.500000  -219101.797414 -1933817.638344  -305157.019323
         1069.625000  -219102.691053 -1933818.096514  -305157.251678
         1069.718750  -219103.584693 -1933818.363631  -305157.322791
         1069.812500  -219104.253964 -1933818.701866  -305157.309637
         1069.906250  -219105.151437 -1933818.799499  -305157.969190
         1070.000000  -219105.820708 -1933819.137735  -305157.956036
         1070.125000  -219106.938716 -1933819.333733  -305158.111417
         1070.218750  -219107.607987 -1933819.671968  -305158.098263
         1070.312500  -219108.725995 -1933820.059020  -305158.414885
         1070.406250  -219109.395266 -1933820.397255  -305158.401731
         1070.500000  -219110.288905 -1933820.664372  -305158.472844
         1070.625000  -219111.182545 -1933820.931489  -305158.543958
         1070.718750  -219112.076184 -1933821.389659  -305158.776312
         1070.812500  -219112.969824 -1933821.656776  -305158.847426
         1070.906250  -219113.642928 -1933821.634474  -305159.261470
         1071.000000  -219114.757103 -1933822.191010  -305158.989653
         1071.125000  -219115.430207 -1933822.359762  -305159.564938
         1071.218750  -219116.323847 -1933822.626878  -305159.636052
         1071.312500  -219117.217486 -1933822.893995  -305159.707165
         1071.406250  -219118.111126 -1933823.161112  -305159.778279
         1071.500000  -219118.780397 -1933823.690401  -305159.926365
         1071.625000  -219119.898405 -1933823.886399  -305160.081747
         1071.718750  -219120.792044 -1933824.153516  -305160.152860
         1071.812500  -219121.685684 -1933824.420633  -305160.223974
         1071.906250  -219122.354955 -1933824.758868  -305160.210820
         1072.000000  -219123.248594 -1933825.217038  -305160.443174
         1072.125000  -219124.142234 -1933825.484155  -305160.514288
         1072.218750  -219125.035873 -1933825.751272  -305160.585401
         1072.312500  -219125.929513 -1933826.209442  -305160.817755
         1072.406250  -219126.823152 -1933826.476559  -305160.888869
         1072.500000  -219127.716791 -1933826.743676  -305160.959983
         1072.625000  -219128.610431 -1933827.201846  -305161.192337
         1072.718750  -219129.279702 -1933827.540081  -305161.179183
         1072.812500  -219130.173342 -1933827.807198  -305161.250296
         1072.906250  -219131.070815 -1933827.904831  -305161.909849
         1073.000000  -219131.960620 -1933828.532485  -305161.553764
         1073.125000  -219132.633725 -1933828.510183  -305161.967808
         1073.218750  -219133.527365 -1933828.968354  -305162.200163
         1073.312500  -219134.196636 -1933829.306589  -305162.187009
         1073.406250  -219135.090275 -1933829.573706  -305162.258122
         1073.500000  -219135.983915 -1933830.031876  -305162.490476
         1073.625000  -219136.877554 -1933830.298993  -305162.561590
         1073.718750  -219137.546825 -1933830.637228  -305162.548436
         1073.812500  -219138.440465 -1933831.095398  -305162.780790
         1073.906250  -219139.334104 -1933831.362515  -305162.851904
         1074.000000  -219139.782841 -1933831.411332  -305163.181680
         1074.125000  -219140.676480 -1933831.678449  -305163.252794
         1074.218750  -219141.121383 -1933832.087802  -305163.155372
         1074.312500  -219141.790654 -1933832.426037  -305163.142217
         1074.406250  -219142.239391 -1933832.665907  -305163.633235
         1074.500000  -219142.908662 -1933833.004143  -305163.620080
         1074.625000  -219143.133030 -1933832.741971  -305163.543107
         1074.718750  -219143.577933 -1933832.960271  -305163.284445
         1074.812500  -219144.026670 -1933832.435927  -305163.130499
         1074.906250  -219144.026670 -1933832.435927  -305163.130499
         1075.000000  -219144.471573 -1933832.845281  -305163.033077
         1075.125000  -219144.695941 -1933833.347323  -305163.601067
         1075.218750  -219144.920309 -1933833.658311  -305164.007816
         1075.312500  -219144.920309 -1933833.849365  -305164.169057
         1075.406250  -219145.144677 -1933833.778246  -305164.253325
         1075.500000  -219145.365212 -1933834.258718  -305164.071635
         1075.625000  -219145.810115 -1933828.172254  -305158.492028
         1075.718750  -219145.810115 -1933828.363307  -305158.653269
         1075.812500  -219146.034483 -1933829.056403  -305159.382499
         1075.906250  -219146.034483 -1933830.966938  -305160.994907
         1076.000000  -219145.810115 -1933831.229109  -305161.071879
         1076.125000  -219145.810115 -1933831.420163  -305161.233120
         1076.218750  -219145.810115 -1933831.802270  -305161.555602
         1076.312500  -219145.813949 -1933831.823840  -305162.305282
         1076.406250  -219146.034483 -1933832.304312  -305162.123592
         1076.500000  -219140.156717 -1933820.527189  -305182.667782
         1076.625000  -219140.160551 -1933820.166652  -305183.094980
         1076.718750  -219141.031189 -1933822.023829  -305180.119181
         1076.812500  -219141.464591 -1933823.132686  -305178.417682
         1076.906250  -219141.464591 -1933823.132686  -305178.417682
         1077.000000  -219132.328641 -1933806.148378  -305212.884226
         1077.125000  -219130.370663 -1933802.357230  -305220.089677
         1077.218750  -219130.591198 -1933802.646648  -305219.746746
         1077.312500  -219130.807899 -1933802.914496  -305218.654135
         1077.406250  -219131.032268 -1933802.843378  -305218.738403
         1077.500000  -219131.252802 -1933802.941743  -305218.234232
         1077.625000  -219131.910573 -1933803.597374  -305216.294519
         1077.718750  -219133.001746 -1933805.361863  -305212.653308
         1077.812500  -219134.313453 -1933807.224716  -305208.507924
         1077.906250  -219135.841862 -1933809.737525  -305203.592412
         1078.000000  -219136.933035 -1933811.502013  -305199.951201
         1078.125000  -219137.374104 -1933811.698743  -305198.942858
         1078.218750  -219138.681978 -1933813.922133  -305194.370276
         1078.312500  -219139.997519 -1933815.424450  -305190.652092
         1078.406250  -219140.875825 -1933816.178446  -305188.208208
         1078.500000  -219141.966998 -1933817.942935  -305184.566996
         1078.625000  -219142.849136 -1933818.336394  -305182.550311
         1078.718750  -219143.944143 -1933819.740346  -305179.336297
         1078.812500  -219144.601913 -1933820.204924  -305177.235344
         1078.906250  -219145.700753 -1933821.057285  -305174.287289
         1079.000000  -219147.012461 -1933822.920139  -305170.141906
         1079.125000  -219147.890766 -1933823.483082  -305167.536781
         1079.218750  -219148.985773 -1933824.695980  -305164.161527
         1079.312500  -219149.643543 -1933825.160558  -305162.060573
         1079.406250  -219150.305147 -1933825.455653  -305160.548059
         1079.500000  -219151.183452 -1933826.209650  -305158.104175
         1079.625000  -219151.848890 -1933826.335261  -305157.180100
         1079.718750  -219152.069425 -1933826.051519  -305156.353448
         1079.812500  -219152.947730 -1933826.805516  -305153.909564
         1079.906250  -219153.826035 -1933827.750566  -305151.626920
         1080.000000  -219154.495307 -1933827.324587  -305150.968803
         1080.125000  -219155.156911 -1933827.619682  -305149.456289
         1080.218750  -219155.381279 -1933827.166456  -305149.218075
         1080.312500  -219155.388946 -1933826.445383  -305150.072472
         1080.406250  -219156.054384 -1933826.379941  -305148.987157
         1080.500000  -219156.499287 -1933826.025081  -305148.244772
         1080.625000  -219156.944190 -1933825.861274  -305147.663627
         1080.718750  -219157.389093 -1933825.506413  -305146.921242
         1080.812500  -219157.830162 -1933825.703143  -305145.912900
         1080.906250  -219158.495600 -1933825.637701  -305144.827584
         1081.000000  -219158.719968 -1933825.184476  -305144.589370
         1081.125000  -219159.389239 -1933824.949551  -305144.092494
         1081.218750  -219159.613607 -1933824.496325  -305143.854280
         1081.312500  -219159.837976 -1933824.043100  -305143.616067
         1081.406250  -219160.062344 -1933823.589875  -305143.377853
         1081.500000  -219160.511080 -1933823.065531  -305143.223907
         1081.625000  -219160.735449 -1933822.612306  -305142.985694
         1081.718750  -219161.184185 -1933822.087962  -305142.831748
         1081.812500  -219161.632922 -1933821.563619  -305142.677802
         1081.906250  -219162.298359 -1933821.498177  -305141.592486
         1082.000000  -219162.739429 -1933821.694907  -305140.584144
         1082.125000  -219162.967630 -1933820.690091  -305140.611888
         1082.218750  -219163.636902 -1933820.455166  -305140.115011
         1082.312500  -219163.861270 -1933820.001941  -305139.876798
         1082.406250  -219164.302339 -1933820.007617  -305138.707214
         1082.500000  -219164.971610 -1933819.772692  -305138.210338
         1082.625000  -219165.199812 -1933818.958930  -305138.399323
         1082.718750  -219165.431848 -1933817.784631  -305139.015506
         1082.812500  -219165.439515 -1933816.872504  -305139.708662
         1082.906250  -219165.667716 -1933816.058742  -305139.897647
         1083.000000  -219165.462516 -1933814.327176  -305141.949372
         1083.125000  -219165.911252 -1933813.802833  -305141.795426
         1083.218750  -219166.139454 -1933812.989071  -305141.984411
         1083.312500  -219166.150955 -1933811.716407  -305143.104766
         1083.406250  -219166.162456 -1933810.443743  -305144.225120
         1083.500000  -219166.390657 -1933809.629981  -305144.414105
         1083.625000  -219166.405991 -1933807.996781  -305145.961658
         1083.718750  -219166.634193 -1933807.183019  -305146.150643
         1083.812500  -219166.858562 -1933806.538740  -305145.751189
         1083.906250  -219166.866229 -1933805.626613  -305146.444345
         1084.000000  -219167.539333 -1933805.031151  -305146.374667
         1084.125000  -219167.767535 -1933804.217389  -305146.563652
         1084.218750  -219167.775202 -1933803.114209  -305147.095568
         1084.312500  -219168.227772 -1933802.229328  -305147.368820
         1084.406250  -219168.455974 -1933801.415566  -305147.557805
         1084.500000  -219169.121412 -1933801.350124  -305146.472490
         1084.625000  -219169.125245 -1933800.607480  -305146.577207
         1084.718750  -219169.357281 -1933799.433182  -305147.193390
         1084.812500  -219169.809851 -1933798.548301  -305147.466643
         1084.906250  -219169.817518 -1933797.445121  -305147.998558
         1085.000000  -219170.262421 -1933797.090260  -305147.256173
         1085.125000  -219170.711157 -1933796.565917  -305147.102227
         1085.218750  -219170.939359 -1933795.752155  -305147.291212
         1085.312500  -219171.391929 -1933794.867274  -305147.564465
         1085.406250  -219171.620131 -1933794.053512  -305147.753450
         1085.500000  -219172.061200 -1933794.059189  -305146.583866
         1085.625000  -219172.509937 -1933793.343792  -305146.268680
         1085.718750  -219172.745806 -1933792.000010  -305147.473302
         1085.812500  -219173.844646 -1933792.852371  -305144.525247
         1085.906250  -219173.635612 -1933791.481342  -305146.149773
         1086.000000  -219173.647112 -1933790.017625  -305147.108887
         1086.125000  -219174.099682 -1933789.132745  -305147.382140
         1086.218750  -219174.324051 -1933788.679519  -305147.143926
         1086.312500  -219174.772787 -1933787.964122  -305146.828740
         1086.406250  -219175.217690 -1933787.609262  -305146.086355
         1086.500000  -219175.449725 -1933786.626017  -305146.863779
         1086.625000  -219175.681761 -1933785.451718  -305147.479962
         1086.718750  -219176.130497 -1933784.927374  -305147.326016
         1086.812500  -219176.358699 -1933783.922559  -305147.353760
         1086.906250  -219176.366366 -1933782.819378  -305147.885676
         1087.000000  -219176.818936 -1933781.934498  -305148.158929
         1087.125000  -219177.267673 -1933781.410154  -305148.004983
         1087.218750  -219177.495874 -1933780.596392  -305148.193968
         1087.312500  -219177.944611 -1933779.880995  -305147.878781
         1087.406250  -219178.172813 -1933779.067233  -305148.067766
         1087.500000  -219178.404848 -1933777.892934  -305148.683950
         1087.625000  -219178.633050 -1933777.079172  -305148.872934
         1087.718750  -219179.081786 -1933776.554829  -305148.718989
         1087.812500  -219179.309988 -1933775.550013  -305148.746733
         1087.906250  -219179.762558 -1933774.665133  -305149.019985
         1088.000000  -219179.990760 -1933773.851371  -305149.208970
         1088.125000  -219180.443330 -1933772.775437  -305149.320982
         1088.218750  -219180.667698 -1933772.322212  -305149.082769
         1088.312500  -219181.116435 -1933771.797868  -305148.928823
         1088.406250  -219181.348470 -1933770.432516  -305149.383766
         1088.500000  -219182.013908 -1933770.367074  -305148.298450
         1088.625000  -219182.458811 -1933770.012213  -305147.556065
         1088.718750  -219182.903714 -1933769.657353  -305146.813680
         1088.812500  -219183.572985 -1933769.231374  -305146.155563
         1088.906250  -219184.021721 -1933768.515977  -305145.840376
         1089.000000  -219184.466624 -1933768.161117  -305145.097991
         1089.125000  -219185.135895 -1933767.735138  -305144.439874
         1089.218750  -219185.360264 -1933767.090859  -305144.040420
         1089.312500  -219186.029535 -1933766.664881  -305143.382302
         1089.406250  -219186.698806 -1933766.238902  -305142.724185
         1089.500000  -219187.147543 -1933765.523505  -305142.408999
         1089.625000  -219187.371911 -1933764.879226  -305142.009544
         1089.718750  -219188.041182 -1933764.644301  -305141.512668
         1089.812500  -219188.489919 -1933763.928904  -305141.197481
         1089.906250  -219188.938655 -1933763.213507  -305140.882295
         1090.000000  -219189.387392 -1933762.498110  -305140.567108
         1090.125000  -219189.836128 -1933761.782712  -305140.251922
         1090.218750  -219190.284865 -1933761.067315  -305139.936735
         1090.312500  -219190.957969 -1933760.280800  -305139.705817
         1090.406250  -219191.406706 -1933759.565403  -305139.390630
         1090.500000  -219191.631074 -1933758.921124  -305138.991176
         1090.625000  -219192.304179 -1933758.325662  -305138.921498
         1090.718750  -219192.752915 -1933757.610265  -305138.606311
         1090.812500  -219193.201652 -1933756.894868  -305138.291125
         1090.906250  -219193.874757 -1933756.108352  -305138.060206
         1091.000000  -219194.323493 -1933755.392955  -305137.745020
         1091.125000  -219194.772230 -1933754.677558  -305137.429833
         1091.218750  -219195.220966 -1933753.962161  -305137.114647
         1091.312500  -219195.669703 -1933753.246764  -305136.799460
         1091.406250  -219196.122273 -1933752.170830  -305136.911472
         1091.500000  -219196.567176 -1933751.815970  -305136.169087
         1091.625000  -219197.019746 -1933750.931089  -305136.442340
         1091.718750  -219197.468482 -1933750.024639  -305135.965913
         1091.812500  -219197.917219 -1933749.309242  -305135.650726
         1091.906250  -219198.365955 -1933748.593845  -305135.335540
         1092.000000  -219198.814692 -1933748.069501  -305135.181594
         1092.125000  -219199.487796 -1933747.282985  -305134.950675
         1092.218750  -219199.936533 -1933746.567588  -305134.635489
         1092.312500  -219200.385269 -1933745.852191  -305134.320302
         1092.406250  -219200.834006 -1933745.136794  -305134.005116
         1092.500000  -219201.282742 -1933744.421397  -305133.689929
         1092.625000  -219201.735312 -1933743.345463  -305133.801941
         1092.718750  -219202.184049 -1933742.630066  -305133.486755
         1092.812500  -219202.632785 -1933741.914669  -305133.171568
         1092.906250  -219203.081522 -1933741.199272  -305132.856382
         1093.000000  -219203.754627 -1933740.412756  -305132.625463
         1093.125000  -219204.203363 -1933739.697359  -305132.310276
         1093.218750  -219204.431565 -1933738.692544  -305132.338020
         1093.312500  -219204.880301 -1933737.977147  -305132.022834
         1093.406250  -219205.553406 -1933737.190631  -305131.791915
         1093.500000  -219206.002143 -1933736.475234  -305131.476729
         1093.625000  -219206.675247 -1933735.688719  -305131.245810
         1093.718750  -219206.903449 -1933734.683903  -305131.273554
         1093.812500  -219207.352186 -1933733.968506  -305130.958368
         1093.906250  -219207.800922 -1933733.253109  -305130.643181
         1094.000000  -219208.249659 -1933732.537712  -305130.327995
         1094.125000  -219208.922763 -1933731.751196  -305130.097076
         1094.218750  -219209.371500 -1933731.035799  -305129.781889
         1094.312500  -219209.599702 -1933730.030984  -305129.809634
         1094.406250  -219210.048438 -1933729.315587  -305129.494447
         1094.500000  -219210.721543 -1933728.529071  -305129.263528
         1094.625000  -219211.170279 -1933727.813674  -305128.948342
         1094.718750  -219211.619016 -1933726.907224  -305128.471915
         1094.812500  -219212.071586 -1933725.831290  -305128.583927
         1094.906250  -219212.520323 -1933725.115893  -305128.268740
         1095.000000  -219212.969059 -1933724.591549  -305128.114794
         1095.125000  -219213.417796 -1933723.876152  -305127.799608
         1095.218750  -219213.866532 -1933723.160755  -305127.484421
         1095.312500  -219214.539637 -1933722.374239  -305127.253503
         1095.406250  -219214.767839 -1933721.369424  -305127.281247
         1095.500000  -219215.216575 -1933720.654027  -305126.966060
         1095.625000  -219215.665312 -1933719.938630  -305126.650874
         1095.718750  -219216.114048 -1933719.223233  -305126.335687
         1095.812500  -219216.342250 -1933718.218417  -305126.363431
         1095.906250  -219216.566618 -1933717.574138  -305125.963977
         1096.000000  -219217.015355 -1933716.858741  -305125.648791
         1096.125000  -219217.239723 -1933716.214462  -305125.249336
         1096.218750  -219217.467925 -1933715.209647  -305125.277080
         1096.312500  -219217.692293 -1933714.565368  -305124.877626
         1096.406250  -219217.696126 -1933713.631671  -305124.821102
         1096.500000  -219217.920495 -1933712.987392  -305124.421648
         1096.625000  -219217.699960 -1933712.124813  -305124.280856
         1096.718750  -219217.703794 -1933711.191116  -305124.224333
         1096.812500  -219217.703794 -1933710.809009  -305123.901851
         1096.906250  -219217.483259 -1933709.946431  -305123.761060
         1097.000000  -219217.262724 -1933709.083852  -305123.620268
         1097.125000  -219217.262724 -1933708.510691  -305123.136546
         1097.218750  -219216.817821 -1933707.910284  -305123.072727
         1097.312500  -219217.023022 -1933708.686582  -305120.214799
         1097.406250  -219216.578119 -1933708.086175  -305120.150980
         1097.500000  -219216.353750 -1933707.775187  -305119.744231
         1097.625000  -219215.905014 -1933707.535317  -305119.253214
         1097.718750  -219215.456277 -1933707.295446  -305118.762197
         1097.812500  -219215.231909 -1933706.984458  -305118.355448
         1097.906250  -219214.787006 -1933706.384051  -305118.291629
         1098.000000  -219214.121569 -1933705.685279  -305118.731982
         1098.125000  -219213.676666 -1933705.084872  -305118.668163
         1098.218750  -219213.227929 -1933705.036055  -305118.338387
         1098.312500  -219212.554824 -1933705.058357  -305117.924342
         1098.406250  -219206.406688 -1933693.475617  -305129.710586
         1098.500000  -219210.984247 -1933704.600918  -305116.528264
         1098.625000  -219210.543177 -1933704.213135  -305117.375366
         1098.718750  -219209.870073 -1933704.235436  -305116.961322
         1098.812500  -219209.193134 -1933704.236168  -305115.797597
         1098.906250  -219208.752065 -1933704.039438  -305116.805940
         1099.000000  -219208.527697 -1933704.110556  -305116.721672
         1099.125000  -219207.858425 -1933703.963374  -305116.896067
         1099.218750  -219207.409689 -1933704.105611  -305116.727532
         1099.312500  -219206.740418 -1933703.958429  -305116.901927
         1099.406250  -219205.622410 -1933703.571377  -305116.585304
         1099.500000  -219204.732604 -1933702.943724  -305116.941389
         1099.625000  -219204.063333 -1933702.796542  -305117.115784
         1099.718750  -219203.173527 -1933702.168889  -305117.471869
         1099.812500  -219202.949159 -1933702.240007  -305117.387601
         1099.906250  -219202.059353 -1933701.803407  -305117.904927
         1100.000000  -219201.390082 -1933701.656225  -305118.079322
         1100.125000  -219200.720810 -1933701.509044  -305118.253717
         1100.218750  -219200.051539 -1933701.170808  -305118.266871
         1100.312500  -219199.382268 -1933701.023627  -305118.441266
         1100.406250  -219199.157900 -1933701.094745  -305118.356998
         1100.500000  -219198.488629 -1933700.756510  -305118.370153
         1100.625000  -219197.598823 -1933700.319910  -305118.887478
         1100.718750  -219196.929551 -1933699.981675  -305118.900632
         1100.812500  -219196.260280 -1933699.834493  -305119.075027
         1100.906250  -219195.811544 -1933699.785676  -305118.745251
         1101.000000  -219194.917904 -1933699.518559  -305118.674137
         1101.125000  -219194.248633 -1933699.371378  -305118.848532
         1101.218750  -219193.799897 -1933699.322561  -305118.518756
         1101.312500  -219193.130625 -1933699.175379  -305118.693151
         1101.406250  -219192.461354 -1933698.837144  -305118.706305
         1101.500000  -219192.012618 -1933698.979381  -305118.537770
         1101.625000  -219191.118978 -1933698.712264  -305118.466656
         1101.718750  -219190.670242 -1933698.854501  -305118.298120
         1101.812500  -219189.776602 -1933698.587384  -305118.227007
         1101.906250  -219189.327866 -1933698.729621  -305118.058471
         1102.000000  -219188.658595 -1933698.582439  -305118.232866
         1102.125000  -219187.985490 -1933698.986847  -305118.141303
         1102.218750  -219187.316219 -1933698.839666  -305118.315698
         1102.312500  -219186.867482 -1933699.172956  -305118.308403
         1102.406250  -219185.973843 -1933699.287946  -305118.559771
         1102.500000  -219185.304572 -1933699.140764  -305118.734166
         1102.625000  -219184.855835 -1933699.474054  -305118.726871
         1102.718750  -219182.437620 -1933696.906753  -305124.482190
         1102.812500  -219185.034201 -1933703.156217  -305113.201035
         1102.906250  -219183.927694 -1933702.451768  -305114.810971
         1103.000000  -219182.813520 -1933702.468394  -305115.566510
         1103.125000  -219182.798185 -1933703.719487  -305113.696476
         1103.218750  -219182.148082 -1933701.960675  -305116.168104
         1103.312500  -219181.254442 -1933702.266719  -305116.580712
         1103.406250  -219180.589005 -1933701.950054  -305117.343547
         1103.500000  -219179.915900 -1933702.163409  -305117.090743
         1103.625000  -219179.467164 -1933702.305645  -305116.922207
         1103.718750  -219178.573524 -1933702.420636  -305117.173575
         1103.812500  -219178.124788 -1933702.753926  -305117.166280
         1103.906250  -219177.672218 -1933703.065646  -305116.409305
         1104.000000  -219176.999113 -1933703.661108  -305116.478983
         1104.125000  -219176.105473 -1933703.776098  -305116.730351
         1104.218750  -219175.432369 -1933703.989453  -305116.477548
         1104.312500  -219174.983632 -1933704.131690  -305116.309012
         1104.406250  -219174.086159 -1933704.607217  -305116.133181
         1104.500000  -219173.637423 -1933704.749453  -305115.964646
         1104.625000  -219173.184853 -1933705.252227  -305115.368912
         1104.718750  -219179.049095 -1933707.396780  -305126.782130
         1104.812500  -219178.375991 -1933707.610135  -305126.529326
         1104.906250  -219177.706719 -1933707.845061  -305127.026203
         1105.000000  -219176.809246 -1933707.938480  -305126.527890
         1105.125000  -219165.203434 -1933706.250154  -305129.303620
         1105.218750  -219164.534163 -1933706.485079  -305129.800497
         1105.312500  -219163.644357 -1933706.621639  -305130.801544
         1105.406250  -219160.286500 -1933706.203127  -305129.746961
         1105.500000  -219159.613396 -1933706.607536  -305129.655398
         1105.625000  -219158.944125 -1933706.842461  -305130.152275
         1105.718750  -219157.609416 -1933706.760721  -305131.411985
         1105.812500  -219156.715776 -1933706.875711  -305131.663353
         1105.906250  -219156.487574 -1933707.498420  -305131.313127
         1106.000000  -219155.373400 -1933707.706098  -305132.229907
         1106.125000  -219158.027484 -1933708.356458  -305127.195489
         1106.218750  -219155.582434 -1933708.503967  -305130.121659
         1106.312500  -219153.137385 -1933708.842529  -305133.209070
         1106.406250  -219153.342585 -1933710.383041  -305130.996105
         1106.500000  -219153.118217 -1933710.645213  -305131.073078
         1106.625000  -219152.669481 -1933710.978503  -305131.065783
         1106.718750  -219152.665647 -1933711.339040  -305130.638585
         1106.812500  -219152.882348 -1933711.797942  -305129.707215
         1106.906250  -219153.543952 -1933712.093037  -305128.194701
         1107.000000  -219153.760654 -1933712.551938  -305127.263331
         1107.125000  -219153.977355 -1933713.010840  -305126.331961
         1107.218750  -219153.969688 -1933713.540860  -305125.316323
         1107.312500  -219154.186389 -1933714.190815  -305124.546194
         1107.406250  -219153.958187 -1933714.622470  -305124.034728
         1107.500000  -219153.729985 -1933715.054125  -305123.523261
         1107.625000  -219153.501783 -1933715.485780  -305123.011795
         1107.718750  -219153.053047 -1933715.819071  -305123.004500
         1107.812500  -219152.828679 -1933716.081242  -305123.081473
         1107.906250  -219152.155574 -1933716.676704  -305123.151151
         1108.000000  -219151.706837 -1933717.009995  -305123.143856
         1108.125000  -219151.033733 -1933717.605457  -305123.213534
         1108.218750  -219150.364461 -1933717.840382  -305123.710410
         1108.312500  -219149.915725 -1933718.364725  -305123.864356
         1108.406250  -219149.242620 -1933718.769134  -305123.772793
         1108.500000  -219148.569515 -1933719.364596  -305123.842471
         1108.625000  -219147.675876 -1933719.670640  -305124.255080
         1108.718750  -219147.227139 -1933720.194983  -305124.409026
         1108.812500  -219146.333500 -1933720.692080  -305124.982875
         1108.906250  -219145.660395 -1933721.287542  -305125.052553
         1109.000000  -219144.991124 -1933721.331414  -305125.388189
         1109.125000  -219144.318019 -1933722.117929  -305125.619107
         1109.218750  -219143.424380 -1933722.423973  -305126.031716
         1109.312500  -219142.751275 -1933723.019435  -305126.101394
         1109.406250  -219142.082004 -1933723.254360  -305126.598270
         1109.500000  -219141.408899 -1933723.849822  -305126.667948
         1109.625000  -219140.515260 -1933724.155866  -305127.080557
         1109.718750  -219139.842155 -1933724.942381  -305127.311475
         1109.812500  -219138.944682 -1933725.417908  -305127.135645
         1109.906250  -219138.051043 -1933725.915005  -305127.709494
         1110.000000  -219137.377938 -1933726.510467  -305127.779172
         1110.125000  -219136.484298 -1933726.816511  -305128.191781
         1110.218750  -219135.811194 -1933727.411973  -305128.261459
         1110.312500  -219134.913721 -1933728.078553  -305128.246869
         1110.406250  -219134.240616 -1933728.865069  -305128.477787
         1110.500000  -219133.346976 -1933729.171112  -305128.890396
         1110.625000  -219132.673872 -1933729.766574  -305128.960074
         1110.718750  -219131.776399 -1933730.433155  -305128.945484
         1110.812500  -219131.103294 -1933731.028617  -305129.015162
         1110.906250  -219130.430189 -1933731.624079  -305129.084840
         1111.000000  -219129.757084 -1933732.219541  -305129.154518
         1111.125000  -219128.859611 -1933732.886121  -305129.139928
         1111.218750  -219127.965972 -1933733.192164  -305129.552537
         1111.312500  -219127.292867 -1933733.787626  -305129.622215
         1111.406250  -219126.619762 -1933734.383088  -305129.691892
         1111.500000  -219125.946658 -1933734.978550  -305129.761570
         1111.625000  -219125.273553 -1933735.574012  -305129.831248
         1111.718750  -219124.379914 -1933735.880056  -305130.243857
         1111.812500  -219123.706809 -1933736.475518  -305130.313535
         1111.906250  -219123.033704 -1933737.070980  -305130.383213
         1112.000000  -219122.360599 -1933737.666442  -305130.452891
         1112.125000  -219121.687495 -1933738.261904  -305130.522569
         1112.218750  -219120.793855 -1933738.567948  -305130.935177
         1112.312500  -219120.120750 -1933739.163410  -305131.004855
         1112.406250  -219119.447646 -1933739.758872  -305131.074533
         1112.500000  -219118.774541 -1933740.354334  -305131.144211
         1112.625000  -219118.101436 -1933740.949796  -305131.213889
         1112.718750  -219117.428331 -1933741.545258  -305131.283567
         1112.812500  -219116.759060 -1933741.780183  -305131.780444
         1112.906250  -219116.085955 -1933742.375645  -305131.850121
         1113.000000  -219115.412851 -1933742.971107  -305131.919799
         1113.125000  -219114.519211 -1933743.277150  -305132.332408
         1113.218750  -219114.070475 -1933743.610440  -305132.325113
         1113.312500  -219113.397370 -1933744.205902  -305132.394791
         1113.406250  -219112.724265 -1933744.801364  -305132.464469
         1113.500000  -219112.051160 -1933745.396826  -305132.534147
         1113.625000  -219111.378056 -1933745.992288  -305132.603825
         1113.718750  -219110.704951 -1933746.587750  -305132.673503
         1113.812500  -219110.035680 -1933746.822676  -305133.170379
         1113.906250  -219109.362575 -1933747.227084  -305133.078816
         1114.000000  -219108.689470 -1933747.822546  -305133.148494
         1114.125000  -219108.016366 -1933748.418008  -305133.218172
         1114.218750  -219107.343261 -1933749.013470  -305133.287850
         1114.312500  -219106.894524 -1933749.537814  -305133.441796
         1114.406250  -219106.221420 -1933750.133276  -305133.511474
         1114.500000  -219105.327780 -1933750.439319  -305133.924083
         1114.625000  -219104.654675 -1933750.843728  -305133.832520
         1114.718750  -219103.981571 -1933751.439190  -305133.902198
         1114.812500  -219103.532834 -1933751.963534  -305134.056144
         1114.906250  -219102.859729 -1933752.558996  -305134.125821
         1115.000000  -219102.186625 -1933753.154458  -305134.195499
         1115.125000  -219101.517353 -1933753.389383  -305134.692376
         1115.218750  -219100.844249 -1933753.984845  -305134.762054
         1115.312500  -219100.171144 -1933754.580307  -305134.831732
         1115.406250  -219099.498039 -1933755.175769  -305134.901410
         1115.500000  -219098.824934 -1933755.771231  -305134.971088
         1115.625000  -219098.376198 -1933756.295574  -305135.125033
         1115.718750  -219097.703093 -1933756.699983  -305135.033471
         1115.812500  -219096.809454 -1933757.006026  -305135.446079
         1115.906250  -219096.136349 -1933757.792542  -305135.676998
         1116.000000  -219095.463244 -1933758.196950  -305135.585435
         1116.125000  -219095.014508 -1933758.912348  -305135.900622
         1116.218750  -219094.120868 -1933759.218391  -305136.313230
         1116.312500  -219093.447763 -1933759.813853  -305136.382908
         1116.406250  -219092.999027 -1933760.338197  -305136.536854
         1116.500000  -219092.105388 -1933760.644240  -305136.949463
         1116.625000  -219091.432283 -1933761.430756  -305137.180381
         1116.718750  -219090.759178 -1933762.026218  -305137.250059
         1116.812500  -219090.086073 -1933762.621680  -305137.319737
         1116.906250  -219089.192434 -1933762.927723  -305137.732346
         1117.000000  -219088.743697 -1933763.643121  -305138.047532
         1117.125000  -219088.070593 -1933764.238582  -305138.117210
         1117.218750  -219087.397488 -1933764.834044  -305138.186888
         1117.312500  -219086.503848 -1933765.331142  -305138.760737
         1117.406250  -219085.830744 -1933765.926604  -305138.830415
         1117.500000  -219085.157639 -1933766.522066  -305138.900093
         1117.625000  -219084.484534 -1933767.308581  -305139.131012
         1117.718750  -219083.811429 -1933767.904043  -305139.200690
         1117.812500  -219083.138325 -1933768.690558  -305139.431609
         1117.906250  -219082.244685 -1933769.187655  -305140.005458
         1118.000000  -219081.795949 -1933769.711999  -305140.159404
         1118.125000  -219081.343379 -1933770.787933  -305140.047392
         1118.218750  -219080.894642 -1933771.312277  -305140.201338
         1118.312500  -219080.445906 -1933772.027674  -305140.516524
         1118.406250  -219080.670274 -1933771.956555  -305140.600792
         1118.500000  -219080.445906 -1933772.409781  -305140.839006
         1118.625000  -219079.997169 -1933773.316231  -305141.315433
         1118.718750  -219079.544599 -1933774.392165  -305141.203421
         1118.812500  -219079.092029 -1933775.659152  -305141.252650
         1118.906250  -219078.643293 -1933776.374550  -305141.567836
         1119.000000  -219077.970188 -1933777.543172  -305142.121236
         1119.125000  -219077.741986 -1933778.739041  -305142.254733
         1119.218750  -219077.293250 -1933779.454438  -305142.569919
         1119.312500  -219077.289416 -1933780.579189  -305142.787684
         1119.406250  -219077.065048 -1933781.223467  -305143.187138
         1119.500000  -219077.065048 -1933781.796628  -305143.670860
         1119.625000  -219077.061214 -1933782.730325  -305143.727384
         1119.718750  -219077.281749 -1933783.592904  -305143.868176
         1119.812500  -219077.281749 -1933783.975011  -305144.190657
         1119.906250  -219077.726652 -1933784.766471  -305144.415716
         1120.000000  -219077.726652 -1933785.339631  -305144.899439
         1120.125000  -219077.947187 -1933786.011157  -305144.878989
         1120.218750  -219077.943353 -1933786.562747  -305144.613032
         1120.312500  -219078.163888 -1933787.425326  -305144.753823
         1120.406250  -219078.388256 -1933787.736314  -305145.160572
         1120.500000  -219078.608791 -1933788.598893  -305145.301364
         1120.625000  -219079.053694 -1933789.199300  -305145.365183
         1120.718750  -219079.274228 -1933789.679772  -305145.183493
         1120.812500  -219079.274228 -1933790.061879  -305145.505974
         1120.906250  -219079.943500 -1933790.591168  -305145.654061
         1121.000000  -219080.388402 -1933791.000521  -305145.556639
         1121.125000  -219081.061507 -1933791.742433  -305146.615646
         1121.218750  -219081.282042 -1933792.031852  -305146.272715
         1121.312500  -219081.951313 -1933792.561140  -305146.420802
         1121.406250  -219082.175681 -1933792.681076  -305146.666310
         1121.500000  -219082.844953 -1933793.210364  -305146.814397
         1121.625000  -219083.514224 -1933793.739653  -305146.962483
         1121.718750  -219083.959127 -1933794.340060  -305147.026302
         1121.812500  -219084.628398 -1933794.678295  -305147.013147
         1121.906250  -219085.297669 -1933795.016530  -305146.999993
         1122.000000  -219086.191309 -1933795.283647  -305147.071107
         1122.125000  -219086.860580 -1933795.621882  -305147.057953
         1122.218750  -219087.529851 -1933795.960117  -305147.044798
         1122.312500  -219088.423490 -1933796.227234  -305147.115912
         1122.406250  -219089.092762 -1933796.565469  -305147.102758
         1122.500000  -219089.986401 -1933797.023640  -305147.335112
         1122.625000  -219090.655672 -1933797.361875  -305147.321958
         1122.718750  -219091.549312 -1933797.628991  -305147.393071
         1122.812500  -219092.442951 -1933797.705055  -305147.302944
         1122.906250  -219093.336591 -1933797.972172  -305147.374058
         1123.000000  -219094.230230 -1933798.430342  -305147.606412
         1123.125000  -219095.344404 -1933798.986877  -305147.334595
         1123.218750  -219096.241877 -1933798.893457  -305147.832907
         1123.312500  -219097.356051 -1933799.641046  -305147.722331
         1123.406250  -219098.249691 -1933799.717109  -305147.632204
         1123.500000  -219099.367699 -1933800.104161  -305147.948826
         1123.625000  -219100.261338 -1933800.371278  -305148.019939
         1123.718750  -219101.154977 -1933800.829448  -305148.252294
         1123.812500  -219102.272985 -1933801.025447  -305148.407675
         1123.906250  -219103.166625 -1933801.483617  -305148.640030
         1124.000000  -219104.284632 -1933801.679615  -305148.795411
         1124.125000  -219105.398806 -1933802.427204  -305148.684835
         1124.218750  -219106.292446 -1933802.694321  -305148.755948
         1124.312500  -219107.410454 -1933802.508212  -305148.588848
         1124.406250  -219108.304093 -1933803.157436  -305148.982443
         1124.500000  -219109.422101 -1933803.735542  -305149.460306
         1124.625000  -219110.315740 -1933803.620551  -305149.208938
         1124.718750  -219111.433748 -1933804.007603  -305149.525560
         1124.812500  -219112.327387 -1933804.274720  -305149.596674
         1124.906250  -219113.441561 -1933805.213362  -305149.647338
         1125.000000  -219114.559569 -1933805.218307  -305149.641479
         1125.125000  -219115.677577 -1933805.414306  -305149.796861
         1125.218750  -219116.795585 -1933805.801358  -305150.113483
         1125.312500  -219117.689224 -1933806.259528  -305150.345837
         1125.406250  -219118.807232 -1933806.455526  -305150.501218
         1125.500000  -219119.700871 -1933806.913697  -305150.733573
         1125.625000  -219121.039414 -1933807.399114  -305150.546024
         1125.718750  -219122.157421 -1933807.404059  -305150.540164
         1125.812500  -219123.051061 -1933808.244336  -305151.095000
         1125.906250  -219124.169068 -1933808.249281  -305151.089141
         1126.000000  -219125.062708 -1933808.898504  -305151.482736
         1126.125000  -219126.180716 -1933808.903449  -305151.476877
         1126.218750  -219127.074355 -1933809.170566  -305151.547990
         1126.312500  -219128.192363 -1933809.748672  -305152.025853
         1126.406250  -219129.086002 -1933809.633682  -305151.774485
         1126.500000  -219130.204010 -1933809.638627  -305151.768626
         1126.625000  -219131.097649 -1933810.096797  -305152.000980
         1126.718750  -219132.215657 -1933810.292795  -305152.156362
         1126.812500  -219133.109296 -1933812.279393  -305153.678642
         1126.906250  -219134.002936 -1933812.928617  -305154.072237
         1127.000000  -219135.120944 -1933813.697776  -305154.711340
         1127.125000  -219136.235118 -1933814.254311  -305154.439523
         1127.218750  -219137.128757 -1933814.521428  -305154.510637
         1127.312500  -219138.246765 -1933814.717426  -305154.666018
         1127.406250  -219139.140404 -1933814.793490  -305154.575891
         1127.500000  -219140.258412 -1933814.989488  -305154.731273
         1127.625000  -219141.152052 -1933815.256605  -305154.802386
         1127.718750  -219142.045691 -1933815.523722  -305154.873500
         1127.812500  -219142.714962 -1933816.435117  -305155.344068
         1127.906250  -219143.608602 -1933816.702234  -305155.415181
         1128.000000  -219144.502241 -1933816.969351  -305155.486295
         1128.125000  -219144.950978 -1933817.209221  -305155.977312
         1128.218750  -219145.844617 -1933817.285285  -305155.887185
         1128.312500  -219146.517722 -1933817.454036  -305156.462470
         1128.406250  -219147.186993 -1933817.410165  -305156.126834
         1128.500000  -219147.860098 -1933817.387863  -305156.540879
         1128.625000  -219148.753737 -1933817.846033  -305156.773233
         1128.718750  -219149.202474 -1933817.703797  -305156.941769
         1128.812500  -219149.651210 -1933817.943667  -305157.432786
         1128.906250  -219150.324315 -1933817.921365  -305157.846830
         1129.000000  -219150.773051 -1933817.779129  -305158.015366
         1129.125000  -219150.997420 -1933817.899064  -305158.260874
         1129.218750  -219151.446156 -1933817.374720  -305158.106928
         1129.312500  -219151.894893 -1933817.996697  -305158.920427
         1129.406250  -219152.119261 -1933817.734525  -305158.843454
         1129.500000  -219152.123094 -1933817.373989  -305159.270653
         1129.625000  -219152.571831 -1933817.422805  -305159.600429
         1129.718750  -219152.796199 -1933817.542740  -305159.845938
         1129.812500  -219153.020567 -1933817.471622  -305159.930205
         1129.906250  -219153.244936 -1933817.400504  -305160.014473
         1130.000000  -219153.248769 -1933817.231020  -305160.602912
         1130.125000  -219153.473138 -1933816.968849  -305160.525940
         1130.218750  -219153.473138 -1933817.159902  -305160.687180
         1130.312500  -219153.476971 -1933816.990419  -305161.275619
         1130.406250  -219153.476971 -1933817.181472  -305161.436860
         1130.500000  -219153.701339 -1933817.301407  -305161.682369
         1130.625000  -219153.480805 -1933817.011989  -305162.025299
         1130.718750  -219153.705173 -1933816.940871  -305162.109567
         1130.812500  -219153.705173 -1933816.940871  -305162.109567
         1130.906250  -219153.709006 -1933816.771387  -305162.698007
         1131.000000  -219153.933375 -1933816.509216  -305162.621034
         1131.125000  -219153.712840 -1933816.410851  -305163.125205
         1131.218750  -219153.937208 -1933816.530786  -305163.370714
         1131.312500  -219153.716673 -1933816.432421  -305163.874885
         1131.406250  -219153.716673 -1933819.489276  -305166.454737
         1131.500000  -219153.716673 -1933819.107169  -305166.132255
         1131.625000  -219153.720507 -1933818.364526  -305166.236972
         1131.718750  -219153.724341 -1933817.812935  -305166.502930
         1131.812500  -219153.724341 -1933818.195042  -305166.825411
         1131.906250  -219153.728174 -1933817.834506  -305167.252610
         1132.000000  -219153.728174 -1933817.834506  -305167.252610
         1132.125000  -219153.732008 -1933817.665022  -305167.841049
         1132.218750  -219153.732008 -1933817.856076  -305168.002290
         1132.312500  -219153.511473 -1933817.375604  -305168.183980
         1132.406250  -219153.735841 -1933817.495539  -305168.429488
         1132.500000  -219153.515307 -1933817.206121  -305168.772419
         1132.625000  -219153.515307 -1933817.588228  -305169.094900
         1132.718750  -219153.519140 -1933817.036637  -305169.360858
         1132.812500  -219153.522974 -1933816.867154  -305169.949297
         1132.906250  -219153.522974 -1933817.440314  -305170.433020
         1133.000000  -219153.526807 -1933817.079778  -305170.860218
         1133.125000  -219153.526807 -1933817.079778  -305170.860218
         1133.218750  -219153.530641 -1933817.101348  -305171.609898
         1133.312500  -219153.310106 -1933817.002983  -305172.114069
         1133.406250  -219153.534474 -1933816.740811  -305172.037097
         1133.500000  -219153.538308 -1933816.189221  -305172.303054
         1133.625000  -219153.542141 -1933815.255524  -305172.246531
         1133.718750  -219153.766510 -1933815.566512  -305172.653280
         1133.812500  -219153.545975 -1933815.086040  -305172.834970
         1133.906250  -219153.770343 -1933814.823869  -305172.757997
         1134.000000  -219153.549808 -1933814.534450  -305173.100928
         1134.125000  -219153.549808 -1933814.534450  -305173.100928
         1134.218750  -219153.553642 -1933814.173913  -305173.528126
         1134.312500  -219153.778010 -1933814.102795  -305173.612394
         1134.406250  -219153.781844 -1933813.933312  -305174.200833
         1134.500000  -219153.781844 -1933813.933312  -305174.200833
         1134.625000  -219153.785677 -1933813.572775  -305174.628032
         1134.718750  -219153.785677 -1933813.572775  -305174.628032
         1134.812500  -219153.789511 -1933813.212238  -305175.055230
         1134.906250  -219153.793344 -1933812.851702  -305175.482429
         1135.000000  -219153.793344 -1933813.042755  -305175.643669
         1135.125000  -219153.797178 -1933812.682218  -305176.070868
         1135.218750  -219153.576643 -1933812.392800  -305176.413799
         1135.312500  -219153.801012 -1933812.512735  -305176.659307
         1135.406250  -219153.804845 -1933812.152198  -305177.086506
         1135.500000  -219153.584310 -1933811.862780  -305177.429436
         1135.625000  -219153.584310 -1933812.053833  -305177.590677
         1135.718750  -219153.588144 -1933811.693296  -305178.017875
         1135.812500  -219153.816346 -1933811.452695  -305178.690583
         1135.906250  -219153.591977 -1933811.714867  -305178.767555
         1136.000000  -219153.595811 -1933811.545383  -305179.355995
         1136.125000  -219153.595811 -1933811.736437  -305179.517235
         1136.218750  -219153.599645 -1933811.758007  -305180.266915
         1136.312500  -219153.599645 -1933811.949060  -305180.428156
         1136.406250  -219153.603478 -1933811.779577  -305181.016595
         1136.500000  -219153.603478 -1933811.970631  -305181.177836
         1136.625000  -219153.607312 -1933811.992201  -305181.927516
         1136.718750  -219153.386777 -1933811.893836  -305182.431687
         1136.812500  -219153.611145 -1933812.204824  -305182.838437
         1136.906250  -219153.614979 -1933812.035341  -305183.426876
         1137.000000  -219153.394444 -1933812.128030  -305184.092288
         1137.125000  -219153.394444 -1933812.319083  -305184.253529
         1137.218750  -219153.398278 -1933812.149600  -305184.841968
         1137.312500  -219153.402111 -1933811.980117  -305185.430407
         1137.406250  -219153.626479 -1933812.100052  -305185.675916
         1137.500000  -219153.405945 -1933812.001687  -305186.180087
         1137.625000  -219153.405945 -1933812.192740  -305186.341328
         1137.718750  -219153.409778 -1933812.023257  -305186.929767
         1137.812500  -219153.413612 -1933811.853774  -305187.518206
         1137.906250  -219153.193077 -1933811.755409  -305188.022378
         1138.000000  -219153.417445 -1933811.493237  -305187.945405
         1138.125000  -219153.421279 -1933811.323754  -305188.533844
         1138.218750  -219153.421279 -1933811.705861  -305188.856325
         1138.312500  -219153.645647 -1933811.825796  -305189.101834
         1138.406250  -219153.649481 -1933811.656312  -305189.690273
         1138.500000  -219153.649481 -1933811.847366  -305189.851514
         1138.625000  -219153.653314 -1933812.824203  -305191.407398
         1138.718750  -219153.653314 -1933813.015257  -305191.568638
         1138.812500  -219153.877682 -1933813.517299  -305192.136628
         1138.906250  -219154.326419 -1933812.992955  -305191.982683
         1139.000000  -219154.326419 -1933812.992955  -305191.982683
         1139.125000  -219154.771322 -1933813.402309  -305191.885260
         1139.218750  -219154.995690 -1933813.140137  -305191.808288
         1139.312500  -219155.220058 -1933813.069019  -305191.892555
         1139.406250  -219155.664961 -1933813.096265  -305191.472652
         1139.500000  -219156.113698 -1933812.762975  -305191.479947
         1139.625000  -219156.558601 -1933812.790222  -305191.060043
         1139.718750  -219156.782969 -1933812.528050  -305190.983070
         1139.812500  -219157.452240 -1933812.675231  -305190.808675
         1139.906250  -219157.676609 -1933812.604113  -305190.892943
         1140.000000  -219158.345880 -1933812.751295  -305190.718548
         1140.125000  -219158.570248 -1933812.871230  -305190.964057
         1140.218750  -219159.239519 -1933813.209465  -305190.950903
         1140.312500  -219159.688256 -1933813.067228  -305191.119438
         1140.406250  -219160.357527 -1933813.405464  -305191.106284
         1140.500000  -219160.802430 -1933814.005870  -305191.170103
         1140.625000  -219161.251166 -1933813.863634  -305191.338638
         1140.718750  -219161.920438 -1933814.201869  -305191.325484
         1140.812500  -219162.369174 -1933814.250686  -305191.655261
         1140.906250  -219163.038445 -1933814.206814  -305191.319625
         1141.000000  -219163.034612 -1933813.994190  -305190.408704
         1141.125000  -219163.928251 -1933814.261307  -305190.479818
         1141.218750  -219164.601356 -1933814.239006  -305190.893862
         1141.312500  -219165.270627 -1933814.768294  -305191.041948
         1141.406250  -219166.164267 -1933815.608571  -305191.596784
         1141.500000  -219166.613003 -1933815.657388  -305191.926561
         1141.625000  -219167.506642 -1933815.924505  -305191.997674
         1141.718750  -219168.404115 -1933816.022138  -305192.657227
         1141.812500  -219168.400282 -1933816.191622  -305192.068788
         1141.906250  -219169.518290 -1933817.151834  -305192.869132
         1142.000000  -219169.738824 -1933816.485985  -305191.719998
         1142.125000  -219169.963193 -1933816.414867  -305191.804266
         1142.218750  -219170.408096 -1933816.633167  -305191.545603
         1142.312500  -219170.852998 -1933816.851467  -305191.286940
         1142.406250  -219174.682593 -1933821.269286  -305200.394194
         1142.500000  -219172.427410 -1933818.285743  -305194.238902
         1142.625000  -219172.419743 -1933818.051549  -305192.578302
         1142.718750  -219172.419743 -1933817.478389  -305192.094579
         1142.812500  -219172.191541 -1933817.718991  -305191.421872
         1142.906250  -219172.415909 -1933816.692605  -305190.699937
         1143.000000  -219172.640277 -1933817.003594  -305191.106686
         1143.125000  -219173.089014 -1933817.052410  -305191.436462
         1143.218750  -219173.092847 -1933816.500820  -305191.702420
         1143.312500  -219172.868479 -1933816.380885  -305191.456911
         1143.406250  -219172.868479 -1933816.954045  -305191.940634
         1143.500000  -219172.868479 -1933815.998778  -305191.134430
         1143.625000  -219172.644111 -1933815.878843  -305190.888921
         1143.718750  -219172.644111 -1933815.496736  -305190.566440
         1143.812500  -219172.644111 -1933814.541469  -305189.760236
         1143.906250  -219172.419743 -1933814.803640  -305189.837209
         1144.000000  -219172.419743 -1933814.803640  -305189.837209
         1144.125000  -219172.199208 -1933814.705276  -305190.341381
         1144.218750  -219172.423576 -1933815.207318  -305190.909371
         1144.312500  -219172.651778 -1933814.775662  -305191.420837
         1144.406250  -219172.876146 -1933814.704544  -305191.505105
         1144.500000  -219173.100515 -1933817.117121  -305193.685502
         1144.625000  -219173.328716 -1933817.067573  -305194.519450
         1144.718750  -219173.556918 -1933816.826971  -305195.192157
         1144.812500  -219173.556918 -1933816.826971  -305195.192157
         1144.906250  -219173.560752 -1933816.466434  -305195.619355
         1145.000000  -219173.560752 -1933816.466434  -305195.619355
         1145.125000  -219173.564585 -1933816.105898  -305196.046554
         1145.218750  -219173.564585 -1933816.296951  -305196.207795
         1145.312500  -219173.788953 -1933816.225833  -305196.292062
         1145.406250  -219173.788953 -1933816.034779  -305196.130822
         1145.500000  -219173.568419 -1933815.745361  -305196.473752
         1145.625000  -219173.568419 -1933815.745361  -305196.473752
         1145.718750  -219173.572252 -1933815.384824  -305196.900951
         1145.812500  -219173.572252 -1933815.384824  -305196.900951
         1145.906250  -219173.347884 -1933815.264889  -305196.655442
         1146.000000  -219173.351718 -1933814.904352  -305197.082641
         1146.125000  -219173.351718 -1933814.904352  -305197.082641
         1146.218750  -219173.355551 -1933814.734869  -305197.671080
         1146.312500  -219173.355551 -1933814.543815  -305197.509839
         1146.406250  -219173.355551 -1933814.925922  -305197.832321
         1146.500000  -219173.135016 -1933814.636504  -305198.175251
         1146.625000  -219173.138850 -1933813.320700  -305197.796246
         1146.718750  -219173.138850 -1933814.084914  -305198.441209
         1146.812500  -219173.363218 -1933814.586956  -305199.009199
         1146.906250  -219173.363218 -1933814.204849  -305198.686718
         1147.000000  -219173.142684 -1933813.915430  -305199.029648
         1147.125000  -219173.367052 -1933814.417472  -305199.597638
         1147.218750  -219173.142684 -1933813.724377  -305198.868408
         1147.312500  -219173.142684 -1933814.106484  -305199.190889
         1147.406250  -219173.142684 -1933814.297537  -305199.352130
         1147.500000  -219173.142684 -1933814.297537  -305199.352130
         1147.625000  -219173.367052 -1933814.226419  -305199.436398
         1147.718750  -219173.367052 -1933813.844312  -305199.113916
         1147.812500  -219173.367052 -1933814.035366  -305199.275157
         1147.906250  -219173.146517 -1933813.745947  -305199.618088
         1148.000000  -219173.367052 -1933813.653259  -305198.952676
         1148.125000  -219173.370885 -1933813.292722  -305199.379874
         1148.218750  -219173.595254 -1933813.412657  -305199.625383
         1148.312500  -219173.595254 -1933813.603710  -305199.786623
         1148.406250  -219173.595254 -1933813.030550  -305199.302901
         1148.500000  -219173.819622 -1933813.150485  -305199.548410
         1148.625000  -219174.043990 -1933812.697260  -305199.310196
         1148.718750  -219174.043990 -1933812.506206  -305199.148955
         1148.812500  -219174.043990 -1933812.888313  -305199.471437
         1148.906250  -219174.268358 -1933812.052981  -305198.910742
         1149.000000  -219177.204313 -1933815.630523  -305207.463160
         1149.125000  -219179.006926 -1933817.779465  -305211.894033
         1149.218750  -219178.329988 -1933816.251769  -305209.440383
         1149.312500  -219178.558190 -1933816.584328  -305210.596812
         1149.406250  -219178.782558 -1933816.131102  -305210.358599
         1149.500000  -219178.782558 -1933815.748995  -305210.036117
         1149.625000  -219179.459496 -1933816.130371  -305211.522323
         1149.718750  -219180.132601 -1933817.063337  -305212.742571
         1149.812500  -219181.037741 -1933817.586217  -305215.223965
         1149.906250  -219181.490311 -1933817.656604  -305216.303421
         1150.000000  -219182.163416 -1933818.589570  -305217.523669
         1150.125000  -219182.615986 -1933819.042064  -305218.925607
         1150.218750  -219182.840354 -1933818.970946  -305219.009875
         1150.312500  -219183.292924 -1933818.659226  -305219.766850
         1150.406250  -219183.517293 -1933818.397054  -305219.689877
         1150.500000  -219183.741661 -1933818.325935  -305219.774145
         1150.625000  -219184.190397 -1933818.565806  -305220.265162
         1150.718750  -219184.194231 -1933818.205269  -305220.692360
         1150.812500  -219184.418599 -1933817.943097  -305220.615387
         1150.906250  -219184.418599 -1933817.560990  -305220.292906
         1151.000000  -219184.867336 -1933817.609807  -305220.622682
         1151.125000  -219185.091704 -1933817.729742  -305220.868191
         1151.218750  -219184.867336 -1933817.036647  -305220.138960
         1151.312500  -219185.316072 -1933816.703356  -305220.146255
         1151.406250  -219185.544274 -1933816.462755  -305220.818962
         1151.500000  -219185.544274 -1933816.653808  -305220.980203
         1151.625000  -219186.217379 -1933816.249400  -305221.071766
         1151.718750  -219186.221212 -1933815.888863  -305221.498964
         1151.812500  -219186.445581 -1933815.626691  -305221.421991
         1151.906250  -219186.669949 -1933815.555573  -305221.506259
         1152.000000  -219186.445581 -1933814.862477  -305220.777028
         1152.125000  -219186.669949 -1933814.791359  -305220.861296
         1152.218750  -219187.118685 -1933814.458069  -305220.868591
         1152.312500  -219186.894317 -1933813.956027  -305220.300601
         1152.406250  -219186.894317 -1933813.382866  -305219.816879
         1152.500000  -219187.118685 -1933812.738587  -305219.417425
         1152.625000  -219187.118685 -1933812.547534  -305219.256184
         1152.718750  -219187.118685 -1933811.783320  -305218.611221
         1152.812500  -219187.118685 -1933811.401213  -305218.288739
         1152.906250  -219187.343054 -1933810.756934  -305217.889285
         1153.000000  -219187.567422 -1933810.685816  -305217.973553
         1153.125000  -219187.791790 -1933810.423644  -305217.896580
         1153.218750  -219187.791790 -1933809.850484  -305217.412858
         1153.312500  -219188.016158 -1933809.206205  -305217.013403
         1153.406250  -219187.791790 -1933808.704163  -305216.445413
         1153.500000  -219188.016158 -1933808.250938  -305216.207200
         1153.625000  -219188.016158 -1933807.868831  -305215.884718
         1153.718750  -219188.240527 -1933807.033499  -305215.324023
         1153.812500  -219188.240527 -1933806.842445  -305215.162783
         1153.906250  -219188.464895 -1933806.007113  -305214.602087
         1154.000000  -219188.464895 -1933806.007113  -305214.602087
         1154.125000  -219188.464895 -1933805.242899  -305213.957125
         1154.218750  -219188.689263 -1933804.407567  -305213.396429
         1154.312500  -219188.689263 -1933804.407567  -305213.396429
         1154.406250  -219188.689263 -1933804.025460  -305213.073948
         1154.500000  -219188.913631 -1933802.999074  -305212.352012
         1154.625000  -219188.913631 -1933802.234860  -305211.707049
         1154.718750  -219189.138000 -1933802.163742  -305211.791317
         1154.812500  -219189.362368 -1933801.710517  -305211.553103
         1154.906250  -219189.362368 -1933801.328410  -305211.230622
         1155.000000  -219189.586736 -1933800.493078  -305210.669927
         1155.125000  -219189.586736 -1933800.110971  -305210.347445
         1155.218750  -219189.811104 -1933799.275639  -305209.786750
         1155.312500  -219189.811104 -1933799.084585  -305209.625510
         1155.406250  -219190.035473 -1933798.249253  -305209.064815
         1155.500000  -219190.035473 -1933797.676092  -305208.581092
         1155.625000  -219190.259841 -1933797.413921  -305208.504120
         1155.718750  -219190.259841 -1933797.031814  -305208.181638
         1155.812500  -219190.484209 -1933796.578588  -305207.943424
         1155.906250  -219190.488043 -1933795.262784  -305207.564419
         1156.000000  -219190.484209 -1933795.241214  -305206.814739
         1156.125000  -219190.708577 -1933794.787989  -305206.576526
         1156.218750  -219190.932945 -1933794.334764  -305206.338312
         1156.312500  -219190.936779 -1933793.401066  -305206.281788
         1156.406250  -219190.936779 -1933793.210013  -305206.120548
         1156.500000  -219191.161147 -1933792.374681  -305205.559853
         1156.625000  -219191.385516 -1933792.112509  -305205.482880
         1156.718750  -219191.609884 -1933791.850337  -305205.405907
         1156.812500  -219191.609884 -1933791.277177  -305204.922185
         1156.906250  -219191.157314 -1933789.678362  -305202.552802
         1157.000000  -219190.932945 -1933789.558427  -305202.307294
         1157.125000  -219189.350867 -1933786.170476  -305196.243564
         1157.218750  -219198.626636 -1933775.661781  -305207.920034
         1157.312500  -219199.079206 -1933775.159008  -305208.515768
         1157.406250  -219198.854838 -1933775.039072  -305208.270260
         1157.500000  -219189.803437 -1933784.712435  -305196.033095
         1157.625000  -219177.816081 -1933796.348806  -305179.919493
         1157.718750  -219176.454538 -1933797.835556  -305177.382610
         1157.812500  -219176.005801 -1933797.786739  -305177.052834
         1157.906250  -219176.458371 -1933797.092912  -305177.487327
         1158.000000  -219177.363511 -1933796.087365  -305178.678796
         1158.125000  -219176.910941 -1933796.399085  -305177.921821
         1158.218750  -219176.682739 -1933796.830740  -305177.410355
         1158.312500  -219176.005801 -1933797.404632  -305176.730353
         1158.406250  -219175.549398 -1933798.267942  -305175.707420
         1158.500000  -219175.096827 -1933798.961769  -305175.272926
         1158.625000  -219175.325029 -1933798.530114  -305175.784393
         1158.718750  -219175.096827 -1933798.961769  -305175.272926
         1158.812500  -219174.872459 -1933799.032888  -305175.188659
         1158.906250  -219174.872459 -1933799.032888  -305175.188659
         1159.000000  -219174.872459 -1933799.032888  -305175.188659
         1159.125000  -219174.876293 -1933798.672351  -305175.615857
         1159.218750  -219176.005801 -1933797.595686  -305176.891593
         1159.312500  -219175.328863 -1933798.169577  -305176.211591
         1159.406250  -219175.553231 -1933798.098459  -305176.295859
         1159.500000  -219175.332696 -1933797.809041  -305176.638790
         1159.625000  -219175.557065 -1933797.737922  -305176.723058
         1159.718750  -219175.332696 -1933797.809041  -305176.638790
         1159.812500  -219176.009635 -1933797.426202  -305177.480032
         1159.906250  -219175.332696 -1933798.191148  -305176.961271
         1160.000000  -219175.789100 -1933797.327837  -305177.984204
         1160.125000  -219174.883960 -1933796.231796  -305175.019088
         1160.218750  -219175.564732 -1933796.634742  -305177.254973
         1160.312500  -219176.017302 -1933797.278289  -305178.818152
         1160.406250  -219176.241670 -1933797.398224  -305179.063660
         1160.500000  -219182.805852 -1933789.545634  -305187.592923
         1160.625000  -219183.714826 -1933788.179550  -305189.211590
         1160.718750  -219184.619966 -1933787.174003  -305190.403059
         1160.812500  -219185.525106 -1933786.359510  -305191.755768
         1160.906250  -219185.981510 -1933785.496199  -305192.778700
         1161.000000  -219186.437913 -1933784.823943  -305193.962874
         1161.125000  -219186.890483 -1933784.512223  -305194.719849
         1161.218750  -219187.343054 -1933784.200503  -305195.476824
         1161.312500  -219187.343054 -1933784.200503  -305195.476824
         1161.406250  -219187.346887 -1933784.031019  -305196.065263
         1161.500000  -219187.346887 -1933784.031019  -305196.065263
         1161.625000  -219187.575089 -1933783.790418  -305196.737970
         1161.718750  -219187.578922 -1933783.620934  -305197.326409
         1161.812500  -219187.803291 -1933783.931923  -305197.733158
         1161.906250  -219187.807124 -1933783.762440  -305198.321598
         1162.000000  -219187.807124 -1933783.953493  -305198.482838
         1162.125000  -219187.582756 -1933784.215665  -305198.559811
         1162.218750  -219185.548108 -1933786.679984  -305196.415088
         1162.312500  -219183.517293 -1933788.592713  -305194.536323
         1162.406250  -219183.064723 -1933789.286540  -305194.101829
         1162.500000  -219182.612153 -1933789.980367  -305193.667336
         1162.625000  -219185.555775 -1933786.341018  -305197.591967
         1162.718750  -219183.749328 -1933788.564735  -305196.119951
         1162.812500  -219183.521126 -1933789.378497  -305195.930966
         1162.906250  -219181.939048 -1933791.340043  -305194.381977
         1163.000000  -219181.490311 -1933791.673333  -305194.374682
         1163.125000  -219180.817207 -1933792.268795  -305194.444360
         1163.218750  -219180.364637 -1933792.962622  -305194.009866
         1163.312500  -219179.915900 -1933793.486966  -305194.163812
         1163.406250  -219181.045408 -1933792.601354  -305195.600789
         1163.500000  -219179.467164 -1933794.202363  -305194.478999
         1163.625000  -219179.014593 -1933795.087243  -305194.205746
         1163.718750  -219178.790225 -1933795.349415  -305194.282719
         1163.812500  -219178.117120 -1933795.944877  -305194.352397
         1163.906250  -219177.888919 -1933796.758639  -305194.163412
         1164.000000  -219178.573524 -1933795.845780  -305196.020292
         1164.125000  -219178.573524 -1933796.036834  -305196.181533
         1164.218750  -219177.215814 -1933797.927261  -305194.716812
         1164.312500  -219177.672218 -1933797.446058  -305196.062226
         1164.406250  -219177.447849 -1933797.899283  -305196.300440
         1164.500000  -219177.223481 -1933798.161455  -305196.377413
         1164.625000  -219176.999113 -1933798.614680  -305196.615626
         1164.718750  -219176.550376 -1933799.139024  -305196.769572
         1164.812500  -219176.101640 -1933799.472314  -305196.762277
         1164.906250  -219176.101640 -1933799.854421  -305197.084759
         1165.000000  -219178.592692 -1933797.099952  -305200.736137
         1165.125000  -219178.368324 -1933797.362124  -305200.813109
         1165.218750  -219170.241230 -1933794.101422  -305183.357647
         1165.312500  -219179.950402 -1933797.693220  -305204.296987
         1165.406250  -219179.729867 -1933797.976962  -305205.123640
         1165.500000  -219179.954235 -1933798.479004  -305205.691630
         1165.625000  -219180.178604 -1933799.172099  -305206.420861
         1165.718750  -219180.406806 -1933799.313605  -305207.416049
         1165.812500  -219171.602774 -1933796.626794  -305189.280585
         1165.906250  -219180.863209 -1933799.787669  -305209.567667
         1166.000000  -219182.217086 -1933800.741473  -305212.701319
         1166.125000  -219182.897858 -1933801.335472  -305215.098445
         1166.218750  -219183.350428 -1933801.596913  -305216.339143
         1166.312500  -219183.354261 -1933802.191643  -305217.572545
         1166.406250  -219173.416888 -1933799.222554  -305196.282979
         1166.500000  -219185.613278 -1933803.095168  -305222.703869
         1166.625000  -219184.711971 -1933803.358072  -305221.617117
         1166.718750  -219184.035033 -1933803.358803  -305220.453393
         1166.812500  -219183.795331 -1933812.132100  -305224.787479
         1166.906250  -219183.586296 -1933803.883147  -305220.607339
         1167.000000  -219182.909358 -1933803.883878  -305219.443615
         1167.125000  -219182.456788 -1933804.004545  -305218.525399
         1167.218750  -219182.008052 -1933803.955728  -305218.195623
         1167.312500  -219181.783683 -1933804.217900  -305218.272596
         1167.406250  -219181.559315 -1933804.097965  -305218.027087
         1167.500000  -219180.874710 -1933810.742427  -305221.007429
         1167.625000  -219181.099078 -1933811.053415  -305221.414178
         1167.718750  -219181.327280 -1933811.385974  -305222.570607
         1167.812500  -219181.102912 -1933811.839200  -305222.808821
         1167.906250  -219181.338780 -1933805.910134  -305220.143666
         1168.000000  -219180.425973 -1933812.030984  -305221.806337
         1168.125000  -219180.201605 -1933812.102103  -305221.722069
         1168.218750  -219179.752869 -1933812.435393  -305221.714774
         1168.312500  -219179.528500 -1933812.888618  -305221.952988
         1168.406250  -219179.300298 -1933812.938166  -305221.119040
         1168.500000  -219178.851562 -1933813.271457  -305221.111745
         1168.625000  -219178.874563 -1933798.689761  -305213.194289
         1168.718750  -219178.178457 -1933813.102705  -305220.536460
         1168.812500  -219178.174624 -1933813.654295  -305220.270503
         1168.906250  -219178.174624 -1933813.654295  -305220.270503
         1169.000000  -219178.414326 -1933806.791532  -305217.548824
         1169.125000  -219178.189958 -1933804.187902  -305215.207186
         1169.218750  -219178.193791 -1933802.872098  -305214.828181
         1169.312500  -219178.193791 -1933802.489991  -305214.505699
         1169.406250  -219177.973257 -1933802.009519  -305214.687389
         1169.500000  -219178.193791 -1933802.298938  -305214.344459
         1169.625000  -219177.969423 -1933802.561110  -305214.421431
         1169.718750  -219177.969423 -1933802.752163  -305214.582672
         1169.812500  -219178.193791 -1933802.872098  -305214.828181
         1169.906250  -219177.969423 -1933802.943217  -305214.743913
         1170.000000  -219177.969423 -1933802.752163  -305214.582672
         1170.125000  -219178.193791 -1933802.872098  -305214.828181
         1170.218750  -219178.197625 -1933802.511561  -305215.255379
         1170.312500  -219178.421993 -1933802.631497  -305215.500888
         1170.406250  -219178.421993 -1933802.440443  -305215.339647
         1170.500000  -219178.418160 -1933802.800980  -305214.912449
         1170.625000  -219178.642528 -1933802.920915  -305215.157957
         1170.718750  -219178.642528 -1933802.729862  -305214.996716
         1170.812500  -219178.642528 -1933802.729862  -305214.996716
         1170.906250  -219178.642528 -1933802.538808  -305214.835476
         1171.000000  -219178.418160 -1933802.418873  -305214.589967
         1171.125000  -219178.638694 -1933802.326184  -305213.924555
         1171.218750  -219178.638694 -1933802.326184  -305213.924555
         1171.312500  -219178.638694 -1933802.135131  -305213.763314
         1171.406250  -219178.863063 -1933801.872959  -305213.686341
         1171.500000  -219179.087431 -1933801.801841  -305213.770609
         1171.625000  -219179.091264 -1933801.441304  -305214.197808
         1171.718750  -219179.311799 -1933801.539669  -305213.693636
         1171.812500  -219179.311799 -1933801.348615  -305213.532396
         1171.906250  -219179.311799 -1933801.157562  -305213.371155
         1172.000000  -219179.311799 -1933800.966509  -305213.209914
         1172.125000  -219179.311799 -1933800.775455  -305213.048673
         1172.218750  -219179.532334 -1933800.682767  -305212.383261
         1172.312500  -219179.532334 -1933800.300660  -305212.060780
         1172.406250  -219179.532334 -1933800.109606  -305211.899539
         1172.500000  -219179.532334 -1933799.536446  -305211.415817
         1172.625000  -219179.532334 -1933799.345392  -305211.254576
         1172.718750  -219179.752869 -1933799.443757  -305210.750405
         1172.812500  -219179.752869 -1933799.061650  -305210.427923
         1172.906250  -219179.977237 -1933798.799478  -305210.350950
         1173.000000  -219179.977237 -1933798.608425  -305210.189710
         1173.125000  -219179.977237 -1933798.035265  -305209.705988
         1173.218750  -219180.201605 -1933797.964146  -305209.790255
         1173.312500  -219180.425973 -1933797.510921  -305209.552042
         1173.406250  -219180.425973 -1933797.319868  -305209.390801
         1173.500000  -219180.870876 -1933797.156061  -305208.809657
         1173.625000  -219180.870876 -1933796.965007  -305208.648416
         1173.718750  -219181.095244 -1933796.702835  -305208.571443
         1173.812500  -219181.319613 -1933796.249610  -305208.333229
         1173.906250  -219181.319613 -1933796.058557  -305208.171989
         1174.000000  -219181.768349 -1933795.725266  -305208.179284
         1174.125000  -219181.768349 -1933795.534213  -305208.018043
         1174.218750  -219181.992717 -1933795.080988  -305207.779829
         1174.312500  -219182.217086 -1933794.818816  -305207.702856
         1174.406250  -219182.441454 -1933794.556644  -305207.625884
         1174.500000  -219182.665822 -1933794.103419  -305207.387670
         1174.625000  -219182.665822 -1933793.721312  -305207.065188
         1174.718750  -219183.114559 -1933793.579075  -305207.233724
         1174.812500  -219183.338927 -1933793.125850  -305206.995511
         1174.906250  -219183.563295 -1933792.863678  -305206.918538
         1175.000000  -219183.787663 -1933792.601506  -305206.841565
         1175.125000  -219184.012032 -1933792.148281  -305206.603351
         1175.218750  -219184.012032 -1933791.957227  -305206.442110
         1175.312500  -219184.460768 -1933791.432884  -305206.288165
         1175.406250  -219184.460768 -1933791.241830  -305206.126924
         1175.500000  -219184.685136 -1933790.788605  -305205.888710
         1175.625000  -219185.133873 -1933790.455315  -305205.896005
         1175.718750  -219185.358241 -1933790.002090  -305205.657792
         1175.812500  -219185.358241 -1933789.619983  -305205.335310
         1175.906250  -219185.803144 -1933789.456176  -305204.754166
         1176.000000  -219186.031346 -1933788.833467  -305205.104391
         1176.125000  -219186.255714 -1933788.380242  -305204.866178
         1176.218750  -219186.480082 -1933788.118070  -305204.789205
         1176.312500  -219186.700617 -1933787.834328  -305203.962552
         1176.406250  -219187.149354 -1933787.501038  -305203.969847
         1176.500000  -219187.373722 -1933787.047813  -305203.731633
         1176.625000  -219187.598090 -1933786.594587  -305203.493420
         1176.718750  -219187.822458 -1933786.141362  -305203.255206
         1176.812500  -219188.046827 -1933785.879190  -305203.178233
         1176.906250  -219188.271195 -1933785.234912  -305202.778779
         1177.000000  -219188.495563 -1933784.972740  -305202.701806
         1177.125000  -219188.719931 -1933784.519514  -305202.463592
         1177.218750  -219189.168668 -1933783.995171  -305202.309647
         1177.312500  -219189.168668 -1933783.613064  -305201.987165
         1177.406250  -219189.393036 -1933782.968785  -305201.587711
         1177.500000  -219189.841773 -1933782.635495  -305201.595006
         1177.625000  -219190.066141 -1933782.182270  -305201.356792
         1177.718750  -219190.066141 -1933781.800163  -305201.034311
         1177.812500  -219190.514877 -1933781.275819  -305200.880365
         1177.906250  -219190.739246 -1933781.013647  -305200.803392
         1178.000000  -219190.963614 -1933780.751475  -305200.726419
         1178.125000  -219191.187982 -1933780.107197  -305200.326965
         1178.218750  -219191.412350 -1933779.845025  -305200.249992
         1178.312500  -219191.636719 -1933779.391800  -305200.011778
         1178.406250  -219191.861087 -1933778.938574  -305199.773565
         1178.500000  -219192.085455 -1933778.485349  -305199.535351
         1178.625000  -219192.309823 -1933778.223177  -305199.458378
         1178.718750  -219192.534192 -1933777.769952  -305199.220164
         1178.812500  -219192.758560 -1933777.507780  -305199.143192
         1178.906250  -219192.982928 -1933776.863501  -305198.743737
         1179.000000  -219193.207296 -1933776.601329  -305198.666764
         1179.125000  -219193.203463 -1933776.770813  -305198.078325
         1179.218750  -219199.733143 -1933771.207786  -305201.956598
         1179.312500  -219199.957512 -1933770.945614  -305201.879625
         1179.406250  -219195.899715 -1933774.601588  -305198.710534
         1179.500000  -219196.124084 -1933774.339417  -305198.633561
         1179.625000  -219188.240527 -1933781.050227  -305193.395284
         1179.718750  -219187.563588 -1933781.624119  -305192.715282
         1179.812500  -219184.631467 -1933784.563965  -305190.394728
         1179.906250  -219182.151915 -1933786.809984  -305188.508668
         1180.000000  -219181.026241 -1933787.526113  -305187.660130
         1180.125000  -219180.121101 -1933788.722713  -305186.629903
         1180.218750  -219178.767224 -1933789.870497  -305185.269899
         1180.312500  -219177.188979 -1933791.280452  -305183.986868
         1180.406250  -219162.775741 -1933803.172183  -305174.547836
         1180.500000  -219181.242942 -1933787.602907  -305186.406279
         1180.625000  -219183.262256 -1933786.580735  -305186.842208
         1180.718750  -219188.666262 -1933781.924890  -305190.033184
         1180.812500  -219190.240673 -1933780.684418  -305190.727776
         1180.906250  -219191.134312 -1933780.569428  -305190.476408
         1181.000000  -219191.583049 -1933780.236138  -305190.483703
         1181.125000  -219192.027952 -1933780.263384  -305190.063800
         1181.218750  -219192.248487 -1933780.361749  -305189.559628
         1181.312500  -219192.693390 -1933780.580049  -305189.300966
         1181.406250  -219193.138293 -1933780.798350  -305189.042303
         1181.500000  -219193.362661 -1933780.536178  -305188.965330
         1181.625000  -219193.807564 -1933780.754478  -305188.706667
         1181.718750  -219194.028098 -1933781.043896  -305188.363736
         1181.812500  -219194.473001 -1933781.262196  -305188.105074
         1181.906250  -219194.693536 -1933781.551615  -305187.762143
         1182.000000  -219195.138439 -1933781.769915  -305187.503480
         1182.125000  -219195.583342 -1933781.988215  -305187.244817
         1182.218750  -219196.028245 -1933782.206515  -305186.986154
         1182.312500  -219196.248780 -1933782.495933  -305186.643224
         1182.406250  -219196.693683 -1933782.714233  -305186.384561
         1182.500000  -219197.134752 -1933783.293070  -305185.698700
         1182.625000  -219197.579655 -1933783.511370  -305185.440037
         1182.718750  -219198.024558 -1933783.920724  -305185.342615
         1182.812500  -219198.689996 -1933784.428442  -305184.741021
         1182.906250  -219199.134899 -1933784.646742  -305184.482359
         1183.000000  -219199.579801 -1933784.865042  -305184.223696
         1183.125000  -219200.245239 -1933785.181707  -305183.460861
         1183.218750  -219200.690142 -1933785.400007  -305183.202199
         1183.312500  -219201.359413 -1933785.547189  -305183.027804
         1183.406250  -219201.804316 -1933785.574435  -305182.607900
         1183.500000  -219202.473587 -1933785.721617  -305182.433505
         1183.625000  -219202.918490 -1933785.748864  -305182.013602
         1183.718750  -219203.363393 -1933785.967164  -305181.754939
         1183.812500  -219204.032665 -1933785.923292  -305181.419303
         1183.906250  -219204.477567 -1933785.950539  -305180.999400
         1184.000000  -219204.694269 -1933786.027333  -305179.745548
         1184.125000  -219205.363540 -1933786.174515  -305179.571153
         1184.218750  -219205.808443 -1933786.201762  -305179.151250
         1184.312500  -219206.481548 -1933785.797353  -305179.242812
         1184.406250  -219207.146985 -1933787.833499  -305179.931145
         1184.500000  -219207.595722 -1933786.927049  -305179.454718
         1184.625000  -219208.264993 -1933786.883177  -305179.119082
         1184.718750  -219208.713729 -1933786.549887  -305179.126377
         1184.812500  -219209.383001 -1933786.697068  -305178.951982
         1184.906250  -219210.052272 -1933786.653197  -305178.616346
         1185.000000  -219210.725377 -1933786.439842  -305178.869150
         1185.125000  -219211.394648 -1933786.778077  -305178.855995
         1185.218750  -219212.063919 -1933787.116312  -305178.842841
         1185.312500  -219212.512655 -1933787.165129  -305179.172618
         1185.406250  -219213.406295 -1933787.432246  -305179.243731
         1185.500000  -219214.075566 -1933787.770481  -305179.230577
         1185.625000  -219214.973039 -1933787.294954  -305179.406408
         1185.718750  -219215.642310 -1933787.442136  -305179.232013
         1185.812500  -219216.315415 -1933787.419834  -305179.646057
         1185.906250  -219217.209054 -1933787.495897  -305179.555930
         1186.000000  -219217.882159 -1933787.473596  -305179.969974
         1186.125000  -219219.000167 -1933787.478541  -305179.964115
         1186.218750  -219219.669438 -1933787.625722  -305179.789720
         1186.312500  -219220.566911 -1933787.532302  -305180.288032
         1186.406250  -219221.684919 -1933787.537247  -305180.282172
         1186.500000  -219222.133655 -1933787.395011  -305180.450708
         1186.625000  -219223.027295 -1933787.471074  -305180.360581
         1186.718750  -219224.145302 -1933787.284966  -305180.193481
         1186.812500  -219224.818407 -1933787.071611  -305180.446284
         1186.906250  -219225.712047 -1933787.147674  -305180.356157
         1187.000000  -219226.830054 -1933786.961565  -305180.189057
         1187.125000  -219227.503159 -1933786.748210  -305180.441861
         1187.218750  -219228.396799 -1933786.824274  -305180.351734
         1187.312500  -219229.290438 -1933786.709284  -305180.100366
         1187.406250  -219230.187911 -1933786.424810  -305180.437437
         1187.500000  -219231.081550 -1933786.309820  -305180.186069
         1187.625000  -219231.975190 -1933786.385883  -305180.095942
         1187.718750  -219232.868829 -1933786.461947  -305180.005815
         1187.812500  -219233.541934 -1933786.057538  -305180.097378
         1187.906250  -219235.112512 -1933785.368656  -305180.526012
         1188.000000  -219236.230520 -1933785.373601  -305180.520153
         1188.125000  -219236.903624 -1933784.969193  -305180.611715
         1188.218750  -219237.348527 -1933785.187493  -305180.353053
         1188.312500  -219238.242167 -1933785.263556  -305180.262926
         1188.406250  -219238.687070 -1933785.481856  -305180.004263
         1188.500000  -219239.812744 -1933783.046246  -305179.401634
         1188.625000  -219240.482016 -1933783.002375  -305179.065998
         1188.718750  -219240.706384 -1933782.740203  -305178.989025
         1188.812500  -219241.151287 -1933782.767449  -305178.569122
         1188.906250  -219241.596190 -1933782.985749  -305178.310459
         1189.000000  -219241.820558 -1933782.914631  -305178.394727
         1189.125000  -219242.265461 -1933783.132931  -305178.136064
         1189.218750  -219242.489829 -1933783.061813  -305178.220332
         1189.312500  -219242.710364 -1933783.351231  -305177.877401
         1189.406250  -219243.155267 -1933783.569531  -305177.618738
         1189.500000  -219243.155267 -1933783.378478  -305177.457498
         1189.625000  -219243.375802 -1933783.667896  -305177.114567
         1189.718750  -219243.596336 -1933783.957315  -305176.771636
         1189.812500  -219243.816871 -1933784.055680  -305176.267465
         1189.906250  -219244.041239 -1933783.984561  -305176.351733
         1190.000000  -219244.261774 -1933784.273980  -305176.008802
         1190.125000  -219244.261774 -1933784.273980  -305176.008802
         1190.218750  -219244.482309 -1933784.563398  -305175.665871
         1190.312500  -219244.702843 -1933784.852816  -305175.322941
         1190.406250  -219244.699010 -1933784.831246  -305174.573261
         1190.500000  -219244.919545 -1933785.120665  -305174.230330
         1190.625000  -219244.919545 -1933784.929611  -305174.069089
         1190.718750  -219245.140079 -1933785.219030  -305173.726159
         1190.812500  -219245.360614 -1933785.508448  -305173.383228
         1190.906250  -219245.581149 -1933785.606813  -305172.879057
         1191.000000  -219245.581149 -1933785.797866  -305173.040297
         1191.125000  -219245.801683 -1933786.087285  -305172.697367
         1191.218750  -219246.022218 -1933786.185650  -305172.193195
         1191.312500  -219246.242753 -1933786.475068  -305171.850265
         1191.406250  -219246.018384 -1933786.546186  -305171.765997
         1191.500000  -219246.463287 -1933786.573433  -305171.346093
         1191.625000  -219246.459454 -1933786.933970  -305170.918895
         1191.718750  -219246.679989 -1933787.223388  -305170.575964
         1191.812500  -219246.900523 -1933787.321753  -305170.071793
         1191.906250  -219247.121058 -1933787.611172  -305169.728862
         1192.000000  -219247.121058 -1933787.611172  -305169.728862
         1192.125000  -219247.341593 -1933787.709536  -305169.224691
         1192.218750  -219247.562127 -1933787.998955  -305168.881760
         1192.312500  -219247.782662 -1933788.097320  -305168.377589
         1192.406250  -219248.003197 -1933788.195685  -305167.873417
         1192.500000  -219248.223732 -1933788.294050  -305167.369246
         1192.625000  -219248.444266 -1933788.583468  -305167.026315
         1192.718750  -219248.889169 -1933788.610715  -305166.606412
         1192.812500  -219248.889169 -1933788.610715  -305166.606412
         1192.906250  -219249.330239 -1933788.998498  -305165.759310
         1193.000000  -219249.330239 -1933788.807445  -305165.598069
         1193.125000  -219249.550773 -1933788.905810  -305165.093898
         1193.218750  -219249.539273 -1933790.178473  -305163.973543
         1193.312500  -219249.539273 -1933789.987420  -305163.812302
         1193.406250  -219249.980342 -1933790.566257  -305163.126441
         1193.500000  -219250.204710 -1933790.495138  -305163.210709
         1193.625000  -219250.421411 -1933790.954040  -305162.279339
         1193.718750  -219250.866314 -1933790.981287  -305161.859435
         1193.812500  -219251.090683 -1933790.719115  -305161.782462
         1193.906250  -219251.531752 -1933791.106898  -305160.935360
         1194.000000  -219251.984322 -1933790.222018  -305161.208613
         1194.125000  -219252.429225 -1933790.249264  -305160.788709
         1194.218750  -219252.649760 -1933790.347629  -305160.284538
         1194.312500  -219253.094663 -1933790.374876  -305159.864635
         1194.406250  -219252.638259 -1933791.238186  -305158.841702
         1194.500000  -219253.535732 -1933790.571606  -305158.856292
         1194.625000  -219253.083162 -1933789.737005  -305157.131872
         1194.718750  -219253.528065 -1933789.764251  -305156.711969
         1194.812500  -219253.972968 -1933789.982551  -305156.453306
         1194.906250  -219253.972968 -1933789.791498  -305156.292065
         1195.000000  -219254.193503 -1933789.889863  -305155.787894
         1195.125000  -219254.414037 -1933789.988228  -305155.283723
         1195.218750  -219254.410204 -1933790.157711  -305154.695283
         1195.312500  -219254.630739 -1933790.256076  -305154.191112
         1195.406250  -219254.851273 -1933790.354441  -305153.686941
         1195.500000  -219254.626905 -1933790.234506  -305153.441432
         1195.625000  -219254.847440 -1933790.332871  -305152.937261
         1195.718750  -219254.843606 -1933790.502354  -305152.348821
         1195.812500  -219255.064141 -1933790.409666  -305151.683409
         1195.906250  -219255.060307 -1933790.579149  -305151.094970
         1196.000000  -219255.056474 -1933790.748632  -305150.506531
         1196.125000  -219255.056474 -1933790.557579  -305150.345290
         1196.218750  -219255.052640 -1933790.727062  -305149.756851
         1196.312500  -219255.273175 -1933790.825427  -305149.252680
         1196.406250  -219255.269341 -1933790.994910  -305148.664240
         1196.500000  -219255.269341 -1933790.803857  -305148.503000
         1196.625000  -219255.489876 -1933790.902222  -305147.998828
         1196.718750  -219255.486043 -1933791.071705  -305147.410389
         1196.812500  -219255.706577 -1933791.170070  -305146.906218
         1196.906250  -219255.927112 -1933791.459488  -305146.563287
         1197.000000  -219256.147647 -1933791.557853  -305146.059116
         1197.125000  -219256.147647 -1933791.557853  -305146.059116
         1197.218750  -219256.368181 -1933791.656218  -305145.554944
         1197.312500  -219256.588716 -1933791.754583  -305145.050773
         1197.406250  -219256.809251 -1933791.852948  -305144.546601
         1197.500000  -219257.254154 -1933792.071248  -305144.287939
         1197.625000  -219257.254154 -1933791.880195  -305144.126698
         1197.718750  -219257.699057 -1933792.098495  -305143.868035
         1197.812500  -219257.695223 -1933792.459031  -305143.440837
         1197.906250  -219258.143960 -1933792.316795  -305143.609372
         1198.000000  -219258.364494 -1933792.415160  -305143.105201
         1198.125000  -219258.813231 -1933792.272923  -305143.273737
         1198.218750  -219259.261967 -1933791.939633  -305143.281032
         1198.312500  -219259.706870 -1933792.157933  -305143.022369
         1198.406250  -219259.706870 -1933792.157933  -305143.022369
         1198.500000  -219260.379975 -1933791.753524  -305143.113931
         1198.625000  -219260.828711 -1933791.420234  -305143.121226
         1198.718750  -219261.053080 -1933791.349116  -305143.205494
         1198.812500  -219261.277448 -1933791.086944  -305143.128521
         1198.906250  -219261.501816 -1933790.824772  -305143.051548
         1199.000000  -219261.950553 -1933790.491482  -305143.058843
         1199.125000  -219262.174921 -1933790.038257  -305142.820630
         1199.218750  -219262.399289 -1933789.776085  -305142.743657
         1199.312500  -219262.399289 -1933789.585031  -305142.582416
         1199.406250  -219262.623657 -1933789.322860  -305142.505443
         1199.500000  -219262.848026 -1933789.060688  -305142.428470
         1199.625000  -219262.851859 -1933788.318044  -305142.533187
         1199.718750  -219262.851859 -1933787.935937  -305142.210706
         1199.812500  -219263.076228 -1933787.673765  -305142.133733
         1199.906250  -219262.855693 -1933787.193293  -305142.315423
         1200.000000  -219262.855693 -1933786.811187  -305141.992942
         1200.125000  -219262.855693 -1933786.620133  -305141.831701
         1200.218750  -219262.855693 -1933786.429080  -305141.670460
         1200.312500  -219262.855693 -1933786.046973  -305141.347979
         1200.406250  -219262.631325 -1933785.927038  -305141.102470
         1200.500000  -219262.631325 -1933785.735984  -305140.941229
         1200.625000  -219262.406956 -1933785.616049  -305140.695721
         1200.718750  -219262.182588 -1933785.496114  -305140.450212
         1200.812500  -219261.962053 -1933784.824589  -305140.470661
         1200.906250  -219261.954386 -1933785.163555  -305139.293783
         1201.000000  -219261.737685 -1933784.513600  -305140.063912
         1201.125000  -219260.867047 -1933782.465370  -305142.878471
         1201.218750  -219260.422144 -1933782.056016  -305142.975893
         1201.312500  -219260.201609 -1933781.575544  -305143.157583
         1201.406250  -219259.756706 -1933781.166191  -305143.255005
         1201.500000  -219259.536172 -1933780.685719  -305143.436695
         1201.625000  -219259.091269 -1933780.276365  -305143.534117
         1201.718750  -219258.646366 -1933780.058065  -305143.792780
         1201.812500  -219258.425831 -1933779.577593  -305143.974470
         1201.906250  -219257.980928 -1933779.168240  -305144.071892
         1202.000000  -219257.756560 -1933779.048305  -305143.826383
         1202.125000  -219257.311657 -1933778.638951  -305143.923805
         1202.218750  -219256.866754 -1933778.229598  -305144.021227
         1202.312500  -219256.421851 -1933777.820244  -305144.118650
         1202.406250  -219255.323011 -1933776.203669  -305146.421742
         1202.500000  -219254.657573 -1933776.078057  -305147.345817
         1202.625000  -219254.208837 -1933776.029241  -305147.016041
         1202.718750  -219253.319031 -1933775.592640  -305147.533366
         1202.812500  -219252.653593 -1933775.084922  -305148.134960
         1202.906250  -219251.988156 -1933774.577204  -305148.736553
         1203.000000  -219252.433059 -1933774.604450  -305148.316650
         1203.125000  -219251.988156 -1933774.195097  -305148.414072
         1203.218750  -219251.318884 -1933774.047915  -305148.588467
         1203.312500  -219251.094516 -1933773.927980  -305148.342958
         1203.406250  -219250.425245 -1933773.589745  -305148.356112
         1203.500000  -219250.200877 -1933773.469810  -305148.110604
         1203.625000  -219249.531606 -1933772.940521  -305147.962517
         1203.718750  -219249.303404 -1933772.990069  -305147.128569
         1203.812500  -219249.079035 -1933772.870134  -305146.883061
         1203.906250  -219248.630299 -1933772.630264  -305146.392044
         1204.000000  -219248.181562 -1933772.390394  -305145.901027
         1204.125000  -219247.736660 -1933771.981040  -305145.998449
         1204.218750  -219247.291757 -1933771.380633  -305145.934630
         1204.312500  -219246.622485 -1933771.042398  -305145.947784
         1204.406250  -219246.398117 -1933770.731409  -305145.541035
         1204.500000  -219245.728846 -1933770.202121  -305145.392948
         1204.625000  -219245.283943 -1933769.792767  -305145.490371
         1204.718750  -219245.059575 -1933769.481779  -305145.083621
         1204.812500  -219244.390304 -1933768.952490  -305144.935535
         1204.906250  -219243.945401 -1933768.543136  -305145.032957
         1205.000000  -219243.500498 -1933767.942729  -305144.969138
         1205.125000  -219243.055595 -1933767.342322  -305144.905320
         1205.218750  -219242.610692 -1933766.932969  -305145.002742
         1205.312500  -219241.941421 -1933766.403680  -305144.854655
         1205.406250  -219241.496518 -1933765.803273  -305144.790837
         1205.500000  -219241.051615 -1933765.202866  -305144.727018
         1205.625000  -219240.606712 -1933764.793513  -305144.824440
         1205.718750  -219240.161809 -1933764.193106  -305144.760621
         1205.812500  -219239.716906 -1933763.592699  -305144.696803
         1205.906250  -219239.272003 -1933762.992292  -305144.632984
         1206.000000  -219238.827100 -1933762.391885  -305144.569165
         1206.125000  -219238.602732 -1933762.080896  -305144.162416
         1206.218750  -219238.157829 -1933761.480489  -305144.098597
         1206.312500  -219237.937294 -1933760.808964  -305144.119047
         1206.406250  -219237.492391 -1933760.208557  -305144.055228
         1206.500000  -219237.047488 -1933759.608150  -305143.991409
         1206.625000  -219236.823120 -1933759.106108  -305143.423419
         1206.718750  -219236.378217 -1933758.505701  -305143.359601
         1206.812500  -219235.933314 -1933758.096348  -305143.457023
         1206.906250  -219235.712779 -1933757.233769  -305143.316231
         1207.000000  -219235.043508 -1933756.704480  -305143.168145
         1207.125000  -219234.598605 -1933756.104073  -305143.104326
         1207.218750  -219233.933167 -1933755.214248  -305143.383438
         1207.312500  -219233.488264 -1933754.613841  -305143.319619
         1207.406250  -219232.818993 -1933754.084552  -305143.171533
         1207.500000  -219232.374090 -1933753.484145  -305143.107714
         1207.625000  -219231.929187 -1933752.883738  -305143.043896
         1207.718750  -219231.263750 -1933751.802859  -305143.161767
         1207.812500  -219230.818847 -1933751.202452  -305143.097948
         1207.906250  -219230.373944 -1933750.602045  -305143.034130
         1208.000000  -219230.149576 -1933750.291057  -305142.627380
         1208.125000  -219229.484138 -1933749.210178  -305142.745252
         1208.218750  -219228.814867 -1933748.680889  -305142.597165
         1208.312500  -219228.369964 -1933748.080482  -305142.533347
         1208.406250  -219227.925061 -1933747.480075  -305142.469528
         1208.500000  -219227.480158 -1933746.879668  -305142.405709
         1208.625000  -219227.035255 -1933746.088208  -305142.180650
         1208.718750  -219226.590352 -1933745.487801  -305142.116831
         1208.812500  -219226.365984 -1933745.176812  -305141.710082
         1208.906250  -219225.921081 -1933744.576405  -305141.646263
         1209.000000  -219225.038942 -1933743.991892  -305143.501708
         1209.125000  -219224.597873 -1933743.222002  -305144.026329
         1209.218750  -219224.156803 -1933742.643165  -305144.712190
         1209.312500  -219223.936268 -1933742.162693  -305144.893880
         1209.406250  -219223.266997 -1933741.633405  -305144.745793
         1209.500000  -219220.377045 -1933740.798400  -305147.285664
         1209.625000  -219224.597873 -1933741.311467  -305142.413921
         1209.718750  -219225.054276 -1933740.448157  -305143.436854
         1209.812500  -219225.054276 -1933740.257104  -305143.275613
         1209.906250  -219225.278644 -1933739.994932  -305143.198640
         1210.000000  -219226.392819 -1933739.787253  -305142.281860
         1210.125000  -219226.879890 -1933736.230702  -305146.883622
         1210.218750  -219228.218433 -1933736.142959  -305146.212350
         1210.312500  -219228.438968 -1933736.050270  -305145.546938
         1210.406250  -219229.108239 -1933736.006398  -305145.211302
         1210.500000  -219231.568622 -1933737.282544  -305146.412537
         1210.625000  -219232.400925 -1933741.407715  -305138.036067
         1210.718750  -219232.845828 -1933741.243908  -305137.454923
         1210.812500  -219230.830347 -1933740.759222  -305136.478748
         1210.906250  -219229.932874 -1933740.852642  -305135.980436
         1211.000000  -219229.708506 -1933740.541654  -305135.573687
         1211.125000  -219229.708506 -1933740.350600  -305135.412446
         1211.218750  -219229.929041 -1933740.448965  -305134.908274
         1211.312500  -219229.480304 -1933740.209095  -305134.417257
         1211.406250  -219229.476471 -1933740.378578  -305133.828818
         1211.500000  -219229.472637 -1933740.548061  -305133.240379
         1211.625000  -219229.472637 -1933740.548061  -305133.240379
         1211.718750  -219229.248269 -1933740.619180  -305133.156111
         1211.812500  -219229.027734 -1933740.329761  -305133.499042
         1211.906250  -219229.027734 -1933740.138708  -305133.337801
         1212.000000  -219230.138075 -1933739.909459  -305131.671341
         1212.125000  -219228.586665 -1933739.368818  -305133.862422
         1212.218750  -219230.141908 -1933739.357869  -305131.937299
         1212.312500  -219230.141908 -1933739.166815  -305131.776058
         1212.406250  -219228.814867 -1933738.937163  -305134.373888
         1212.500000  -219228.814867 -1933738.746109  -305134.212647
         1212.625000  -219225.936415 -1933738.357922  -305139.324039
         1212.718750  -219226.156950 -1933738.265233  -305138.658627
         1212.812500  -219226.156950 -1933738.265233  -305138.658627
         1212.906250  -219226.377484 -1933738.554652  -305138.315696
         1213.000000  -219226.156950 -1933738.456287  -305138.819868
         1213.125000  -219226.156950 -1933738.265233  -305138.658627
         1213.218750  -219226.377484 -1933738.363598  -305138.154455
         1213.312500  -219226.156950 -1933738.265233  -305138.658627
         1213.406250  -219226.826221 -1933738.603468  -305138.645473
         1213.500000  -219226.156950 -1933738.456287  -305138.819868
         1213.625000  -219226.156950 -1933738.456287  -305138.819868
         1213.718750  -219226.160783 -1933738.286803  -305139.408307
         1213.812500  -219226.830054 -1933738.625038  -305139.395153
         1213.906250  -219229.514806 -1933739.256906  -305140.196933
         1214.000000  -219229.735341 -1933739.355271  -305139.692761
         1214.125000  -219229.510973 -1933739.426389  -305139.608493
         1214.218750  -219229.286604 -1933739.497507  -305139.524225
         1214.312500  -219229.286604 -1933739.497507  -305139.524225
         1214.406250  -219229.286604 -1933739.497507  -305139.524225
         1214.500000  -219228.617333 -1933739.541379  -305139.859861
         1214.625000  -219229.062236 -1933739.377572  -305139.278717
         1214.718750  -219229.058403 -1933739.738109  -305138.851518
         1214.812500  -219229.282771 -1933739.475937  -305138.774546
         1214.906250  -219229.723840 -1933739.863720  -305137.927443
         1215.000000  -219228.834034 -1933739.809227  -305138.767251
         1215.125000  -219228.613500 -1933739.519809  -305139.110181
         1215.218750  -219228.837868 -1933739.639744  -305139.355690
         1215.312500  -219234.822973 -1933740.366571  -305129.966854
         1215.406250  -219234.598605 -1933740.246635  -305129.721345
         1215.500000  -219235.043508 -1933740.464935  -305129.462683
         1215.625000  -219235.043508 -1933740.273882  -305129.301442
         1215.718750  -219235.043508 -1933740.273882  -305129.301442
         1215.812500  -219234.819140 -1933740.536054  -305129.378415
         1215.906250  -219234.819140 -1933740.345000  -305129.217174
         1216.000000  -219234.819140 -1933740.536054  -305129.378415
         1216.125000  -219235.039674 -1933740.634419  -305128.874243
         1216.218750  -219234.594772 -1933740.416119  -305129.132906
         1216.312500  -219234.815306 -1933740.514484  -305128.628735
         1216.406250  -219234.815306 -1933740.514484  -305128.628735
         1216.500000  -219235.035841 -1933740.612849  -305128.124563
         1216.625000  -219234.811473 -1933740.683967  -305128.040296
         1216.718750  -219234.811473 -1933740.492913  -305127.879055
         1216.812500  -219234.807639 -1933740.662397  -305127.290616
         1216.906250  -219234.807639 -1933740.662397  -305127.290616
         1217.000000  -219234.807639 -1933740.662397  -305127.290616
         1217.125000  -219234.807639 -1933740.662397  -305127.290616
         1217.218750  -219234.583271 -1933740.733515  -305127.206348
         1217.312500  -219234.583271 -1933740.733515  -305127.206348
         1217.406250  -219234.583271 -1933740.733515  -305127.206348
         1217.500000  -219234.358903 -1933740.804633  -305127.122080
         1217.625000  -219234.358903 -1933740.804633  -305127.122080
         1217.718750  -219234.358903 -1933740.804633  -305127.122080
         1217.812500  -219234.358903 -1933740.804633  -305127.122080
         1217.906250  -219234.358903 -1933740.804633  -305127.122080
         1218.000000  -219234.134534 -1933740.875752  -305127.037812
         1218.125000  -219234.134534 -1933740.875752  -305127.037812
         1218.218750  -219234.134534 -1933740.875752  -305127.037812
         1218.312500  -219233.689631 -1933740.848505  -305127.457716
         1218.406250  -219233.689631 -1933740.848505  -305127.457716
         1218.500000  -219233.465263 -1933740.919624  -305127.373448
         1218.625000  -219233.465263 -1933740.919624  -305127.373448
         1218.718750  -219233.465263 -1933740.919624  -305127.373448
         1218.812500  -219233.465263 -1933740.919624  -305127.373448
         1218.906250  -219233.465263 -1933740.919624  -305127.373448
         1219.000000  -219233.240895 -1933740.990742  -305127.289180
         1219.125000  -219233.240895 -1933740.799688  -305127.127939
         1219.218750  -219232.795992 -1933740.581388  -305127.386602
         1219.312500  -219232.571624 -1933740.461453  -305127.141094
         1219.406250  -219232.571624 -1933740.461453  -305127.141094
         1219.500000  -219232.571624 -1933740.270400  -305126.979853
         1219.625000  -219232.347255 -1933740.150465  -305126.734344
         1219.718750  -219231.902353 -1933739.932165  -305126.993007
         1219.812500  -219231.677984 -1933739.621176  -305126.586258
         1219.906250  -219231.677984 -1933739.430123  -305126.425017
         1220.000000  -219231.233081 -1933739.211823  -305126.683680
         1220.125000  -219231.008713 -1933738.900834  -305126.276931
         1220.218750  -219230.784345 -1933738.780899  -305126.031422
         1220.312500  -219230.339442 -1933738.371545  -305126.128844
         1220.406250  -219230.115074 -1933738.251610  -305125.883336
         1220.500000  -219229.890705 -1933737.940622  -305125.476586
         1220.625000  -219229.890705 -1933737.749568  -305125.315345
         1220.718750  -219229.445802 -1933737.149161  -305125.251527
         1220.812500  -219229.221434 -1933737.029226  -305125.006018
         1220.906250  -219228.776531 -1933736.619873  -305125.103440
         1221.000000  -219228.552163 -1933736.308884  -305124.696691
         1221.125000  -219228.327795 -1933735.997895  -305124.289942
         1221.218750  -219228.107260 -1933735.517424  -305124.471632
         1221.312500  -219227.882892 -1933735.206435  -305124.064882
         1221.406250  -219227.437989 -1933734.606028  -305124.001064
         1221.500000  -219226.989252 -1933734.557211  -305123.671287
         1221.625000  -219226.989252 -1933734.175104  -305123.348806
         1221.718750  -219226.544349 -1933733.574697  -305123.284987
         1221.812500  -219226.319981 -1933733.454762  -305123.039479
         1221.906250  -219225.875078 -1933732.854355  -305122.975660
         1222.000000  -219225.650710 -1933732.543367  -305122.568911
         1222.125000  -219225.205807 -1933731.942960  -305122.505092
         1222.218750  -219224.981439 -1933731.823025  -305122.259583
         1222.312500  -219224.536536 -1933731.222618  -305122.195765
         1222.406250  -219224.091633 -1933730.813264  -305122.293187
         1222.500000  -219223.867265 -1933730.502276  -305121.886438
         1222.625000  -219223.422362 -1933729.901869  -305121.822619
         1222.718750  -219223.197993 -1933729.590880  -305121.415870
         1222.812500  -219222.753090 -1933729.181526  -305121.513292
         1222.906250  -219222.308187 -1933728.581119  -305121.449473
         1223.000000  -219222.083819 -1933728.270131  -305121.042724
         1223.125000  -219221.638916 -1933727.860777  -305121.140146
         1223.218750  -219221.190180 -1933727.620907  -305120.649129
         1223.312500  -219220.524742 -1933727.113189  -305121.250722
         1223.406250  -219219.855471 -1933726.774954  -305121.263876
         1223.500000  -219219.410568 -1933726.365600  -305121.361299
         1223.625000  -219218.741297 -1933725.836311  -305121.213212
         1223.718750  -219218.296394 -1933725.426958  -305121.310634
         1223.812500  -219217.627123 -1933725.088723  -305121.323788
         1223.906250  -219217.182220 -1933724.679369  -305121.421210
         1224.000000  -219216.737317 -1933724.270016  -305121.518633
         1224.125000  -219216.068045 -1933723.740727  -305121.370546
         1224.218750  -219215.623143 -1933723.331374  -305121.467968
         1224.312500  -219214.953871 -1933722.993138  -305121.481122
         1224.406250  -219214.508968 -1933722.583785  -305121.578545
         1224.500000  -219213.839697 -1933722.245550  -305121.591699
         1224.625000  -219213.394794 -1933721.645143  -305121.527880
         1224.718750  -219212.725523 -1933721.306908  -305121.541034
         1224.812500  -219212.280620 -1933720.897554  -305121.638456
         1224.906250  -219211.611349 -1933720.559319  -305121.651611
         1225.000000  -219211.166446 -1933720.149965  -305121.749033
         1225.125000  -219210.717709 -1933720.101149  -305121.419256
         1225.218750  -219210.048438 -1933719.762913  -305121.432411
         1225.312500  -219209.603535 -1933719.353560  -305121.529833
         1225.406250  -219208.934264 -1933719.015325  -305121.542987
         1225.500000  -219208.264993 -1933718.677090  -305121.556141
         1225.625000  -219207.595722 -1933718.338854  -305121.569295
         1225.718750  -219207.150819 -1933717.929501  -305121.666718
         1225.812500  -219206.702082 -1933717.689631  -305121.175700
         1225.906250  -219206.032811 -1933717.351396  -305121.188855
         1226.000000  -219205.587908 -1933716.942042  -305121.286277
         1226.125000  -219204.918637 -1933716.603807  -305121.299431
         1226.218750  -219204.249366 -1933716.265572  -305121.312585
         1226.312500  -219203.800629 -1933716.216755  -305120.982809
         1226.406250  -219203.131358 -1933715.878520  -305120.995963
         1226.500000  -219202.686455 -1933715.469166  -305121.093385
         1226.625000  -219202.017184 -1933715.130931  -305121.106539
         1226.718750  -219201.347913 -1933714.792696  -305121.119694
         1226.812500  -219200.678641 -1933714.645514  -305121.294089
         1226.906250  -219200.009370 -1933714.307279  -305121.307243
         1227.000000  -219199.564467 -1933713.897926  -305121.404665
         1227.125000  -219198.895196 -1933713.750744  -305121.579060
         1227.218750  -219198.225925 -1933713.412509  -305121.592214
         1227.312500  -219197.781022 -1933713.003155  -305121.689636
         1227.406250  -219197.111751 -1933712.855973  -305121.864031
         1227.500000  -219196.442480 -1933712.517738  -305121.877185
         1227.625000  -219195.777042 -1933712.010020  -305122.478779
         1227.718750  -219195.107771 -1933711.862838  -305122.653174
         1227.812500  -219194.442333 -1933711.355120  -305123.254767
         1227.906250  -219193.773062 -1933711.016885  -305123.267922
         1228.000000  -219193.328159 -1933710.798584  -305123.526584
         1228.125000  -219192.662721 -1933710.290866  -305124.128178
         1228.218750  -219191.993450 -1933710.143684  -305124.302573
         1228.312500  -219191.328012 -1933709.444912  -305124.742926
         1228.406250  -219190.658741 -1933709.297731  -305124.917321
         1228.500000  -219189.993303 -1933708.790012  -305125.518914
         1228.625000  -219189.324032 -1933708.642831  -305125.693309
         1228.718750  -219188.658595 -1933708.135112  -305126.294902
         1228.812500  -219187.989323 -1933707.987930  -305126.469297
         1228.906250  -219187.099518 -1933707.551330  -305126.986623
         1229.000000  -219186.654615 -1933707.333030  -305127.245286
         1229.125000  -219185.985343 -1933706.994795  -305127.258440
         1229.218750  -219185.319906 -1933706.487077  -305127.860034
         1229.312500  -219184.650635 -1933706.339895  -305128.034429
         1229.406250  -219183.985197 -1933705.832176  -305128.636022
         1229.500000  -219183.315926 -1933705.684995  -305128.810417
         1229.625000  -219182.426120 -1933705.248395  -305129.327743
         1229.718750  -219181.981217 -1933704.839041  -305129.425165
         1229.812500  -219181.091411 -1933704.402441  -305129.942490
         1229.906250  -219180.646508 -1933704.184141  -305130.201153
         1230.000000  -219179.756702 -1933703.747541  -305130.718479
         1230.125000  -219179.087431 -1933703.600359  -305130.892874
         1230.218750  -219178.642528 -1933703.191006  -305130.990296
         1230.312500  -219177.752722 -1933702.754406  -305131.507622
         1230.406250  -219177.083451 -1933702.607224  -305131.682016
         1230.500000  -219176.638548 -1933702.197870  -305131.779439
         1230.625000  -219175.748742 -1933701.761270  -305132.296764
         1230.718750  -219175.079471 -1933701.423035  -305132.309918
         1230.812500  -219174.410200 -1933701.275853  -305132.484313
         1230.906250  -219173.740928 -1933700.937618  -305132.497468
         1231.000000  -219173.075491 -1933700.429900  -305133.099061
         1231.125000  -219172.406219 -1933700.282718  -305133.273456
         1231.218750  -219171.736948 -1933699.944483  -305133.286610
         1231.312500  -219171.067677 -1933699.606248  -305133.299765
         1231.406250  -219170.622774 -1933699.387948  -305133.558427
         1231.500000  -219169.732968 -1933698.951348  -305134.075753
         1231.625000  -219169.063697 -1933698.613112  -305134.088907
         1231.718750  -219168.394426 -1933698.465931  -305134.263302
         1231.812500  -219167.949523 -1933698.056577  -305134.360724
         1231.906250  -219167.059717 -1933697.619977  -305134.878050
         1232.000000  -219166.390446 -1933697.281742  -305134.891204
         1232.125000  -219165.721175 -1933697.134560  -305135.065599
         1232.218750  -219165.055737 -1933696.435788  -305135.505952
         1232.312500  -219164.386466 -1933696.288607  -305135.680347
         1232.406250  -219163.717195 -1933695.950372  -305135.693501
         1232.500000  -219163.047923 -1933695.803190  -305135.867896
         1232.625000  -219162.378652 -1933695.464955  -305135.881050
         1232.718750  -219161.488846 -1933695.028355  -305136.398376
         1232.812500  -219161.040110 -1933694.979538  -305136.068600
         1232.906250  -219160.146470 -1933694.903474  -305136.158727
         1233.000000  -219159.477199 -1933694.565239  -305136.171881
         1233.125000  -219158.807928 -1933694.227004  -305136.185035
         1233.218750  -219157.914288 -1933694.150941  -305136.275162
         1233.312500  -219157.020649 -1933693.883824  -305136.204049
         1233.406250  -219156.571912 -1933693.835007  -305135.874272
         1233.500000  -219155.678273 -1933693.758944  -305135.964400
         1233.625000  -219155.009002 -1933693.420709  -305135.977554
         1233.718750  -219154.115362 -1933693.344645  -305136.067681
         1233.812500  -219153.442258 -1933693.366947  -305135.653637
         1233.906250  -219152.772986 -1933693.028712  -305135.666791
         1234.000000  -219152.099882 -1933693.242067  -305135.413987
         1234.125000  -219151.206242 -1933693.166004  -305135.504115
         1234.218750  -219150.536971 -1933692.827768  -305135.517269
         1234.312500  -219149.863866 -1933693.041123  -305135.264465
         1234.406250  -219148.970227 -1933692.965060  -305135.354592
         1234.500000  -219148.521490 -1933692.916243  -305135.024816
         1234.625000  -219147.627851 -1933693.031233  -305135.276184
         1234.718750  -219146.734211 -1933692.764117  -305135.205070
         1234.812500  -219145.840572 -1933692.688053  -305135.295197
         1234.906250  -219145.167467 -1933692.901408  -305135.042394
         1235.000000  -219144.498196 -1933692.945280  -305135.378030
         1235.125000  -219143.604557 -1933692.869217  -305135.468157
         1235.218750  -219142.931452 -1933693.082572  -305135.215353
         1235.312500  -219142.037812 -1933693.006508  -305135.305480
         1235.406250  -219141.144173 -1933692.930445  -305135.395607
         1235.500000  -219140.471068 -1933693.143800  -305135.142804
         1235.625000  -219139.801797 -1933693.187672  -305135.478440
         1235.718750  -219138.908158 -1933693.111609  -305135.568567
         1235.812500  -219138.235053 -1933693.324964  -305135.315763
         1235.906250  -219137.341413 -1933693.439954  -305135.567131
         1236.000000  -219136.447774 -1933693.363890  -305135.657258
         1236.125000  -219135.774669 -1933693.768299  -305135.565696
         1236.218750  -219134.881030 -1933693.692236  -305135.655823
         1236.312500  -219133.987390 -1933693.616172  -305135.745950
         1236.406250  -219133.314285 -1933694.020581  -305135.654387
         1236.500000  -219132.641181 -1933694.233936  -305135.401584
         1236.625000  -219131.747541 -1933694.348926  -305135.652951
         1236.718750  -219130.853902 -1933694.463916  -305135.904319
         1236.812500  -219130.180797 -1933694.677271  -305135.651516
         1236.906250  -219129.287158 -1933694.792261  -305135.902884
         1237.000000  -219128.393518 -1933694.907251  -305136.154251
         1237.125000  -219127.720413 -1933695.311660  -305136.062689
         1237.218750  -219126.826774 -1933695.235597  -305136.152816
         1237.312500  -219126.153669 -1933695.640005  -305136.061253
         1237.406250  -219125.260030 -1933695.754995  -305136.312621
         1237.500000  -219124.362557 -1933696.230522  -305136.136790
         1237.625000  -219123.693286 -1933696.274394  -305136.472426
         1237.718750  -219122.795813 -1933696.749921  -305136.296595
         1237.812500  -219121.902173 -1933696.864911  -305136.547963
         1237.906250  -219121.229068 -1933697.269319  -305136.456400
         1238.000000  -219120.335429 -1933697.384310  -305136.707768
         1238.125000  -219119.662324 -1933697.788718  -305136.616206
         1238.218750  -219118.768685 -1933697.903708  -305136.867573
         1238.312500  -219118.095580 -1933698.308117  -305136.776011
         1238.406250  -219117.201941 -1933698.423107  -305137.027378
         1238.500000  -219116.528836 -1933698.827515  -305136.935816
         1238.625000  -219115.635196 -1933698.942505  -305137.187184
         1238.718750  -219114.737723 -1933699.418032  -305137.011353
         1238.812500  -219113.844084 -1933699.724076  -305137.423962
         1238.906250  -219113.170979 -1933700.128484  -305137.332399
         1239.000000  -219112.277340 -1933700.243475  -305137.583767
         1239.125000  -219111.604235 -1933700.647883  -305137.492204
         1239.218750  -219110.710596 -1933700.762873  -305137.743572
         1239.312500  -219110.037491 -1933701.358335  -305137.813250
         1239.406250  -219109.143851 -1933701.473325  -305138.064618
         1239.500000  -219108.470747 -1933702.068787  -305138.134295
         1239.625000  -219107.577107 -1933702.183777  -305138.385663
         1239.718750  -219106.904002 -1933702.588186  -305138.294101
         1239.812500  -219106.230898 -1933703.183648  -305138.363778
         1239.906250  -219105.337258 -1933703.298638  -305138.615146
         1240.000000  -219104.664153 -1933703.894100  -305138.684824
         1240.125000  -219103.770514 -1933704.009090  -305138.936192
         1240.218750  -219103.097409 -1933704.413499  -305138.844629
         1240.312500  -219102.424304 -1933705.008961  -305138.914307
         1240.406250  -219101.530665 -1933705.123951  -305139.165675
         1240.500000  -219100.857560 -1933705.528359  -305139.074112
         1240.625000  -219099.963921 -1933705.834403  -305139.486721
         1240.718750  -219099.290816 -1933706.238812  -305139.395158
         1240.812500  -219098.397177 -1933706.544855  -305139.807767
         1240.906250  -219097.724072 -1933706.949264  -305139.716204
         1241.000000  -219097.050967 -1933707.544726  -305139.785882
         1241.125000  -219096.157328 -1933707.659716  -305140.037250
         1241.218750  -219095.259855 -1933708.326296  -305140.022660
         1241.312500  -219095.031653 -1933708.757951  -305139.511194
         1241.406250  -219094.582916 -1933709.282295  -305139.665139
         1241.500000  -219093.685443 -1933709.757822  -305139.489309
         1241.625000  -219093.236707 -1933710.091112  -305139.482014
         1241.718750  -219092.339234 -1933710.757692  -305139.467424
         1241.812500  -219091.666129 -1933711.162101  -305139.375861
         1241.906250  -219090.772490 -1933711.468144  -305139.788470
         1242.000000  -219090.099385 -1933712.063606  -305139.858148
         1242.125000  -219089.201912 -1933712.539133  -305139.682317
         1242.218750  -219088.528807 -1933713.134595  -305139.751995
         1242.312500  -219087.635168 -1933713.440639  -305140.164604
         1242.406250  -219086.737695 -1933714.107219  -305140.150014
         1242.500000  -219085.840222 -1933714.582746  -305139.974183
         1242.625000  -219084.946582 -1933714.888790  -305140.386792
         1242.718750  -219084.273478 -1933715.484252  -305140.456470
         1242.812500  -219083.376005 -1933716.150832  -305140.441880
         1242.906250  -219082.257997 -1933716.527994  -305140.770221
         1243.000000  -219081.139989 -1933716.905156  -305141.098561
         1243.125000  -219080.242516 -1933717.571736  -305141.083971
         1243.218750  -219079.345043 -1933718.238316  -305141.069381
         1243.312500  -219078.227035 -1933718.806532  -305141.558963
         1243.406250  -219077.774465 -1933719.500359  -305141.124470
         1243.500000  -219076.656458 -1933719.877521  -305141.452810
         1243.625000  -219075.758985 -1933720.544101  -305141.438220
         1243.718750  -219074.640977 -1933721.112317  -305141.927802
         1243.812500  -219073.522969 -1933721.489478  -305142.256143
         1243.906250  -219072.625496 -1933722.347112  -305142.402793
         1244.000000  -219071.728023 -1933723.013693  -305142.388204
         1244.125000  -219070.385647 -1933723.461973  -305142.632277
         1244.218750  -219069.488174 -1933724.128553  -305142.617687
         1244.312500  -219068.370167 -1933724.696769  -305143.107268
         1244.406250  -219067.472694 -1933725.363349  -305143.092678
         1244.500000  -219066.575221 -1933726.029929  -305143.078088
         1244.625000  -219065.677748 -1933726.696510  -305143.063498
         1244.718750  -219064.335372 -1933727.335843  -305143.468812
         1244.812500  -219063.437899 -1933728.002424  -305143.454222
         1244.906250  -219062.095523 -1933728.641758  -305143.859536
         1245.000000  -219060.753147 -1933729.281091  -305144.264849
         1245.125000  -219059.855674 -1933729.947672  -305144.250260
         1245.218750  -219058.958201 -1933730.805305  -305144.396910
         1245.312500  -219057.840193 -1933731.182467  -305144.725251
         1245.406250  -219057.163255 -1933732.138466  -305144.367731
         1245.500000  -219055.372142 -1933733.302144  -305144.926990
         1245.625000  -219054.254135 -1933733.870359  -305145.416572
         1245.718750  -219053.577196 -1933735.017411  -305145.220292
         1245.812500  -219059.583492 -1933754.017354  -305112.629241
         1245.906250  -219058.039749 -1933752.946692  -305115.835959
         1246.000000  -219057.803880 -1933754.290474  -305114.631336
         1246.125000  -219057.332142 -1933756.786985  -305112.060851
         1246.218750  -219056.659038 -1933757.382447  -305112.130529
         1246.312500  -219049.565403 -1933736.639586  -305149.112471
         1246.406250  -219048.455062 -1933736.677782  -305150.617690
         1246.500000  -219047.565256 -1933737.005395  -305151.779979
         1246.625000  -219046.892152 -1933737.600857  -305151.849657
         1246.718750  -219046.443415 -1933738.125201  -305152.003603
         1246.812500  -219045.994679 -1933738.649545  -305152.157548
         1246.906250  -219045.545942 -1933739.173888  -305152.311494
         1247.000000  -219045.097206 -1933739.698232  -305152.465440
         1247.125000  -219044.869004 -1933740.320940  -305152.115214
         1247.218750  -219044.420267 -1933740.654231  -305152.107919
         1247.312500  -219044.416434 -1933741.205821  -305151.841962
         1247.406250  -219044.192065 -1933741.659046  -305152.080175
         1247.500000  -219043.747162 -1933741.631800  -305152.500079
         1247.625000  -219043.522794 -1933742.085025  -305152.738292
         1247.718750  -219043.294592 -1933742.707733  -305152.388067
         1247.812500  -219043.070224 -1933742.969905  -305152.465040
         1247.906250  -219042.845856 -1933743.232077  -305152.542013
         1248.000000  -219042.621488 -1933743.685302  -305152.780226
         1248.125000  -219042.397119 -1933743.947474  -305152.857199
         1248.218750  -219042.393286 -1933744.499064  -305152.591241
         1248.312500  -219042.168918 -1933744.761236  -305152.668214
         1248.406250  -219042.165084 -1933745.312826  -305152.402256
         1248.500000  -219042.161251 -1933746.055470  -305152.297539
         1248.625000  -219041.712514 -1933746.388760  -305152.290244
         1248.718750  -219041.708681 -1933747.131404  -305152.185527
         1248.812500  -219041.480479 -1933747.754113  -305151.835302
         1248.906250  -219041.252277 -1933748.376821  -305151.485076
         1249.000000  -219041.248443 -1933749.119465  -305151.380359
         1249.125000  -219041.020242 -1933749.933227  -305151.191374
         1249.218750  -219040.795873 -1933750.195399  -305151.268347
         1249.312500  -219040.567672 -1933751.009161  -305151.079362
         1249.406250  -219040.563838 -1933751.751804  -305150.974645
         1249.500000  -219040.115101 -1933752.085095  -305150.967350
         1249.625000  -219040.111268 -1933752.827738  -305150.862633
         1249.718750  -219039.883066 -1933753.641500  -305150.673648
         1249.812500  -219039.434330 -1933754.165844  -305150.827594
         1249.906250  -219039.430496 -1933754.908488  -305150.722877
         1250.000000  -219038.981760 -1933755.432831  -305150.876823
         1250.125000  -219038.753558 -1933756.246593  -305150.687838
         1250.218750  -219038.529190 -1933756.699819  -305150.926052
         1250.312500  -219038.300988 -1933757.513581  -305150.737067
         1250.406250  -219038.297154 -1933758.256224  -305150.632350
         1250.500000  -219038.072786 -1933758.709450  -305150.870563
         1250.625000  -219037.848418 -1933759.162675  -305151.108777
         1250.718750  -219037.620216 -1933759.976437  -305150.919792
         1250.812500  -219037.395848 -1933760.429662  -305151.158006
         1250.906250  -219037.392014 -1933761.172306  -305151.053289
         1251.000000  -219037.167646 -1933761.625531  -305151.291502
         1251.125000  -219036.718909 -1933762.149875  -305151.445448
         1251.218750  -219036.715076 -1933762.892519  -305151.340731
         1251.312500  -219036.715076 -1933763.274625  -305151.663213
         1251.406250  -219036.490708 -1933763.727851  -305151.901426
         1251.500000  -219036.262506 -1933764.541613  -305151.712441
         1251.625000  -219036.038138 -1933764.994838  -305151.950655
         1251.718750  -219036.034304 -1933765.737482  -305151.845938
         1251.812500  -219036.034304 -1933766.119589  -305152.168419
         1251.906250  -219035.357366 -1933766.502427  -305151.327177
         1252.000000  -219035.129164 -1933766.934082  -305150.815710
         1252.125000  -219034.250859 -1933767.517460  -305154.388280
         1252.218750  -219034.900962 -1933767.747844  -305150.626726
         1252.312500  -219035.349699 -1933768.178768  -305151.278983
         1252.406250  -219035.125330 -1933768.440940  -305151.355956
         1252.500000  -219034.459893 -1933768.888489  -305152.763753
         1252.625000  -219034.459893 -1933769.079542  -305152.924994
         1252.718750  -219034.014990 -1933769.243349  -305153.506138
         1252.812500  -219035.121497 -1933769.756744  -305151.734961
         1252.906250  -219035.342032 -1933769.855109  -305151.230790
         1253.000000  -219035.562566 -1933770.144527  -305150.887859
         1253.125000  -219035.779267 -1933770.603429  -305149.956490
         1253.218750  -219035.999802 -1933770.701794  -305149.452318
         1253.312500  -219036.220337 -1933770.991212  -305149.109387
         1253.406250  -219036.216503 -1933771.351749  -305148.682189
         1253.500000  -219036.437038 -1933771.641167  -305148.339258
         1253.625000  -219036.437038 -1933771.641167  -305148.339258
         1253.718750  -219036.657573 -1933771.930586  -305147.996328
         1253.812500  -219036.878107 -1933772.220004  -305147.653397
         1253.906250  -219037.098642 -1933772.509423  -305147.310466
         1254.000000  -219037.098642 -1933772.509423  -305147.310466
         1254.125000  -219037.319177 -1933772.798841  -305146.967536
         1254.218750  -219037.764080 -1933773.017141  -305146.708873
         1254.312500  -219037.984614 -1933773.306559  -305146.365942
         1254.406250  -219038.205149 -1933773.787031  -305146.184252
         1254.500000  -219038.650052 -1933774.005331  -305145.925590
         1254.625000  -219038.650052 -1933774.005331  -305145.925590
         1254.718750  -219039.094955 -1933774.223631  -305145.666927
         1254.812500  -219039.539858 -1933774.632985  -305145.569505
         1254.906250  -219039.536024 -1933774.802468  -305144.981065
         1255.000000  -219039.980927 -1933775.211822  -305144.883643
         1255.125000  -219040.425830 -1933775.430122  -305144.624981
         1255.218750  -219040.650199 -1933775.359003  -305144.709248
         1255.312500  -219040.870733 -1933775.839475  -305144.527558
         1255.406250  -219041.315636 -1933776.057775  -305144.268896
         1255.500000  -219041.760539 -1933776.276075  -305144.010233
         1255.625000  -219042.205442 -1933776.685429  -305143.912811
         1255.718750  -219042.650345 -1933776.903729  -305143.654148
         1255.812500  -219043.095248 -1933777.122029  -305143.395485
         1255.906250  -219043.540151 -1933777.531382  -305143.298063
         1256.000000  -219043.985054 -1933777.749683  -305143.039400
         1256.125000  -219044.429957 -1933778.159036  -305142.941978
         1256.218750  -219044.874860 -1933778.377336  -305142.683315
         1256.312500  -219045.319763 -1933778.786690  -305142.585893
         1256.406250  -219045.989034 -1933779.124925  -305142.572739
         1256.500000  -219046.433937 -1933779.343225  -305142.314076
         1256.625000  -219046.658305 -1933779.463160  -305142.559585
         1256.718750  -219047.103208 -1933779.681460  -305142.300922
         1256.812500  -219047.548111 -1933780.090813  -305142.203500
         1256.906250  -219048.217382 -1933780.429049  -305142.190346
         1257.000000  -219048.662285 -1933780.838402  -305142.092923
         1257.125000  -219048.886653 -1933780.958337  -305142.338432
         1257.218750  -219049.555925 -1933781.105519  -305142.164037
         1257.312500  -219050.000828 -1933781.514872  -305142.066615
         1257.406250  -219050.225196 -1933781.634808  -305142.312124
         1257.500000  -219050.894467 -1933781.973043  -305142.298969
         1257.625000  -219051.339370 -1933782.382396  -305142.201547
         1257.718750  -219052.008641 -1933782.720631  -305142.188393
         1257.812500  -219052.233009 -1933782.840567  -305142.433902
         1257.906250  -219052.677912 -1933783.249920  -305142.336479
         1258.000000  -219053.126649 -1933783.107683  -305142.505015
         1258.125000  -219053.571552 -1933783.708090  -305142.568834
         1258.218750  -219054.240823 -1933784.046326  -305142.555680
         1258.312500  -219054.465191 -1933783.975207  -305142.639947
         1258.406250  -219055.134463 -1933784.313442  -305142.626793
         1258.500000  -219055.579365 -1933784.722796  -305142.529371
         1258.625000  -219056.028102 -1933784.771613  -305142.859147
         1258.718750  -219056.473005 -1933785.180966  -305142.761725
         1258.812500  -219057.142276 -1933785.519201  -305142.748571
         1258.906250  -219057.366644 -1933785.639136  -305142.994080
         1259.000000  -219057.811547 -1933786.048490  -305142.896658
         1259.125000  -219058.480819 -1933786.386725  -305142.883503
         1259.218750  -219058.929555 -1933786.435542  -305143.213280
         1259.312500  -219059.374458 -1933786.844895  -305143.115858
         1259.406250  -219060.043729 -1933787.183131  -305143.102703
         1259.500000  -219060.268097 -1933787.303066  -305143.348212
         1259.625000  -219060.937369 -1933787.641301  -305143.335058
         1259.718750  -219061.382272 -1933788.241708  -305143.398876
         1259.812500  -219061.831008 -1933788.290525  -305143.728653
         1259.906250  -219062.500279 -1933788.628760  -305143.715499
         1260.000000  -219062.724648 -1933788.748695  -305143.961007
         1260.125000  -219063.393919 -1933789.086930  -305143.947853
         1260.218750  -219063.838822 -1933789.496283  -305143.850431
         1260.312500  -219064.287558 -1933789.736154  -305144.341448
         1260.406250  -219064.956829 -1933790.074389  -305144.328294
         1260.500000  -219065.181198 -1933790.194324  -305144.573802
         1260.625000  -219065.850469 -1933790.532559  -305144.560648
         1260.718750  -219066.295372 -1933790.941913  -305144.463226
         1260.812500  -219066.744108 -1933790.990729  -305144.793002
         1260.906250  -219067.413379 -1933791.328965  -305144.779848
         1261.000000  -219067.637748 -1933791.639953  -305145.186597
         1261.125000  -219068.307019 -1933791.978188  -305145.173443
         1261.218750  -219068.751922 -1933792.387542  -305145.076021
         1261.312500  -219069.200658 -1933792.436359  -305145.405797
         1261.406250  -219069.869930 -1933792.774594  -305145.392643
         1261.500000  -219070.094298 -1933792.894529  -305145.638152
         1261.625000  -219070.763569 -1933793.232764  -305145.624998
         1261.718750  -219071.432840 -1933793.570999  -305145.611843
         1261.812500  -219071.657208 -1933793.881988  -305146.018593
         1261.906250  -219072.326480 -1933794.220223  -305146.005438
         1262.000000  -219072.995751 -1933794.558458  -305145.992284
         1262.125000  -219073.444487 -1933794.607275  -305146.322061
         1262.218750  -219073.889390 -1933795.016628  -305146.224638
         1262.312500  -219074.558662 -1933795.354864  -305146.211484
         1262.406250  -219075.227933 -1933795.693099  -305146.198330
         1262.500000  -219075.676669 -1933795.932969  -305146.689347
         1262.625000  -219076.345940 -1933796.271204  -305146.676193
         1262.718750  -219076.790843 -1933796.680558  -305146.578771
         1262.812500  -219077.239580 -1933796.729374  -305146.908547
         1262.906250  -219077.908851 -1933797.067610  -305146.895393
         1263.000000  -219078.578122 -1933797.405845  -305146.882239
         1263.125000  -219078.802491 -1933797.716833  -305147.288988
         1263.218750  -219079.471762 -1933798.055068  -305147.275834
         1263.312500  -219080.141033 -1933798.393304  -305147.262679
         1263.406250  -219080.810304 -1933798.731539  -305147.249525
         1263.500000  -219081.259041 -1933798.780356  -305147.579302
         1263.625000  -219081.928312 -1933799.309644  -305147.727388
         1263.718750  -219082.597583 -1933799.647879  -305147.714234
         1263.812500  -219082.821951 -1933799.767814  -305147.959742
         1263.906250  -219083.491223 -1933800.106050  -305147.946588
         1264.000000  -219084.160494 -1933800.444285  -305147.933434
         1264.125000  -219084.829765 -1933800.782520  -305147.920280
         1264.218750  -219085.278501 -1933800.831337  -305148.250056
         1264.312500  -219085.947773 -1933801.360625  -305148.398143
         1264.406250  -219086.392676 -1933801.769979  -305148.300721
         1264.500000  -219086.841412 -1933801.818796  -305148.630497
         1264.625000  -219087.510683 -1933802.157031  -305148.617343
         1264.718750  -219088.179954 -1933802.495266  -305148.604188
         1264.812500  -219088.624857 -1933802.904619  -305148.506766
         1264.906250  -219089.073594 -1933803.144490  -305148.997783
         1265.000000  -219089.742865 -1933803.482725  -305148.984629
         1265.125000  -219090.412136 -1933803.820960  -305148.971475
         1265.218750  -219090.636505 -1933803.940895  -305149.216984
         1265.312500  -219091.305776 -1933804.279130  -305149.203829
         1265.406250  -219091.975047 -1933804.617365  -305149.190675
         1265.500000  -219092.423783 -1933804.666182  -305149.520451
         1265.625000  -219092.868686 -1933805.266589  -305149.584270
         1265.718750  -219093.537958 -1933805.604824  -305149.571116
         1265.812500  -219093.986694 -1933805.653641  -305149.900892
         1265.906250  -219094.655965 -1933805.991876  -305149.887738
         1266.000000  -219094.880334 -1933806.111811  -305150.133247
         1266.125000  -219095.549605 -1933806.641100  -305150.281333
         1266.218750  -219096.218876 -1933806.979335  -305150.268179
         1266.312500  -219096.667612 -1933807.028152  -305150.597955
         1266.406250  -219097.112515 -1933807.437505  -305150.500533
         1266.500000  -219097.561252 -1933807.677376  -305150.991550
         1266.625000  -219098.230523 -1933808.015611  -305150.978396
         1266.718750  -219098.679260 -1933808.064428  -305151.308172
         1266.812500  -219099.348531 -1933808.402663  -305151.295018
         1266.906250  -219099.793434 -1933809.003070  -305151.358837
         1267.000000  -219100.242170 -1933809.051886  -305151.688613
         1267.125000  -219100.911441 -1933809.390122  -305151.675459
         1267.218750  -219101.580713 -1933809.728357  -305151.662305
         1267.312500  -219101.805081 -1933809.848292  -305151.907813
         1267.406250  -219102.474352 -1933810.186527  -305151.894659
         1267.500000  -219103.143623 -1933810.715816  -305152.042746
         1267.625000  -219103.592360 -1933810.764632  -305152.372522
         1267.718750  -219104.261631 -1933811.102868  -305152.359368
         1267.812500  -219104.930902 -1933811.441103  -305152.346214
         1267.906250  -219105.155270 -1933811.561038  -305152.591722
         1268.000000  -219105.824542 -1933812.090327  -305152.739809
         1268.125000  -219106.493813 -1933812.428562  -305152.726654
         1268.218750  -219107.163084 -1933812.766797  -305152.713500
         1268.312500  -219107.611821 -1933812.815614  -305153.043276
         1268.406250  -219108.281092 -1933813.153849  -305153.030122
         1268.500000  -219108.725995 -1933813.563202  -305152.932700
         1268.625000  -219109.174731 -1933813.803073  -305153.423717
         1268.718750  -219109.844002 -1933814.141308  -305153.410563
         1268.812500  -219110.513274 -1933814.479543  -305153.397409
         1268.906250  -219110.962010 -1933814.528360  -305153.727185
         1269.000000  -219111.631281 -1933814.866595  -305153.714031
         1269.125000  -219112.076184 -1933815.275948  -305153.616609
         1269.218750  -219112.524921 -1933815.515819  -305154.107626
         1269.312500  -219113.194192 -1933815.854054  -305154.094472
         1269.406250  -219113.642928 -1933815.902870  -305154.424248
         1269.500000  -219114.312200 -1933816.241106  -305154.411094
         1269.625000  -219114.757103 -1933816.841513  -305154.474913
         1269.718750  -219115.205839 -1933816.890329  -305154.804689
         1269.812500  -219115.875110 -1933817.228565  -305154.791535
         1269.906250  -219116.323847 -1933817.277381  -305155.121311
         1270.000000  -219116.993118 -1933817.615616  -305155.108157
         1270.125000  -219117.438021 -1933818.024970  -305155.010735
         1270.218750  -219117.886757 -1933818.264840  -305155.501752
         1270.312500  -219118.556029 -1933818.603075  -305155.488598
         1270.406250  -219119.004765 -1933818.651892  -305155.818374
         1270.500000  -219119.449668 -1933819.252299  -305155.882193
         1270.625000  -219119.898405 -1933819.301116  -305156.211969
         1270.718750  -219120.567676 -1933819.639351  -305156.198815
         1270.812500  -219121.236947 -1933819.977586  -305156.185661
         1270.906250  -219121.685684 -1933820.026403  -305156.515437
         1271.000000  -219122.130586 -1933820.435756  -305156.418015
         1271.125000  -219122.579323 -1933820.484573  -305156.747791
         1271.218750  -219123.248594 -1933820.822808  -305156.734637
         1271.312500  -219123.693497 -1933821.232162  -305156.637215
         1271.406250  -219124.142234 -1933821.280979  -305156.966991
         1271.500000  -219124.811505 -1933821.810267  -305157.115078
         1271.625000  -219125.035873 -1933821.930202  -305157.360587
         1271.718750  -219125.705144 -1933822.268438  -305157.347432
         1271.812500  -219126.153881 -1933822.317254  -305157.677209
         1271.906250  -219126.598784 -1933822.726608  -305157.579787
         1272.000000  -219127.268055 -1933823.064843  -305157.566632
         1272.125000  -219127.716791 -1933823.113660  -305157.896409
         1272.218750  -219128.161694 -1933823.523013  -305157.798987
         1272.312500  -219128.610431 -1933823.571830  -305158.128763
         1272.406250  -219129.279702 -1933823.910065  -305158.115609
         1272.500000  -219129.724605 -1933824.319419  -305158.018187
         1272.625000  -219130.173342 -1933824.368235  -305158.347963
         1272.718750  -219130.618244 -1933824.777589  -305158.250541
         1272.812500  -219131.066981 -1933824.826406  -305158.580317
         1272.906250  -219131.511884 -1933825.235759  -305158.482895
         1273.000000  -219131.960620 -1933825.284576  -305158.812672
         1273.125000  -219132.629892 -1933825.622811  -305158.799518
         1273.218750  -219132.854260 -1933825.742746  -305159.045026
         1273.312500  -219133.523531 -1933826.080981  -305159.031872
         1273.406250  -219133.747899 -1933826.200917  -305159.277380
         1273.500000  -219134.417171 -1933826.539152  -305159.264226
         1273.625000  -219134.641539 -1933826.659087  -305159.509735
         1273.718750  -219135.310810 -1933826.997322  -305159.496581
         1273.812500  -219135.535178 -1933827.117257  -305159.742089
         1273.906250  -219136.204449 -1933827.455492  -305159.728935
         1274.000000  -219136.428818 -1933827.575427  -305159.974443
         1274.125000  -219137.098089 -1933827.913663  -305159.961289
         1274.218750  -219137.322457 -1933828.033598  -305160.206798
         1274.312500  -219137.991728 -1933828.371833  -305160.193644
         1274.406250  -219138.216097 -1933828.491768  -305160.439152
         1274.500000  -219138.885368 -1933828.830003  -305160.425998
         1274.625000  -219139.109736 -1933828.949938  -305160.671506
         1274.718750  -219139.779007 -1933829.288173  -305160.658352
         1274.812500  -219140.003375 -1933829.217055  -305160.742620
         1274.906250  -219140.672647 -1933829.746344  -305160.890706
         1275.000000  -219140.897015 -1933829.866279  -305161.136215
         1275.125000  -219141.566286 -1933830.204514  -305161.123061
         1275.218750  -219141.790654 -1933830.324449  -305161.368569
         1275.312500  -219142.239391 -1933830.182212  -305161.537105
         1275.406250  -219142.684294 -1933830.782619  -305161.600924
         1275.500000  -219143.133030 -1933830.640383  -305161.769459
         1275.625000  -219143.577933 -1933831.049736  -305161.672037
         1275.718750  -219144.026670 -1933831.098553  -305162.001814
         1275.812500  -219144.471573 -1933831.507906  -305161.904392
         1275.906250  -219144.920309 -1933831.556723  -305162.234168
         1276.000000  -219145.365212 -1933831.966077  -305162.136746
         1276.125000  -219145.589580 -1933832.086012  -305162.382254
         1276.218750  -219146.258852 -1933832.424247  -305162.369100
         1276.312500  -219146.707588 -1933832.473064  -305162.698877
         1276.406250  -219147.152491 -1933832.882417  -305162.601455
         1276.500000  -219147.376859 -1933833.002352  -305162.846963
         1276.625000  -219147.825596 -1933833.051169  -305163.176740
         1276.718750  -219148.270499 -1933833.460523  -305163.079317
         1276.812500  -219148.939770 -1933833.798758  -305163.066163
         1276.906250  -219149.164138 -1933833.727639  -305163.150431
         1277.000000  -219149.833409 -1933834.065875  -305163.137277
         1277.125000  -219150.057778 -1933834.185810  -305163.382785
         1277.218750  -219150.727049 -1933834.524045  -305163.369631
         1277.312500  -219150.951417 -1933834.643980  -305163.615140
         1277.406250  -219151.400154 -1933834.692797  -305163.944916
         1277.500000  -219151.845057 -1933835.102150  -305163.847494
         1277.625000  -219152.514328 -1933835.440385  -305163.834340
         1277.718750  -219152.738696 -1933835.560321  -305164.079848
         1277.812500  -219153.407967 -1933835.898556  -305164.066694
         1277.906250  -219153.632335 -1933836.018491  -305164.312203
         1278.000000  -219154.301607 -1933836.356726  -305164.299048
         1278.125000  -219154.525975 -1933836.476661  -305164.544557
         1278.218750  -219155.195246 -1933836.814896  -305164.531403
         1278.312500  -219155.419614 -1933836.934831  -305164.776911
         1278.406250  -219155.643983 -1933837.054767  -305165.022420
         1278.500000  -219156.088886 -1933837.273067  -305164.763757
         1278.625000  -219156.088886 -1933837.082013  -305164.602516
         1278.718750  -219156.309420 -1933837.371431  -305164.259586
         1278.812500  -219156.533789 -1933837.491367  -305164.505094
         1278.906250  -219156.758157 -1933837.611302  -305164.750603
         1279.000000  -219156.982525 -1933837.540183  -305164.834871
         1279.125000  -219156.982525 -1933837.540183  -305164.834871
         1279.218750  -219157.206893 -1933837.278012  -305164.757898
         1279.312500  -219157.651796 -1933837.687365  -305164.660476
         1279.406250  -219158.556936 -1933837.828139  -305166.819388
         1279.500000  -219159.906979 -1933838.378266  -305168.880879
         1279.625000  -219158.328735 -1933837.495580  -305165.662959
         1279.718750  -219158.100533 -1933837.545128  -305164.829011
         1279.812500  -219158.324901 -1933837.282957  -305164.752038
         1279.906250  -219158.549269 -1933837.211838  -305164.836306
         1280.000000  -219159.222374 -1933837.380590  -305165.411591
         1280.125000  -219159.446742 -1933837.118418  -305165.334618
         1280.218750  -219159.671110 -1933836.856246  -305165.257646
         1280.312500  -219159.671110 -1933836.856246  -305165.257646
         1280.406250  -219159.895479 -1933836.594075  -305165.180673
         1280.500000  -219160.119847 -1933836.331903  -305165.103700
         1280.625000  -219159.678778 -1933835.944119  -305165.950802
         1280.718750  -219159.682611 -1933835.774636  -305166.539241
         1280.812500  -219160.127514 -1933835.610829  -305165.958097
         1280.906250  -219160.131348 -1933835.250293  -305166.385295
         1281.000000  -219160.355716 -1933835.179174  -305166.469563
         1281.125000  -219160.583918 -1933834.556466  -305166.819789
         1281.218750  -219161.473724 -1933834.419905  -305165.818741
         1281.312500  -219161.477557 -1933833.868315  -305166.084699
         1281.406250  -219161.922460 -1933833.895562  -305165.664795
         1281.500000  -219162.146828 -1933833.442336  -305165.426581
         1281.625000  -219162.595565 -1933833.109046  -305165.433876
         1281.718750  -219162.819933 -1933832.655821  -305165.195663
         1281.812500  -219163.268670 -1933832.322531  -305165.202958
         1281.906250  -219163.493038 -1933831.869305  -305164.964744
         1282.000000  -219163.717406 -1933831.416080  -305164.726530
         1282.125000  -219164.166143 -1933831.082790  -305164.733825
         1282.218750  -219164.390511 -1933830.629565  -305164.495612
         1282.312500  -219164.614879 -1933830.176339  -305164.257398
         1282.406250  -219164.843081 -1933829.362577  -305164.446383
         1282.500000  -219165.287984 -1933829.198770  -305163.865239
         1282.625000  -219165.516186 -1933828.385008  -305164.054224
         1282.718750  -219165.964922 -1933827.860665  -305163.900278
         1282.812500  -219166.413659 -1933827.336321  -305163.746332
         1282.906250  -219166.638027 -1933826.883096  -305163.508118
         1283.000000  -219167.086763 -1933826.358752  -305163.354173
         1283.125000  -219167.311132 -1933825.905527  -305163.115959
         1283.218750  -219167.759868 -1933825.381183  -305162.962013
         1283.312500  -219168.208605 -1933824.856840  -305162.808067
         1283.406250  -219168.436806 -1933823.852024  -305162.835812
         1283.500000  -219168.661175 -1933823.398799  -305162.597598
         1283.625000  -219169.109911 -1933822.874455  -305162.443652
         1283.718750  -219169.558648 -1933822.159058  -305162.128466
         1283.812500  -219169.783016 -1933821.705833  -305161.890252
         1283.906250  -219170.231752 -1933821.181489  -305161.736306
         1284.000000  -219170.680489 -1933820.466092  -305161.421120
         1284.125000  -219170.904857 -1933820.012867  -305161.182906
         1284.218750  -219171.353594 -1933819.488523  -305161.028960
         1284.312500  -219171.802330 -1933818.773126  -305160.713774
         1284.406250  -219172.251067 -1933818.248782  -305160.559828
         1284.500000  -219172.475435 -1933817.604504  -305160.160374
         1284.625000  -219172.924171 -1933817.080160  -305160.006428
         1284.718750  -219173.372908 -1933816.364763  -305159.691241
         1284.812500  -219173.821644 -1933815.840419  -305159.537296
         1284.906250  -219174.046013 -1933815.196141  -305159.137841
         1285.000000  -219174.494749 -1933814.480743  -305158.822655
         1285.125000  -219174.943486 -1933813.956400  -305158.668709
         1285.218750  -219175.167854 -1933813.312121  -305158.269255
         1285.312500  -219175.837125 -1933812.886142  -305157.611137
         1285.406250  -219176.285862 -1933812.361799  -305157.457192
         1285.500000  -219176.734598 -1933811.646402  -305157.142005
         1285.625000  -219176.958966 -1933811.002123  -305156.742551
         1285.718750  -219177.407703 -1933810.477779  -305156.588605
         1285.812500  -219177.856439 -1933809.762382  -305156.273418
         1285.906250  -219178.305176 -1933809.238039  -305156.119473
         1286.000000  -219178.529544 -1933808.593760  -305155.720018
         1286.125000  -219178.978281 -1933808.069416  -305155.566073
         1286.218750  -219179.427017 -1933807.354019  -305155.250886
         1286.312500  -219179.651385 -1933806.900794  -305155.012672
         1286.406250  -219180.100122 -1933806.185397  -305154.697486
         1286.500000  -219179.647552 -1933806.497117  -305153.940511
         1286.625000  -219179.868086 -1933806.404428  -305153.275099
         1286.718750  -219180.092455 -1933805.951203  -305153.036885
         1286.812500  -219180.541191 -1933805.426859  -305152.882940
         1286.906250  -219180.765559 -1933804.973634  -305152.644726
         1287.000000  -219180.989928 -1933804.711462  -305152.567753
         1287.125000  -219181.438664 -1933804.187118  -305152.413807
         1287.218750  -219181.663032 -1933803.733893  -305152.175594
         1287.312500  -219181.887401 -1933803.471721  -305152.098621
         1287.406250  -219182.111769 -1933803.209550  -305152.021648
         1287.500000  -219182.111769 -1933803.018496  -305151.860407
         1287.625000  -219182.111769 -1933803.018496  -305151.860407
         1287.718750  -219182.111769 -1933803.018496  -305151.860407
         1287.812500  -219182.336137 -1933802.756324  -305151.783434
         1287.906250  -219182.111769 -1933803.018496  -305151.860407
         1288.000000  -219182.564339 -1933802.324669  -305152.294901
         1288.125000  -219182.568173 -1933801.964132  -305152.722099
         1288.218750  -219182.572006 -1933801.603596  -305153.149297
         1288.312500  -219182.796374 -1933801.532477  -305153.233565
         1288.406250  -219182.800208 -1933801.171941  -305153.660764
         1288.500000  -219183.024576 -1933801.100822  -305153.745032
         1288.625000  -219182.807875 -1933800.450867  -305154.515161
         1288.718750  -219182.807875 -1933800.641920  -305154.676402
         1288.812500  -219183.032243 -1933800.379749  -305154.599429
         1288.906250  -219182.815542 -1933800.111900  -305155.692039
         1289.000000  -219182.815542 -1933800.111900  -305155.692039
         1289.125000  -219183.039910 -1933800.040782  -305155.776307
         1289.218750  -219183.043744 -1933799.680245  -305156.203506
         1289.312500  -219182.823209 -1933799.390827  -305156.546436
         1289.406250  -219182.823209 -1933799.581880  -305156.707677
         1289.500000  -219182.827043 -1933799.412397  -305157.296116
         1289.625000  -219182.830876 -1933799.051860  -305157.723315
         1289.718750  -219182.830876 -1933799.051860  -305157.723315
         1289.812500  -219182.834710 -1933798.882377  -305158.311754
         1289.906250  -219182.838543 -1933798.521840  -305158.738952
         1290.000000  -219182.838543 -1933798.521840  -305158.738952
         1290.125000  -219182.618009 -1933798.423475  -305159.243124
         1290.218750  -219182.621842 -1933798.062939  -305159.670322
         1290.312500  -219182.846210 -1933798.182874  -305159.915831
         1290.406250  -219182.625676 -1933797.893455  -305160.258761
         1290.500000  -219182.629509 -1933797.723972  -305160.847201
         1290.625000  -219182.408975 -1933797.434554  -305161.190131
         1290.718750  -219182.633343 -1933797.554489  -305161.435640
         1290.812500  -219182.412808 -1933797.265070  -305161.778571
         1290.906250  -219182.416642 -1933797.095587  -305162.367010
         1291.000000  -219182.641010 -1933797.024469  -305162.451278
         1291.125000  -219182.420475 -1933796.926104  -305162.955449
         1291.218750  -219182.196107 -1933797.188276  -305163.032422
         1291.312500  -219181.751204 -1933797.161029  -305163.452325
         1291.406250  -219181.975572 -1933797.089911  -305163.536593
         1291.500000  -219181.979406 -1933796.920427  -305164.125033
         1291.625000  -219181.979406 -1933796.920427  -305164.125033
         1291.718750  -219182.211441 -1933796.319289  -305165.224938
         1291.812500  -219182.215275 -1933795.958752  -305165.652137
         1291.906250  -219182.215275 -1933796.149806  -305165.813377
         1292.000000  -219182.219108 -1933795.980322  -305166.401817
         1292.125000  -219182.219108 -1933795.980322  -305166.401817
         1292.218750  -219181.778039 -1933795.783592  -305167.410159
         1292.312500  -219181.781872 -1933795.423056  -305167.837358
         1292.406250  -219181.785706 -1933795.253572  -305168.425797
         1292.500000  -219181.785706 -1933795.444626  -305168.587038
         1292.625000  -219181.789539 -1933795.275143  -305169.175477
         1292.718750  -219181.569005 -1933794.985724  -305169.518408
         1292.812500  -219181.793373 -1933795.105659  -305169.763916
         1292.906250  -219181.572838 -1933795.007294  -305170.268088
         1293.000000  -219181.797207 -1933794.936176  -305170.352355
         1293.125000  -219181.801040 -1933794.766693  -305170.940795
         1293.218750  -219181.801040 -1933794.766693  -305170.940795
         1293.312500  -219181.804874 -1933794.597209  -305171.529234
         1293.406250  -219182.029242 -1933794.526091  -305171.613502
         1293.500000  -219182.029242 -1933794.717145  -305171.774742
         1293.625000  -219182.033075 -1933794.547661  -305172.363182
         1293.718750  -219182.257444 -1933794.476543  -305172.447449
         1293.812500  -219182.257444 -1933794.667596  -305172.608690
         1293.906250  -219182.261277 -1933794.498113  -305173.197129
         1294.000000  -219182.485646 -1933794.618048  -305173.442638
         1294.125000  -219182.489479 -1933794.448565  -305174.031077
         1294.218750  -219182.713847 -1933794.377447  -305174.115345
         1294.312500  -219182.938216 -1933794.497382  -305174.360854
         1294.406250  -219182.942049 -1933794.327898  -305174.949293
         1294.500000  -219183.166417 -1933794.447833  -305175.194801
         1294.625000  -219183.166417 -1933794.447833  -305175.194801
         1294.718750  -219183.394619 -1933794.398285  -305176.028749
         1294.812500  -219183.394619 -1933794.398285  -305176.028749
         1294.906250  -219183.398453 -1933794.228802  -305176.617188
         1295.000000  -219183.402286 -1933794.059319  -305177.205628
         1295.125000  -219183.181752 -1933793.960954  -305177.709799
         1295.218750  -219183.406120 -1933794.080889  -305177.955308
         1295.312500  -219183.409953 -1933793.911406  -305178.543747
         1295.406250  -219183.413787 -1933793.741922  -305179.132186
         1295.500000  -219183.193252 -1933793.643557  -305179.636357
         1295.625000  -219183.417620 -1933793.763493  -305179.881866
         1295.718750  -219183.421454 -1933793.594009  -305180.470305
         1295.812500  -219183.425288 -1933793.233472  -305180.897504
         1295.906250  -219183.204753 -1933793.135108  -305181.401675
         1296.000000  -219183.429121 -1933793.255043  -305181.647184
         1296.125000  -219183.432955 -1933793.085559  -305182.235623
         1296.218750  -219183.436788 -1933792.916076  -305182.824062
         1296.312500  -219183.216253 -1933792.626658  -305183.166993
         1296.406250  -219183.440622 -1933792.746593  -305183.412501
         1296.500000  -219183.444455 -1933792.386056  -305183.839700
         1296.625000  -219183.448289 -1933792.216573  -305184.428139
         1296.718750  -219183.448289 -1933792.407626  -305184.589380
         1296.812500  -219183.452122 -1933792.047089  -305185.016578
         1296.906250  -219183.676491 -1933792.167025  -305185.262087
         1297.000000  -219183.455956 -1933791.877606  -305185.605018
         1297.125000  -219183.680324 -1933791.997541  -305185.850526
         1297.218750  -219183.684158 -1933791.637004  -305186.277725
         1297.312500  -219183.463623 -1933791.538640  -305186.781896
         1297.406250  -219183.687991 -1933791.467521  -305186.866164
         1297.500000  -219183.467457 -1933791.178103  -305187.209094
         1297.625000  -219183.691825 -1933791.298038  -305187.454603
         1297.718750  -219183.695658 -1933790.937501  -305187.881802
         1297.812500  -219183.695658 -1933791.128555  -305188.043042
         1297.906250  -219183.699492 -1933790.768018  -305188.470241
         1298.000000  -219183.478957 -1933790.478599  -305188.813171
         1298.125000  -219183.703325 -1933790.598535  -305189.058680
         1298.218750  -219183.482791 -1933790.309116  -305189.401611
         1298.312500  -219183.707159 -1933790.429051  -305189.647119
         1298.406250  -219183.486624 -1933790.139633  -305189.990050
         1298.500000  -219183.710993 -1933790.068515  -305190.074318
         1298.625000  -219183.490458 -1933789.779096  -305190.417248
         1298.718750  -219183.714826 -1933789.899031  -305190.662757
         1298.812500  -219183.718660 -1933789.538494  -305191.089955
         1298.906250  -219183.718660 -1933789.538494  -305191.089955
         1299.000000  -219183.722493 -1933789.369011  -305191.678395
         1299.125000  -219183.722493 -1933789.369011  -305191.678395
         1299.218750  -219183.946861 -1933789.297893  -305191.762662
         1299.312500  -219183.726327 -1933789.008474  -305192.105593
         1299.406250  -219183.950695 -1933789.128410  -305192.351102
         1299.500000  -219183.730160 -1933788.838991  -305192.694032
         1299.625000  -219183.954528 -1933788.767873  -305192.778300
         1299.718750  -219183.733994 -1933788.669508  -305193.282472
         1299.812500  -219183.733994 -1933788.669508  -305193.282472
         1299.906250  -219183.958362 -1933788.598390  -305193.366739
         1300.000000  -219183.737827 -1933788.308971  -305193.709670
         1300.125000  -219183.962196 -1933788.428906  -305193.955179
         1300.218750  -219183.741661 -1933788.139488  -305194.298109
         1300.312500  -219183.966029 -1933788.068369  -305194.382377
         1300.406250  -219184.190397 -1933788.188305  -305194.627886
         1300.500000  -219183.969863 -1933787.898886  -305194.970816
         1300.625000  -219183.969863 -1933787.898886  -305194.970816
         1300.718750  -219183.973696 -1933787.538349  -305195.398015
         1300.812500  -219183.973696 -1933787.729403  -305195.559256
         1300.906250  -219183.977530 -1933787.368866  -305195.986454
         1301.000000  -219183.977530 -1933787.368866  -305195.986454
         1301.125000  -219184.201898 -1933787.297748  -305196.070722
         1301.218750  -219183.981363 -1933787.199383  -305196.574893
         1301.312500  -219184.205732 -1933787.128264  -305196.659161
         1301.406250  -219184.205732 -1933787.128264  -305196.659161
         1301.500000  -219183.985197 -1933787.029900  -305197.163332
         1301.625000  -219184.209565 -1933786.958781  -305197.247600
         1301.718750  -219183.989030 -1933786.669363  -305197.590531
         1301.812500  -219183.989030 -1933786.669363  -305197.590531
         1301.906250  -219184.213399 -1933786.789298  -305197.836040
         1302.000000  -219183.992864 -1933786.499880  -305198.178970
         1302.125000  -219183.992864 -1933786.499880  -305198.178970
         1302.218750  -219184.217232 -1933786.428761  -305198.263238
         1302.312500  -219183.996698 -1933786.521450  -305198.928650
         1302.406250  -219184.221066 -1933786.259278  -305198.851677
         1302.500000  -219184.000531 -1933786.160913  -305199.355849
         1302.625000  -219184.000531 -1933786.160913  -305199.355849
         1302.718750  -219184.224899 -1933786.089795  -305199.440116
         1302.812500  -219184.224899 -1933786.280848  -305199.601357
         1302.906250  -219184.004365 -1933785.991430  -305199.944288
         1303.000000  -219184.228733 -1933786.111365  -305200.189796
         1303.125000  -219184.008198 -1933785.821946  -305200.532727
         1303.218750  -219184.008198 -1933785.821946  -305200.532727
         1303.312500  -219184.232566 -1933785.750828  -305200.616995
         1303.406250  -219184.012032 -1933785.652463  -305201.121166
         1303.500000  -219184.012032 -1933785.652463  -305201.121166
         1303.625000  -219184.236400 -1933785.581345  -305201.205434
         1303.718750  -219184.015865 -1933785.482980  -305201.709606
         1303.812500  -219184.240233 -1933785.411861  -305201.793873
         1303.906250  -219184.240233 -1933785.411861  -305201.793873
         1304.000000  -219184.019699 -1933785.122443  -305202.136804
         1304.125000  -219184.244067 -1933785.242378  -305202.382313
         1304.218750  -219184.244067 -1933785.242378  -305202.382313
         1304.312500  -219184.244067 -1933785.242378  -305202.382313
         1304.406250  -219184.247901 -1933784.881841  -305202.809511
         1304.500000  -219184.247901 -1933785.072895  -305202.970752
         1304.625000  -219184.247901 -1933785.072895  -305202.970752
         1304.718750  -219184.251734 -1933784.712358  -305203.397950
         1304.812500  -219184.251734 -1933784.712358  -305203.397950
         1304.906250  -219184.031199 -1933784.613993  -305203.902122
         1305.000000  -219184.031199 -1933784.613993  -305203.902122
         1305.125000  -219184.031199 -1933784.613993  -305203.902122
         1305.218750  -219183.810665 -1933784.324575  -305204.245052
         1305.312500  -219184.035033 -1933784.444510  -305204.490561
         1305.406250  -219184.035033 -1933784.444510  -305204.490561
         1305.500000  -219183.814498 -1933784.155091  -305204.833492
         1305.625000  -219183.814498 -1933784.346145  -305204.994732
         1305.718750  -219184.038867 -1933784.275027  -305205.079000
         1305.812500  -219183.818332 -1933783.985608  -305205.421931
         1305.906250  -219184.042700 -1933784.105543  -305205.667439
         1306.000000  -219184.042700 -1933784.105543  -305205.667439
         1306.125000  -219184.046534 -1933783.745007  -305206.094638
         1306.218750  -219184.046534 -1933783.936060  -305206.255879
         1306.312500  -219184.046534 -1933783.936060  -305206.255879
         1306.406250  -219184.270902 -1933783.864942  -305206.340146
         1306.500000  -219184.270902 -1933783.864942  -305206.340146
         1306.625000  -219184.050367 -1933783.766577  -305206.844318
         1306.718750  -219184.050367 -1933783.766577  -305206.844318
         1306.812500  -219184.054201 -1933783.597093  -305207.432757
         1306.906250  -219184.054201 -1933783.597093  -305207.432757
         1307.000000  -219184.054201 -1933783.597093  -305207.432757
         1307.125000  -219184.054201 -1933783.597093  -305207.432757
         1307.218750  -219184.054201 -1933783.788147  -305207.593998
         1307.312500  -219184.278569 -1933783.525975  -305207.517025
         1307.406250  -219184.270902 -1933784.247049  -305206.662628
         1307.500000  -219184.046534 -1933784.318167  -305206.578360
         1307.625000  -219184.502937 -1933783.645910  -305207.762533
         1307.718750  -219184.278569 -1933783.717029  -305207.678266
         1307.812500  -219184.278569 -1933783.717029  -305207.678266
         1307.906250  -219184.278569 -1933783.717029  -305207.678266
         1308.000000  -219184.278569 -1933783.717029  -305207.678266
         1308.125000  -219184.278569 -1933783.717029  -305207.678266
         1308.218750  -219184.499104 -1933784.006447  -305207.335335
         1308.312500  -219184.499104 -1933784.197500  -305207.496576
         1308.406250  -219184.278569 -1933783.908082  -305207.839506
         1308.500000  -219184.274735 -1933784.268619  -305207.412308
         1308.625000  -219184.274735 -1933784.459672  -305207.573549
         1308.718750  -219184.274735 -1933784.459672  -305207.573549
         1308.812500  -219184.274735 -1933784.650726  -305207.734789
         1308.906250  -219184.274735 -1933784.841779  -305207.896030
         1309.000000  -219184.050367 -1933784.912897  -305207.811762
         1309.125000  -219183.593964 -1933785.967261  -305206.950070
         1309.218750  -219183.593964 -1933786.158315  -305207.111311
         1309.312500  -219183.369595 -1933786.420486  -305207.188284
         1309.406250  -219183.369595 -1933786.420486  -305207.188284
         1309.500000  -219183.369595 -1933786.611540  -305207.349525
         1309.625000  -219183.145227 -1933786.873712  -305207.426497
         1309.718750  -219183.365762 -1933787.163130  -305207.083567
         1309.812500  -219182.920859 -1933787.135884  -305207.503470
         1309.906250  -219182.920859 -1933787.326937  -305207.664711
         1310.000000  -219183.141394 -1933787.616355  -305207.321780
         1310.125000  -219182.688823 -1933788.310182  -305206.887287
         1310.218750  -219182.688823 -1933788.310182  -305206.887287
         1310.312500  -219182.688823 -1933788.501236  -305207.048528
         1310.406250  -219182.913192 -1933788.430117  -305207.132796
         1310.500000  -219182.688823 -1933788.501236  -305207.048528
         1310.625000  -219182.688823 -1933788.692289  -305207.209768
         1310.718750  -219182.909358 -1933788.981708  -305206.866838
         1310.812500  -219182.909358 -1933788.981708  -305206.866838
         1310.906250  -219182.684990 -1933789.052826  -305206.782570
         1311.000000  -219182.909358 -1933789.172761  -305207.028079
         1311.125000  -219183.129893 -1933789.462180  -305206.685148
         1311.218750  -219183.129893 -1933789.462180  -305206.685148
         1311.312500  -219183.129893 -1933789.462180  -305206.685148
         1311.406250  -219183.129893 -1933789.653233  -305206.846389
         1311.500000  -219183.129893 -1933789.653233  -305206.846389
         1311.625000  -219183.350428 -1933789.942651  -305206.503458
         1311.718750  -219183.574796 -1933790.062587  -305206.748967
         1311.812500  -219183.574796 -1933790.062587  -305206.748967
         1311.906250  -219183.574796 -1933790.253640  -305206.910207
         1312.000000  -219183.574796 -1933790.253640  -305206.910207
         1312.125000  -219184.019699 -1933790.662994  -305206.812785
         1312.218750  -219184.019699 -1933790.662994  -305206.812785
         1312.312500  -219184.244067 -1933790.782929  -305207.058294
         1312.406250  -219183.791497 -1933791.667809  -305206.785041
         1312.500000  -219184.468435 -1933790.902864  -305207.303802
         1312.625000  -219184.692804 -1933790.831745  -305207.388070
         1312.718750  -219184.917172 -1933790.760627  -305207.472338
         1312.812500  -219184.917172 -1933790.760627  -305207.472338
         1312.906250  -219184.917172 -1933790.951681  -305207.633579
         1313.000000  -219185.141540 -1933790.880562  -305207.717847
         1313.125000  -219185.141540 -1933790.880562  -305207.717847
         1313.218750  -219185.365908 -1933790.809444  -305207.802114
         1313.312500  -219185.365908 -1933791.000497  -305207.963355
         1313.406250  -219185.365908 -1933791.000497  -305207.963355
         1313.500000  -219185.590277 -1933790.929379  -305208.047623
         1313.625000  -219185.590277 -1933790.929379  -305208.047623
         1313.718750  -219185.590277 -1933790.929379  -305208.047623
         1313.812500  -219185.814645 -1933790.858261  -305208.131891
         1313.906250  -219185.814645 -1933790.858261  -305208.131891
         1314.000000  -219185.814645 -1933790.858261  -305208.131891
         1314.125000  -219186.039013 -1933790.787142  -305208.216159
         1314.218750  -219186.039013 -1933790.787142  -305208.216159
         1314.312500  -219186.039013 -1933790.787142  -305208.216159
         1314.406250  -219186.039013 -1933790.787142  -305208.216159
         1314.500000  -219186.263381 -1933790.716024  -305208.300426
         1314.625000  -219186.263381 -1933790.716024  -305208.300426
         1314.718750  -219186.263381 -1933790.716024  -305208.300426
         1314.812500  -219186.263381 -1933790.716024  -305208.300426
         1314.906250  -219186.487750 -1933790.644906  -305208.384694
         1315.000000  -219186.487750 -1933790.644906  -305208.384694
         1315.125000  -219186.487750 -1933790.644906  -305208.384694
         1315.218750  -219186.487750 -1933790.644906  -305208.384694
         1315.312500  -219186.487750 -1933790.644906  -305208.384694
         1315.406250  -219186.487750 -1933790.644906  -305208.384694
         1315.500000  -219186.487750 -1933790.644906  -305208.384694
         1315.625000  -219187.153187 -1933790.961570  -305207.621860
         1315.718750  -219186.708284 -1933790.743270  -305207.880523
         1315.812500  -219186.932652 -1933790.672152  -305207.964791
         1315.906250  -219186.712118 -1933790.573787  -305208.468962
         1316.000000  -219188.267361 -1933790.944945  -305206.866321
         1316.125000  -219186.932652 -1933790.863206  -305208.126032
         1316.218750  -219183.384930 -1933790.518890  -305213.573059
         1316.312500  -219186.712118 -1933790.573787  -305208.468962
         1316.406250  -219189.885964 -1933804.668048  -305185.954444
         1316.500000  -219188.936633 -1933791.092127  -305206.691926
         1316.625000  -219188.046827 -1933790.846580  -305207.370492
         1316.718750  -219188.046827 -1933790.846580  -305207.370492
         1316.812500  -219187.137853 -1933792.403718  -305205.913066
         1316.906250  -219187.137853 -1933792.403718  -305205.913066
         1317.000000  -219187.141687 -1933792.043181  -305206.340265
         1317.125000  -219187.141687 -1933792.234234  -305206.501505
         1317.218750  -219187.141687 -1933792.234234  -305206.501505
         1317.312500  -219187.141687 -1933792.234234  -305206.501505
         1317.406250  -219187.141687 -1933792.043181  -305206.340265
         1317.500000  -219186.921152 -1933791.944816  -305206.844436
         1317.625000  -219186.472415 -1933792.278106  -305206.837141
         1317.718750  -219186.692950 -1933792.567524  -305206.494210
         1317.812500  -219187.145520 -1933792.064751  -305207.089945
         1317.906250  -219186.924985 -1933791.775333  -305207.432875
         1318.000000  -219187.149354 -1933791.704214  -305207.517143
         1318.125000  -219186.928819 -1933791.414796  -305207.860074
         1318.218750  -219186.928819 -1933791.414796  -305207.860074
         1318.312500  -219186.932652 -1933791.054259  -305208.287272
         1318.406250  -219186.712118 -1933790.955894  -305208.791444
         1318.500000  -219186.712118 -1933790.764841  -305208.630203
         1318.625000  -219186.491583 -1933790.666476  -305209.134374
         1318.718750  -219186.715951 -1933790.595357  -305209.218642
         1318.812500  -219186.495417 -1933790.305939  -305209.561573
         1318.906250  -219186.274882 -1933790.016521  -305209.904503
         1319.000000  -219186.274882 -1933790.016521  -305209.904503
         1319.125000  -219186.054347 -1933789.727102  -305210.247434
         1319.218750  -219186.054347 -1933789.727102  -305210.247434
         1319.312500  -219185.833813 -1933789.437684  -305210.590365
         1319.406250  -219185.833813 -1933789.437684  -305210.590365
         1319.500000  -219185.613278 -1933789.148265  -305210.933295
         1319.625000  -219185.613278 -1933789.148265  -305210.933295
         1319.718750  -219185.392743 -1933788.858847  -305211.276226
         1319.812500  -219185.392743 -1933788.858847  -305211.276226
         1319.906250  -219185.392743 -1933789.049900  -305211.437467
         1320.000000  -219185.617111 -1933788.978782  -305211.521735
         1320.125000  -219185.392743 -1933789.049900  -305211.437467
         1320.218750  -219185.172208 -1933788.760482  -305211.780397
         1320.312500  -219185.172208 -1933788.760482  -305211.780397
         1320.406250  -219185.172208 -1933788.760482  -305211.780397
         1320.500000  -219184.951674 -1933788.471064  -305212.123328
         1320.625000  -219184.951674 -1933788.471064  -305212.123328
         1320.718750  -219184.951674 -1933788.471064  -305212.123328
         1320.812500  -219184.951674 -1933788.662117  -305212.284569
         1320.906250  -219184.951674 -1933788.662117  -305212.284569
         1321.000000  -219184.951674 -1933788.662117  -305212.284569
         1321.125000  -219184.951674 -1933788.662117  -305212.284569
         1321.218750  -219184.951674 -1933788.662117  -305212.284569
         1321.312500  -219184.951674 -1933788.662117  -305212.284569
         1321.406250  -219184.951674 -1933788.662117  -305212.284569
         1321.500000  -219184.727305 -1933788.733235  -305212.200301
         1321.625000  -219184.727305 -1933788.733235  -305212.200301
         1321.718750  -219184.727305 -1933788.733235  -305212.200301
         1321.812500  -219184.506771 -1933788.443817  -305212.543232
         1321.906250  -219183.837500 -1933788.678742  -305213.040108
         1322.000000  -219183.837500 -1933788.487689  -305212.878867
         1322.125000  -219184.502937 -1933788.804354  -305212.116033
         1322.218750  -219184.282403 -1933788.514935  -305212.458964
         1322.312500  -219184.282403 -1933788.514935  -305212.458964
         1322.406250  -219183.837500 -1933788.678742  -305213.040108
         1322.500000  -219183.616965 -1933788.389324  -305213.383039
         1322.625000  -219183.616965 -1933788.389324  -305213.383039
         1322.718750  -219183.396430 -1933788.290959  -305213.887210
         1322.812500  -219183.172062 -1933788.362077  -305213.802942
         1322.906250  -219183.172062 -1933788.362077  -305213.802942
         1323.000000  -219183.172062 -1933788.362077  -305213.802942
         1323.125000  -219182.951527 -1933788.263712  -305214.307114
         1323.218750  -219182.951527 -1933788.072659  -305214.145873
         1323.312500  -219182.951527 -1933788.263712  -305214.307114
         1323.406250  -219182.951527 -1933788.263712  -305214.307114
         1323.500000  -219182.730992 -1933788.165347  -305214.811285
         1323.625000  -219182.506624 -1933788.045412  -305214.565776
         1323.718750  -219182.506624 -1933788.045412  -305214.565776
         1323.812500  -219182.506624 -1933788.045412  -305214.565776
         1323.906250  -219182.286090 -1933787.947047  -305215.069948
         1324.000000  -219182.061721 -1933788.018166  -305214.985680
         1324.125000  -219182.061721 -1933788.018166  -305214.985680
         1324.218750  -219182.061721 -1933788.209219  -305215.146921
         1324.312500  -219182.061721 -1933788.018166  -305214.985680
         1324.406250  -219181.837353 -1933788.089284  -305214.901412
         1324.500000  -219181.837353 -1933788.089284  -305214.901412
         1324.625000  -219181.616818 -1933787.799866  -305215.244343
         1324.718750  -219181.616818 -1933787.799866  -305215.244343
         1324.812500  -219181.616818 -1933787.990919  -305215.405584
         1324.906250  -219181.392450 -1933788.062037  -305215.321316
         1325.000000  -219181.392450 -1933788.062037  -305215.321316
         1325.125000  -219181.392450 -1933788.062037  -305215.321316
         1325.218750  -219181.171915 -1933787.963672  -305215.825487
         1325.312500  -219181.171915 -1933787.963672  -305215.825487
         1325.406250  -219180.951381 -1933787.674254  -305216.168418
         1325.500000  -219180.951381 -1933787.674254  -305216.168418
         1325.625000  -219180.727012 -1933787.745372  -305216.084150
         1325.718750  -219180.727012 -1933787.745372  -305216.084150
         1325.812500  -219180.727012 -1933787.936426  -305216.245391
         1325.906250  -219180.506478 -1933787.647008  -305216.588321
         1326.000000  -219180.506478 -1933787.647008  -305216.588321
         1326.125000  -219180.282109 -1933787.718126  -305216.504053
         1326.218750  -219180.282109 -1933787.718126  -305216.504053
         1326.312500  -219180.282109 -1933787.718126  -305216.504053
         1326.406250  -219180.282109 -1933787.909179  -305216.665294
         1326.500000  -219180.061575 -1933787.619761  -305217.008225
         1326.625000  -219179.837207 -1933787.690879  -305216.923957
         1326.718750  -219179.837207 -1933787.690879  -305216.923957
         1326.812500  -219179.837207 -1933787.690879  -305216.923957
         1326.906250  -219179.837207 -1933787.690879  -305216.923957
         1327.000000  -219179.837207 -1933787.690879  -305216.923957
         1327.125000  -219179.612838 -1933787.761998  -305216.839689
         1327.218750  -219179.612838 -1933787.761998  -305216.839689
         1327.312500  -219179.612838 -1933787.761998  -305216.839689
         1327.406250  -219179.612838 -1933787.761998  -305216.839689
         1327.500000  -219179.612838 -1933787.761998  -305216.839689
         1327.625000  -219179.612838 -1933787.761998  -305216.839689
         1327.718750  -219179.612838 -1933787.761998  -305216.839689
         1327.812500  -219179.612838 -1933787.761998  -305216.839689
         1327.906250  -219179.612838 -1933787.761998  -305216.839689
         1328.000000  -219179.388470 -1933787.833116  -305216.755421
         1328.125000  -219179.388470 -1933787.833116  -305216.755421
         1328.218750  -219179.388470 -1933787.833116  -305216.755421
         1328.312500  -219179.388470 -1933787.833116  -305216.755421
         1328.406250  -219179.388470 -1933787.833116  -305216.755421
         1328.500000  -219178.943567 -1933787.805869  -305217.175325
         1328.625000  -219178.943567 -1933787.614816  -305217.014084
         1328.718750  -219178.943567 -1933787.805869  -305217.175325
         1328.812500  -219178.943567 -1933787.805869  -305217.175325
         1328.906250  -219179.164102 -1933787.904234  -305216.671153
         1329.000000  -219178.943567 -1933787.805869  -305217.175325
         1329.125000  -219178.719199 -1933787.876988  -305217.091057
         1329.218750  -219178.719199 -1933787.876988  -305217.091057
         1329.312500  -219178.939734 -1933787.975353  -305216.586886
         1329.406250  -219178.939734 -1933788.166406  -305216.748126
         1329.500000  -219178.943567 -1933787.614816  -305217.014084
         1329.625000  -219178.719199 -1933787.876988  -305217.091057
         1329.718750  -219178.943567 -1933787.805869  -305217.175325
         1329.812500  -219178.494831 -1933787.948106  -305217.006789
         1329.906250  -219178.494831 -1933787.948106  -305217.006789
         1330.000000  -219178.719199 -1933787.876988  -305217.091057
         1330.125000  -219178.498664 -1933787.587569  -305217.433988
         1330.218750  -219178.494831 -1933787.948106  -305217.006789
         1330.312500  -219178.494831 -1933788.139160  -305217.168030
         1330.406250  -219178.719199 -1933787.876988  -305217.091057
         1330.500000  -219178.719199 -1933787.876988  -305217.091057
         1330.625000  -219178.498664 -1933787.587569  -305217.433988
         1330.718750  -219178.719199 -1933787.876988  -305217.091057
         1330.812500  -219178.498664 -1933787.587569  -305217.433988
         1330.906250  -219178.498664 -1933787.587569  -305217.433988
         1331.000000  -219178.498664 -1933787.587569  -305217.433988
         1331.125000  -219178.270462 -1933788.210278  -305217.083762
         1331.218750  -219178.498664 -1933787.587569  -305217.433988
         1331.312500  -219178.723032 -1933787.325398  -305217.357015
         1331.406250  -219178.049928 -1933787.920860  -305217.426693
         1331.500000  -219185.925818 -1933778.301107  -305218.746999
         1331.625000  -219178.723032 -1933787.516451  -305217.518256
         1331.718750  -219178.723032 -1933787.516451  -305217.518256
         1331.812500  -219178.723032 -1933787.516451  -305217.518256
         1331.906250  -219185.925818 -1933778.301107  -305218.746999
         1332.000000  -219185.705283 -1933778.011688  -305219.089930
         1332.125000  -219185.705283 -1933778.011688  -305219.089930
         1332.218750  -219185.705283 -1933778.011688  -305219.089930
         1332.312500  -219185.705283 -1933778.011688  -305219.089930
         1332.406250  -219185.705283 -1933778.011688  -305219.089930
         1332.500000  -219185.929651 -1933777.749516  -305219.012957
         1332.625000  -219177.376823 -1933788.707375  -305217.657611
         1332.718750  -219177.376823 -1933788.707375  -305217.657611
         1332.812500  -219177.376823 -1933788.516322  -305217.496371
         1332.906250  -219177.376823 -1933788.707375  -305217.657611
         1333.000000  -219177.376823 -1933788.707375  -305217.657611
         1333.125000  -219177.376823 -1933788.707375  -305217.657611
         1333.218750  -219177.376823 -1933788.707375  -305217.657611
         1333.312500  -219177.376823 -1933788.707375  -305217.657611
         1333.406250  -219177.376823 -1933788.707375  -305217.657611
         1333.500000  -219177.156288 -1933788.417957  -305218.000542
         1333.625000  -219177.376823 -1933788.707375  -305217.657611
         1333.718750  -219177.376823 -1933788.707375  -305217.657611
         1333.812500  -219177.376823 -1933788.707375  -305217.657611
         1333.906250  -219177.156288 -1933788.417957  -305218.000542
         1334.000000  -219177.156288 -1933788.417957  -305218.000542
         1334.125000  -219177.380656 -1933788.346838  -305218.084810
         1334.218750  -219177.156288 -1933788.417957  -305218.000542
         1334.312500  -219177.156288 -1933788.417957  -305218.000542
         1334.406250  -219177.156288 -1933788.417957  -305218.000542
         1334.500000  -219177.156288 -1933788.417957  -305218.000542
         1334.625000  -219177.156288 -1933788.417957  -305218.000542
         1334.718750  -219177.156288 -1933788.417957  -305218.000542
         1334.812500  -219177.156288 -1933788.609010  -305218.161783
         1334.906250  -219179.856374 -1933785.123982  -305218.414987
         1335.000000  -219179.856374 -1933785.123982  -305218.414987
         1335.125000  -219179.856374 -1933785.123982  -305218.414987
         1335.218750  -219180.080743 -1933785.052863  -305218.499254
         1335.312500  -219179.860208 -1933784.572391  -305218.680944
         1335.406250  -219180.080743 -1933784.861810  -305218.338014
         1335.500000  -219180.084576 -1933784.501273  -305218.765212
         1335.625000  -219179.860208 -1933784.572391  -305218.680944
         1335.718750  -219180.084576 -1933784.501273  -305218.765212
         1335.812500  -219180.084576 -1933784.501273  -305218.765212
         1335.906250  -219180.308944 -1933784.430155  -305218.849480
         1336.000000  -219180.308944 -1933784.430155  -305218.849480
         1336.125000  -219180.084576 -1933784.501273  -305218.765212
         1336.218750  -219180.084576 -1933784.501273  -305218.765212
         1336.312500  -219180.084576 -1933784.501273  -305218.765212
         1336.406250  -219180.084576 -1933784.501273  -305218.765212
         1336.500000  -219179.860208 -1933784.763445  -305218.842185
         1336.625000  -219179.860208 -1933784.763445  -305218.842185
         1336.718750  -219179.860208 -1933784.763445  -305218.842185
         1336.812500  -219179.860208 -1933784.763445  -305218.842185
         1336.906250  -219179.635840 -1933784.834563  -305218.757917
         1337.000000  -219179.635840 -1933784.834563  -305218.757917
         1337.125000  -219179.635840 -1933785.025617  -305218.919158
         1337.218750  -219183.685969 -1933779.989128  -305219.460204
         1337.312500  -219183.685969 -1933779.798074  -305219.298964
         1337.406250  -219183.685969 -1933779.989128  -305219.460204
         1337.500000  -219183.685969 -1933779.989128  -305219.460204
         1337.625000  -219179.635840 -1933785.025617  -305218.919158
         1337.718750  -219179.635840 -1933785.025617  -305218.919158
         1337.812500  -219179.635840 -1933785.025617  -305218.919158
         1337.906250  -219179.411471 -1933785.096735  -305218.834890
         1338.000000  -219179.411471 -1933785.096735  -305218.834890
         1338.125000  -219179.411471 -1933785.096735  -305218.834890
         1338.218750  -219179.411471 -1933785.287789  -305218.996131
         1338.312500  -219179.187103 -1933785.358907  -305218.911863
         1338.406250  -219179.187103 -1933785.358907  -305218.911863
         1338.500000  -219179.187103 -1933785.358907  -305218.911863
         1338.625000  -219179.183270 -1933785.719444  -305218.484664
         1338.718750  -219179.183270 -1933785.719444  -305218.484664
         1338.812500  -219178.958901 -1933785.981615  -305218.561637
         1338.906250  -219178.962735 -1933785.621079  -305218.988836
         1339.000000  -219178.958901 -1933785.981615  -305218.561637
         1339.125000  -219178.958901 -1933785.981615  -305218.561637
         1339.218750  -219178.958901 -1933785.981615  -305218.561637
         1339.312500  -219178.734533 -1933786.052734  -305218.477370
         1339.406250  -219178.734533 -1933786.052734  -305218.477370
         1339.500000  -219178.734533 -1933786.052734  -305218.477370
         1339.625000  -219178.734533 -1933786.243787  -305218.638610
         1339.718750  -219178.734533 -1933786.243787  -305218.638610
         1339.812500  -219178.734533 -1933786.243787  -305218.638610
         1339.906250  -219178.510165 -1933786.314906  -305218.554342
         1340.000000  -219178.510165 -1933786.314906  -305218.554342
         1340.125000  -219178.285797 -1933786.577077  -305218.631315
         1340.218750  -219178.285797 -1933786.386024  -305218.470075
         1340.312500  -219178.285797 -1933786.577077  -305218.631315
         1340.406250  -219178.285797 -1933786.577077  -305218.631315
         1340.500000  -219178.285797 -1933786.577077  -305218.631315
         1340.625000  -219178.061428 -1933786.648196  -305218.547047
         1340.718750  -219178.061428 -1933786.648196  -305218.547047
         1340.812500  -219178.061428 -1933786.648196  -305218.547047
         1340.906250  -219178.061428 -1933786.648196  -305218.547047
         1341.000000  -219178.061428 -1933786.839249  -305218.708288
         1341.125000  -219177.837060 -1933786.910368  -305218.624020
         1341.218750  -219177.837060 -1933786.910368  -305218.624020
         1341.312500  -219177.837060 -1933786.910368  -305218.624020
         1341.406250  -219177.837060 -1933786.910368  -305218.624020
         1341.500000  -219178.734533 -1933786.434841  -305218.799851
         1341.625000  -219178.738367 -1933786.074304  -305219.227049
         1341.718750  -219172.657423 -1933791.304041  -305215.356071
         1341.812500  -219171.083011 -1933792.353460  -305214.500239
         1341.906250  -219170.406073 -1933793.118405  -305213.981477
         1342.000000  -219170.406073 -1933793.118405  -305213.981477
         1342.125000  -219169.957336 -1933793.451695  -305213.974182
         1342.218750  -219170.181705 -1933793.380577  -305214.058450
         1342.312500  -219170.181705 -1933793.189523  -305213.897210
         1342.406250  -219169.729135 -1933793.883350  -305213.462716
         1342.500000  -219174.235667 -1933787.601444  -305214.704214
         1342.625000  -219174.680570 -1933787.819744  -305214.445551
         1342.718750  -219175.133140 -1933786.934863  -305214.718804
         1342.812500  -219211.804837 -1933741.895880  -305219.245290
         1342.906250  -219212.694643 -1933741.950373  -305218.405483
         1343.000000  -219212.919011 -1933741.688201  -305218.328510
         1343.125000  -219214.265221 -1933740.688330  -305218.350395
         1343.218750  -219214.489589 -1933740.617212  -305218.434663
         1343.312500  -219215.619097 -1933738.967386  -305219.226677
         1343.406250  -219216.520404 -1933737.749216  -305219.507224
         1343.500000  -219217.421711 -1933736.722099  -305219.949013
         1343.625000  -219217.870447 -1933736.388809  -305219.956308
         1343.718750  -219217.874281 -1933736.028272  -305220.383506
         1343.812500  -219217.874281 -1933736.028272  -305220.383506
         1343.906250  -219217.870447 -1933736.579862  -305220.117548
         1344.000000  -219217.649912 -1933736.290444  -305220.460479
         1344.125000  -219217.649912 -1933736.481497  -305220.621720
         1344.218750  -219217.646079 -1933737.033087  -305220.355762
         1344.312500  -219217.201176 -1933737.196894  -305220.936906
         1344.406250  -219182.084723 -1933782.224929  -305214.485297
         1344.500000  -219181.411618 -1933782.820391  -305214.554975
         1344.625000  -219182.084723 -1933782.415983  -305214.646538
         1344.718750  -219182.989863 -1933780.837275  -305215.354284
         1344.812500  -219182.989863 -1933780.837275  -305215.354284
         1344.906250  -219183.666801 -1933779.881277  -305215.711805
         1345.000000  -219183.442433 -1933780.143448  -305215.788777
         1345.125000  -219184.115537 -1933779.739040  -305215.880340
         1345.218750  -219184.119371 -1933779.187450  -305216.146298
         1345.312500  -219209.549654 -1933747.509743  -305220.345831
         1345.406250  -219208.652181 -1933747.985270  -305220.170000
         1345.500000  -219207.750875 -1933749.394494  -305220.050693
         1345.625000  -219207.526506 -1933749.465612  -305219.966425
         1345.718750  -219207.077770 -1933749.798902  -305219.959130
         1345.812500  -219207.077770 -1933749.798902  -305219.959130
         1345.906250  -219207.077770 -1933749.798902  -305219.959130
         1346.000000  -219207.302138 -1933749.536730  -305219.882158
         1346.125000  -219207.302138 -1933749.536730  -305219.882158
         1346.218750  -219207.530340 -1933748.914022  -305220.232383
         1346.312500  -219207.979076 -1933748.580732  -305220.239678
         1346.406250  -219206.853402 -1933749.870020  -305219.874863
         1346.500000  -219207.754708 -1933748.651850  -305220.155410
         1346.625000  -219208.207278 -1933747.766969  -305220.428663
         1346.718750  -219209.108585 -1933746.548799  -305220.709211
         1346.812500  -219210.009891 -1933745.330628  -305220.989758
         1346.906250  -219210.682996 -1933744.735166  -305220.920080
         1347.000000  -219184.119371 -1933778.423236  -305215.501335
         1347.125000  -219184.123205 -1933778.444806  -305216.251015
         1347.218750  -219197.155731 -1933763.155638  -305215.373746
         1347.312500  -219193.558172 -1933767.498300  -305215.267193
         1347.406250  -219191.979927 -1933769.672469  -305214.629125
         1347.500000  -219190.854252 -1933771.343865  -305214.586791
         1347.625000  -219189.952945 -1933772.562036  -305214.306243
         1347.718750  -219188.610570 -1933773.583477  -305215.034039
         1347.812500  -219188.378534 -1933774.375668  -305214.095374
         1347.906250  -219188.150332 -1933775.189431  -305213.906389
         1348.000000  -219187.922131 -1933776.194246  -305213.878645
         1348.125000  -219187.473394 -1933776.527536  -305213.871350
         1348.218750  -219187.469561 -1933777.079126  -305213.605392
         1348.312500  -219187.245192 -1933777.532352  -305213.843606
         1348.406250  -219187.016991 -1933777.964007  -305213.332139
         1348.500000  -219186.792622 -1933778.226179  -305213.409112
         1348.625000  -219186.792622 -1933778.417232  -305213.570353
         1348.718750  -219186.568254 -1933778.488350  -305213.486085
         1348.812500  -219186.564420 -1933779.039941  -305213.220127
         1348.906250  -219186.564420 -1933779.039941  -305213.220127
         1349.000000  -219186.788789 -1933778.777769  -305213.143154
         1349.125000  -219186.788789 -1933778.777769  -305213.143154
         1349.218750  -219186.788789 -1933778.777769  -305213.143154
         1349.312500  -219186.564420 -1933778.848887  -305213.058887
         1349.406250  -219186.784955 -1933779.138306  -305212.715956
         1349.500000  -219186.784955 -1933779.138306  -305212.715956
         1349.625000  -219187.009323 -1933779.067187  -305212.800224
         1349.718750  -219187.009323 -1933779.067187  -305212.800224
         1349.812500  -219187.009323 -1933779.067187  -305212.800224
         1349.906250  -219187.009323 -1933779.067187  -305212.800224
         1350.000000  -219187.009323 -1933779.067187  -305212.800224
         1350.125000  -219187.009323 -1933779.067187  -305212.800224
         1350.218750  -219187.009323 -1933779.067187  -305212.800224
         1350.312500  -219187.009323 -1933779.067187  -305212.800224
         1350.406250  -219187.009323 -1933779.067187  -305212.800224
         1350.500000  -219187.009323 -1933779.067187  -305212.800224
         1350.625000  -219187.686262 -1933778.302242  -305213.318985
         1350.718750  -219187.686262 -1933778.111189  -305213.157744
         1350.812500  -219187.233692 -1933778.996069  -305212.884492
         1350.906250  -219187.458060 -1933778.924951  -305212.968760
         1351.000000  -219187.686262 -1933778.302242  -305213.318985
         1351.125000  -219187.910630 -1933778.040070  -305213.242012
         1351.218750  -219187.910630 -1933778.040070  -305213.242012
         1351.312500  -219187.910630 -1933778.231124  -305213.403253
         1351.406250  -219188.134998 -1933777.968952  -305213.326280
         1351.500000  -219188.134998 -1933778.160005  -305213.487521
         1351.625000  -219187.910630 -1933778.231124  -305213.403253
         1351.718750  -219188.359366 -1933778.088887  -305213.571789
         1351.812500  -219187.910630 -1933778.231124  -305213.403253
         1351.906250  -219188.134998 -1933778.160005  -305213.487521
         1352.000000  -219188.134998 -1933778.351059  -305213.648762
         1352.125000  -219188.359366 -1933778.088887  -305213.571789
         1352.218750  -219188.359366 -1933778.088887  -305213.571789
         1352.312500  -219188.359366 -1933778.088887  -305213.571789
         1352.406250  -219188.583735 -1933778.017769  -305213.656056
         1352.500000  -219188.583735 -1933778.017769  -305213.656056
         1352.625000  -219188.587568 -1933777.657232  -305214.083255
         1352.718750  -219188.808103 -1933777.946650  -305213.740324
         1352.812500  -219188.808103 -1933777.946650  -305213.740324
         1352.906250  -219188.583735 -1933778.017769  -305213.656056
         1353.000000  -219188.808103 -1933777.946650  -305213.740324
         1353.125000  -219189.485041 -1933778.328026  -305215.226530
         1353.218750  -219189.260673 -1933777.825984  -305214.658540
         1353.312500  -219189.036305 -1933777.706049  -305214.413031
         1353.406250  -219189.036305 -1933777.514995  -305214.251791
         1353.500000  -219231.397712 -1933812.730856  -305305.478044
         1353.625000  -219230.496406 -1933812.611652  -305304.068811
         1353.718750  -219229.595099 -1933812.301395  -305302.498338
         1353.812500  -219230.043836 -1933812.541265  -305302.989355
         1353.906250  -219230.945142 -1933813.042576  -305304.721069
         1354.000000  -219230.948976 -1933812.682039  -305305.148268
         1354.125000  -219230.496406 -1933812.802706  -305304.230052
         1354.218750  -219230.268204 -1933813.043307  -305303.557345
         1354.312500  -219232.074651 -1933814.258552  -305307.931694
         1354.406250  -219176.653882 -1933798.766151  -305216.204727
         1354.500000  -219188.808103 -1933777.946650  -305213.740324
         1354.625000  -219189.032471 -1933777.684478  -305213.663351
         1354.718750  -219187.005490 -1933781.720366  -305214.307914
         1354.812500  -219186.781122 -1933781.600430  -305214.062406
         1354.906250  -219186.332385 -1933781.742667  -305213.893870
         1355.000000  -219186.104183 -1933781.983269  -305213.221163
         1355.125000  -219190.158146 -1933778.687831  -305215.963056
         1355.218750  -219190.610716 -1933778.185058  -305216.558790
         1355.312500  -219190.835084 -1933778.113939  -305216.643058
         1355.406250  -219185.663114 -1933781.786539  -305214.229506
         1355.500000  -219196.607322 -1933782.415557  -305212.321327
         1355.625000  -219196.599655 -1933782.945577  -305211.305689
         1355.718750  -219192.724058 -1933800.813225  -305212.228682
         1355.812500  -219181.118246 -1933798.933845  -305214.843171
         1355.906250  -219181.114412 -1933799.294381  -305214.415972
         1356.000000  -219181.342614 -1933799.053780  -305215.088679
         1356.125000  -219181.342614 -1933799.244833  -305215.249920
         1356.218750  -219181.570816 -1933799.386338  -305216.245109
         1356.312500  -219181.570816 -1933799.386338  -305216.245109
         1356.406250  -219187.233692 -1933781.288710  -305214.819380
         1356.500000  -219181.783683 -1933801.161044  -305215.692744
         1356.625000  -219181.559315 -1933800.850056  -305215.285995
         1356.718750  -219181.779850 -1933801.139474  -305214.943064
         1356.812500  -219181.555482 -1933801.210592  -305214.858796
         1356.906250  -219181.559315 -1933801.232163  -305215.608476
         1357.000000  -219181.114412 -1933801.013862  -305215.867139
         1357.125000  -219191.153480 -1933802.839481  -305212.928733
         1357.218750  -219195.713683 -1933781.766333  -305211.927732
         1357.312500  -219195.926550 -1933786.597895  -305213.955219
         1357.406250  -219195.702182 -1933786.860066  -305214.032192
         1357.500000  -219195.926550 -1933786.980002  -305214.277700
         1357.625000  -219195.477814 -1933787.122238  -305214.109165
         1357.718750  -219195.029077 -1933787.073421  -305213.779388
         1357.812500  -219195.253445 -1933787.193357  -305214.024897
         1357.906250  -219195.477814 -1933787.695399  -305214.592887
         1358.000000  -219195.253445 -1933787.384410  -305214.186138
         1358.125000  -219195.025244 -1933788.198172  -305213.997153
         1358.218750  -219190.275175 -1933791.768597  -305206.665617
         1358.312500  -219188.560733 -1933786.867860  -305216.736291
         1358.406250  -219188.340199 -1933786.769495  -305217.240462
         1358.500000  -219188.568401 -1933785.955733  -305217.429447
         1358.625000  -219188.788935 -1933786.245152  -305217.086517
         1358.718750  -219188.568401 -1933785.573626  -305217.106966
         1358.812500  -219189.009470 -1933785.770356  -305216.098623
         1358.906250  -219188.785102 -1933785.459368  -305215.691874
         1359.000000  -219188.781268 -1933786.393065  -305215.748397
         1359.125000  -219188.367034 -1933783.481524  -305219.585889
         1359.218750  -219188.359366 -1933784.393651  -305218.892733
         1359.312500  -219188.564567 -1933785.934163  -305216.679767
         1359.406250  -219189.450539 -1933782.146017  -305211.865466
         1359.500000  -219189.218504 -1933783.320316  -305211.249282
         1359.625000  -219189.431372 -1933784.712915  -305210.374436
         1359.718750  -219192.348159 -1933764.109869  -305194.862123
         1359.812500  -219192.119957 -1933767.216273  -305196.608027
         1359.906250  -219192.340492 -1933768.652012  -305197.232540
         1360.000000  -219192.116123 -1933770.824718  -305198.921921
         1360.125000  -219192.116123 -1933771.779986  -305199.728124
         1360.218750  -219191.887922 -1933773.166908  -305200.022862
         1360.312500  -219192.112290 -1933774.242111  -305201.074574
         1360.406250  -219191.887922 -1933774.313229  -305200.990306
         1360.500000  -219191.891755 -1933773.379532  -305200.933782
         1360.625000  -219190.321177 -1933784.767408  -305209.534629
         1360.718750  -219190.100643 -1933784.477989  -305209.877560
         1360.812500  -219190.100643 -1933784.669043  -305210.038800
         1360.906250  -219189.880108 -1933784.188571  -305210.220490
         1361.000000  -219191.903256 -1933768.094745  -305198.668082
         1361.125000  -219191.907089 -1933766.396834  -305197.966595
         1361.218750  -219192.135291 -1933764.436751  -305197.188136
         1361.312500  -219192.139125 -1933762.547787  -305196.325408
         1361.406250  -219192.367327 -1933760.396651  -305195.385708
         1361.500000  -219192.367327 -1933760.014544  -305195.063227
         1361.625000  -219200.703454 -1933767.321023  -305213.151533
         1361.718750  -219201.156024 -1933766.436143  -305213.424786
         1361.812500  -219201.384226 -1933765.431327  -305213.452530
         1361.906250  -219201.384226 -1933764.858167  -305212.968808
         1362.000000  -219202.741936 -1933764.878274  -305216.045936
         1362.125000  -219203.190672 -1933764.544984  -305216.053231
         1362.218750  -219203.415040 -1933764.473865  -305216.137499
         1362.312500  -219203.643242 -1933763.851157  -305216.487725
         1362.406250  -219203.643242 -1933763.660103  -305216.326484
         1362.500000  -219203.643242 -1933763.469050  -305216.165243
         1362.625000  -219203.867610 -1933763.206878  -305216.088270
         1362.718750  -219214.455087 -1933770.991635  -305237.486060
         1362.812500  -219214.907657 -1933771.062022  -305238.565516
         1362.906250  -219215.808964 -1933771.181226  -305239.974749
         1363.000000  -219194.622510 -1933757.075429  -305196.220056
         1363.125000  -219194.622510 -1933757.648589  -305196.703778
         1363.218750  -219194.394308 -1933758.080245  -305196.192312
         1363.312500  -219194.394308 -1933758.462351  -305196.514793
         1363.406250  -219194.169940 -1933758.342416  -305196.269285
         1363.500000  -219213.101211 -1933772.330472  -305236.287297
         1363.625000  -219213.097377 -1933772.308902  -305235.537617
         1363.718750  -219213.998684 -1933773.192319  -305237.591812
         1363.812500  -219214.002517 -1933773.022836  -305238.180252
         1363.906250  -219214.675622 -1933773.000535  -305238.594296
         1364.000000  -219214.451254 -1933772.880599  -305238.348787
         1364.125000  -219200.703454 -1933762.735740  -305209.281756
         1364.218750  -219177.064283 -1933792.676609  -305204.039241
         1364.312500  -219177.288651 -1933792.414437  -305203.962269
         1364.406250  -219188.553066 -1933788.544201  -305216.688098
         1364.500000  -219178.866896 -1933791.768696  -305205.890263
         1364.625000  -219178.189958 -1933792.342587  -305205.210261
         1364.718750  -219178.414326 -1933792.653576  -305205.617010
         1364.812500  -219177.961756 -1933793.538456  -305205.343757
         1364.906250  -219177.737388 -1933793.800628  -305205.420730
         1365.000000  -219177.284818 -1933794.112348  -305204.663755
         1365.125000  -219177.493852 -1933794.910216  -305202.555507
         1365.218750  -219176.813080 -1933796.035699  -305201.609547
         1365.312500  -219176.809246 -1933796.014128  -305200.859867
         1365.406250  -219177.257983 -1933795.680838  -305200.867162
         1365.500000  -219177.033615 -1933795.751957  -305200.782894
         1365.625000  -219177.254149 -1933795.850321  -305200.278723
         1365.718750  -219177.250316 -1933796.210858  -305199.851524
         1365.812500  -219177.246482 -1933796.571395  -305199.424326
         1365.906250  -219177.467017 -1933796.669760  -305198.920155
         1366.000000  -219177.238815 -1933796.910362  -305198.247447
         1366.125000  -219177.455516 -1933797.560317  -305197.477318
         1366.218750  -219177.455516 -1933797.560317  -305197.477318
         1366.312500  -219177.451683 -1933797.729800  -305196.888879
         1366.406250  -219177.447849 -1933798.090337  -305196.461681
         1366.500000  -219175.996111 -1933794.862611  -305215.403347
         1366.625000  -219177.645383 -1933799.014548  -305192.265633
         1366.718750  -219177.641549 -1933799.375085  -305191.838435
         1366.812500  -219177.192813 -1933799.517321  -305191.669899
         1366.906250  -219177.417181 -1933799.064096  -305191.431685
         1367.000000  -219171.531748 -1933789.345421  -305212.250163
         1367.125000  -219171.531748 -1933789.345421  -305212.250163
         1367.218750  -219171.535581 -1933789.175938  -305212.838603
         1367.312500  -219171.535581 -1933789.175938  -305212.838603
         1367.406250  -219171.315047 -1933788.886519  -305213.181533
         1367.500000  -219171.315047 -1933788.886519  -305213.181533
         1367.625000  -219171.315047 -1933788.886519  -305213.181533
         1367.718750  -219171.090678 -1933789.148691  -305213.258506
         1367.812500  -219170.870144 -1933788.859273  -305213.601437
         1367.906250  -219171.090678 -1933789.148691  -305213.258506
         1368.000000  -219168.060696 -1933782.363531  -305226.724883
         1368.125000  -219174.356530 -1933794.781123  -305201.157993
         1368.218750  -219174.580898 -1933794.710004  -305201.242261
         1368.312500  -219174.580898 -1933794.710004  -305201.242261
         1368.406250  -219174.797599 -1933795.168906  -305200.310891
         1368.500000  -219174.573231 -1933795.431078  -305200.387864
         1368.625000  -219168.288898 -1933782.122929  -305227.397590
         1368.718750  -219174.801433 -1933794.999423  -305200.899330
         1368.812500  -219175.238669 -1933795.556689  -305199.463789
         1368.906250  -219175.679738 -1933795.753419  -305198.455446
         1369.000000  -219175.904106 -1933795.682301  -305198.539714
         1369.125000  -219175.900273 -1933795.851784  -305197.951274
         1369.218750  -219168.741468 -1933781.238048  -305227.670843
         1369.312500  -219176.120808 -1933796.141203  -305197.608344
         1369.406250  -219176.561877 -1933796.528986  -305196.761242
         1369.500000  -219176.341342 -1933796.430621  -305197.265413
         1369.625000  -219176.341342 -1933796.239568  -305197.104172
         1369.718750  -219176.337509 -1933796.600104  -305196.676974
         1369.812500  -219168.737634 -1933781.598585  -305227.243644
         1369.906250  -219177.219647 -1933797.184618  -305194.821529
         1370.000000  -219176.774745 -1933797.157371  -305195.241433
         1370.125000  -219196.812523 -1933771.537594  -305199.627714
         1370.218750  -219197.253592 -1933771.734324  -305198.619371
         1370.312500  -219197.694661 -1933771.931054  -305197.611029
         1370.406250  -219177.259794 -1933773.525021  -305225.181402
         1370.500000  -219205.246511 -1933771.565321  -305187.578666
         1370.625000  -219205.025976 -1933771.275903  -305187.921596
         1370.718750  -219204.364372 -1933770.980808  -305189.434110
         1370.812500  -219203.474566 -1933771.117368  -305190.435158
         1370.906250  -219202.588594 -1933771.084445  -305192.024645
         1371.000000  -219202.143691 -1933770.866145  -305192.283308
         1371.125000  -219201.702621 -1933770.669415  -305193.291651
         1371.218750  -219201.261552 -1933770.472685  -305194.299994
         1371.312500  -219200.588447 -1933771.068147  -305194.369672
         1371.406250  -219200.588447 -1933771.068147  -305194.369672
         1371.500000  -219201.033350 -1933771.286447  -305194.111009
         1371.625000  -219200.812816 -1933770.997029  -305194.453939
         1371.718750  -219201.037184 -1933771.116964  -305194.699448
         1371.812500  -219200.812816 -1933771.379136  -305194.776421
         1371.906250  -219201.257719 -1933771.597436  -305194.517758
         1372.000000  -219201.257719 -1933771.406382  -305194.356517
         1372.125000  -219201.482087 -1933771.335264  -305194.440785
         1372.218750  -219201.702621 -1933771.624683  -305194.097855
         1372.312500  -219201.702621 -1933771.624683  -305194.097855
         1372.406250  -219201.253885 -1933772.149026  -305194.251800
         1372.500000  -219199.903842 -1933774.082594  -305194.286439
         1372.625000  -219199.458939 -1933774.055347  -305194.706343
         1372.718750  -219182.128914 -1933795.851130  -305191.750143
         1372.812500  -219181.455809 -1933796.637645  -305191.981062
         1372.906250  -219180.782705 -1933797.424160  -305192.211981
         1373.000000  -219180.333968 -1933798.139558  -305192.527167
         1373.125000  -219180.566003 -1933796.965259  -305193.143351
         1373.218750  -219180.566003 -1933797.156312  -305193.304591
         1373.312500  -219180.569837 -1933796.795775  -305193.731790
         1373.406250  -219180.349302 -1933796.697411  -305194.235961
         1373.500000  -219180.573671 -1933796.435239  -305194.158988
         1373.625000  -219180.798039 -1933796.364120  -305194.243256
         1373.718750  -219180.353136 -1933796.336874  -305194.663160
         1373.812500  -219180.801872 -1933796.194637  -305194.831695
         1373.906250  -219181.030074 -1933795.571928  -305195.181921
         1374.000000  -219181.033908 -1933795.211392  -305195.609119
         1374.125000  -219180.813373 -1933795.113027  -305196.113291
         1374.218750  -219181.037741 -1933795.041908  -305196.197559
         1374.312500  -219181.041575 -1933794.490318  -305196.463516
         1374.406250  -219198.375433 -1933772.525053  -305200.008155
         1374.500000  -219197.481794 -1933773.022150  -305200.582004
         1374.625000  -219197.029224 -1933773.907030  -305200.308752
         1374.718750  -219196.584321 -1933773.879784  -305200.728655
         1374.812500  -219196.363786 -1933773.972472  -305201.394067
         1374.906250  -219179.029928 -1933796.128791  -305198.010669
         1375.000000  -219179.258129 -1933795.697136  -305198.522136
         1375.125000  -219178.813226 -1933795.669889  -305198.942039
         1375.218750  -219178.596525 -1933795.210988  -305199.873409
         1375.312500  -219178.596525 -1933795.402041  -305200.034650
         1375.406250  -219178.375991 -1933795.303676  -305200.538821
         1375.500000  -219178.155456 -1933795.014258  -305200.881752
         1375.625000  -219178.155456 -1933795.205311  -305201.042993
         1375.718750  -219178.159289 -1933794.844775  -305201.470191
         1375.812500  -219178.163123 -1933794.484238  -305201.897390
         1375.906250  -219177.942588 -1933794.385873  -305202.401561
         1376.000000  -219177.942588 -1933794.385873  -305202.401561
         1376.125000  -219177.946422 -1933794.025336  -305202.828760
         1376.218750  -219177.950255 -1933793.855853  -305203.417199
         1376.312500  -219177.729721 -1933793.757488  -305203.921370
         1376.406250  -219177.505352 -1933794.019660  -305203.998343
         1376.500000  -219177.056616 -1933794.352950  -305203.991048
         1376.625000  -219177.060450 -1933793.992413  -305204.418247
         1376.718750  -219177.060450 -1933793.992413  -305204.418247
         1376.812500  -219177.064283 -1933793.440823  -305204.684204
         1376.906250  -219177.064283 -1933793.440823  -305204.684204
         1377.000000  -219191.249319 -1933775.293876  -305207.968344
         1377.125000  -219191.024951 -1933775.556048  -305208.045317
         1377.218750  -219191.024951 -1933775.556048  -305208.045317
         1377.312500  -219191.028784 -1933775.004457  -305208.311275
         1377.406250  -219190.804416 -1933775.457683  -305208.549489
         1377.500000  -219190.131311 -1933776.053145  -305208.619167
         1377.625000  -219190.355679 -1933775.982026  -305208.703434
         1377.718750  -219189.458206 -1933776.648607  -305208.688844
         1377.812500  -219189.233838 -1933776.910779  -305208.765817
         1377.906250  -219189.682575 -1933776.577488  -305208.773112
         1378.000000  -219189.910776 -1933775.954780  -305209.123338
         1378.125000  -219192.165960 -1933781.422018  -305217.374760
         1378.218750  -219192.394161 -1933780.990363  -305217.886226
         1378.312500  -219184.591109 -1933778.028313  -305219.845469
         1378.406250  -219185.039845 -1933777.695023  -305219.852764
         1378.500000  -219183.701303 -1933776.636446  -305219.556591
         1378.625000  -219182.525792 -1933782.421659  -305213.476954
         1378.718750  -219182.750160 -1933782.159487  -305213.399981
         1378.812500  -219182.753994 -1933781.798951  -305213.827180
         1378.906250  -219183.202730 -1933781.274607  -305213.673234
         1379.000000  -219181.407784 -1933779.741966  -305211.225443
         1379.125000  -219181.852687 -1933779.769212  -305210.805540
         1379.218750  -219181.628319 -1933779.840331  -305210.721272
         1379.312500  -219177.392157 -1933787.647335  -305219.688887
         1379.406250  -219176.939587 -1933788.150108  -305219.093153
         1379.500000  -219177.342321 -1933790.041671  -305212.200418
         1379.625000  -219175.813912 -1933787.719916  -305217.277171
         1379.718750  -219176.490851 -1933786.763917  -305217.634691
         1379.812500  -219176.266482 -1933787.026089  -305217.711664
         1379.906250  -219176.266482 -1933787.026089  -305217.711664
         1380.000000  -219176.487017 -1933787.315508  -305217.368733
         1380.125000  -219176.711385 -1933787.053336  -305217.291760
         1380.218750  -219176.483183 -1933787.676044  -305216.941535
         1380.312500  -219176.483183 -1933787.676044  -305216.941535
         1380.406250  -219178.947401 -1933791.266402  -305220.827338
         1380.500000  -219178.943567 -1933791.817992  -305220.561380
         1380.625000  -219179.848707 -1933791.003499  -305221.914089
         1380.718750  -219179.171769 -1933791.768444  -305221.395328
         1380.812500  -219179.624339 -1933791.265671  -305221.991062
         1380.906250  -219179.620505 -1933791.626207  -305221.563864
         1381.000000  -219179.848707 -1933791.194552  -305222.075330
         1381.125000  -219179.852541 -1933790.834015  -305222.502528
         1381.218750  -219180.076909 -1933790.762897  -305222.586796
         1381.312500  -219179.856374 -1933790.664532  -305223.090968
         1381.406250  -219179.403804 -1933790.976252  -305222.333993
         1381.500000  -219179.175602 -1933791.407907  -305221.822526
         1381.625000  -219179.179436 -1933791.238424  -305222.410966
         1381.718750  -219178.955068 -1933791.309542  -305222.326698
         1381.812500  -219179.187103 -1933790.708404  -305223.426603
         1381.906250  -219179.639673 -1933790.205630  -305224.022338
         1382.000000  -219180.061575 -1933790.485563  -305219.426836
         1382.125000  -219179.616672 -1933790.458316  -305219.846739
         1382.218750  -219180.297444 -1933789.523888  -305220.953940
         1382.312500  -219180.297444 -1933789.523888  -305220.953940
         1382.406250  -219180.069242 -1933789.764489  -305220.281233
         1382.500000  -219180.525645 -1933787.945912  -305220.497962
         1382.625000  -219180.301277 -1933787.825977  -305220.252453
         1382.718750  -219180.734680 -1933788.552727  -305218.228473
         1382.812500  -219180.514145 -1933788.645415  -305218.893885
         1382.906250  -219180.514145 -1933788.645415  -305218.893885
         1383.000000  -219185.252713 -1933775.457606  -305215.914344
         1383.125000  -219185.480915 -1933774.834898  -305216.264569
         1383.218750  -219180.301277 -1933788.017030  -305220.413694
         1383.312500  -219180.305111 -1933787.656493  -305220.840892
         1383.406250  -219180.099910 -1933787.453356  -305224.182543
         1383.500000  -219179.879376 -1933787.163937  -305224.525474
         1383.625000  -219184.393575 -1933774.238300  -305221.622905
         1383.718750  -219184.169207 -1933774.309418  -305221.538638
         1383.812500  -219184.165374 -1933774.861009  -305221.272680
         1383.906250  -219184.393575 -1933774.238300  -305221.622905
         1384.000000  -219183.952506 -1933774.041570  -305222.631248
         1384.125000  -219183.956339 -1933773.681033  -305223.058447
         1384.218750  -219183.948672 -1933774.593160  -305222.365290
         1384.312500  -219183.499936 -1933774.926451  -305222.357996
         1384.406250  -219183.499936 -1933775.117504  -305222.519236
         1384.500000  -219183.279401 -1933775.019139  -305223.023408
         1384.625000  -219183.716637 -1933775.385352  -305221.426626
         1384.718750  -219183.712804 -1933775.745889  -305220.999427
         1384.812500  -219183.476935 -1933776.898618  -305219.633564
         1384.906250  -219183.252566 -1933777.160790  -305219.710537
         1385.000000  -219183.480768 -1933776.538081  -305220.060762
         1385.125000  -219183.929505 -1933776.204791  -305220.068057
         1385.218750  -219184.374408 -1933776.232037  -305219.648154
         1385.312500  -219186.389888 -1933777.480937  -305221.269292
         1385.406250  -219188.827271 -1933776.143966  -305215.876317
         1385.500000  -219185.005343 -1933787.817779  -305221.812644
         1385.625000  -219184.328405 -1933788.773777  -305221.455123
         1385.718750  -219183.655300 -1933789.369239  -305221.524801
         1385.812500  -219183.206564 -1933789.893583  -305221.678747
         1385.906250  -219182.305257 -1933790.156486  -305220.591996
         1386.000000  -219181.632153 -1933790.560895  -305220.500433
         1386.125000  -219177.353822 -1933789.533221  -305213.965735
         1386.218750  -219177.129453 -1933789.795393  -305214.042708
         1386.312500  -219176.908919 -1933789.505975  -305214.385639
         1386.406250  -219176.908919 -1933789.697028  -305214.546880
         1386.500000  -219176.908919 -1933789.888082  -305214.708120
         1386.625000  -219179.841040 -1933790.769305  -305220.253489
         1386.718750  -219180.289777 -1933790.818122  -305220.583265
         1386.812500  -219180.517978 -1933790.768573  -305221.417213
         1386.906250  -219180.293610 -1933790.839692  -305221.332945
         1387.000000  -219180.073075 -1933790.550273  -305221.675876
         1387.125000  -219179.624339 -1933790.692510  -305221.507340
         1387.218750  -219179.399971 -1933790.763629  -305221.423072
         1387.312500  -219179.399971 -1933790.763629  -305221.423072
         1387.406250  -219179.175602 -1933790.834747  -305221.338804
         1387.500000  -219178.955068 -1933790.545328  -305221.681735
         1387.625000  -219178.506331 -1933790.496512  -305221.351959
         1387.718750  -219178.730699 -1933790.616447  -305221.597467
         1387.812500  -219179.179436 -1933790.665264  -305221.927244
